Layer,Area_um_sq,Area_um_sq,Area_um_sq,Area_um_sq,Area_um_sq,Area_um_sq,Area_um_sq,Area_um_sq
,count,mean,std,min,25%,50%,75%,max
Basal,2860.0,0.17836381538461538,0.1453090751325138,0.011583999999999999,0.079728,0.13075199999999998,0.23321599999999998,1.35936
Proximal,4007.0,0.15705647916146745,0.13962974625100777,0.011583999999999999,0.072992,0.112384,0.188992,1.512768
Distal,6299.0,0.20605437561517698,0.1911463508991464,0.010176,0.08755199999999999,0.145024,0.254336,1.969088
