,SO,SR,SLM
Area,0.28338793,0.23294125,0.34064228
Count,0.92314746,0.94165279,0.9372021
