index,CTL,cKO
SR vs SLM,0.8286009300000001,0.8861025200000001
SO vs SLM,0.50581569,0.6289142299999998
SO vs SR,0.20942036,0.23669701999999995
