CA2,CA2,CA2,CA1,CA1,CA1
Basal,Proximal,Distal,Basal,Proximal,Distal
0.379816,0.696736,1.017794,0.942416,1.2880639999999999,0.346208
0.908802,0.631382,1.35413,0.620454,0.2934,1.0728499999999999
0.23914,0.691158,0.709662,0.9182960000000001,0.440654,0.713272
0.367614,0.680534,1.19144,0.980908,0.587006,0.749798
2.7164720000000004,1.4242979999999998,0.59427,0.450564,2.001234,0.358022
1.013164,4.420938,1.401372,0.684002,1.088016,1.5807259999999999
0.66854,0.6321939999999999,0.968836,0.485572,0.5423239999999999,0.563848
0.944848,0.527394,0.9624900000000001,0.49594,0.73129,1.14147
0.5490539999999999,0.76285,0.503492,0.5381440000000001,0.865842,0.5374800000000001
0.5748920000000001,1.2131800000000001,0.543784,0.51255,0.4328,1.054142
0.5606319999999999,0.384832,0.673076,0.5313,0.909484,0.911562
0.728,0.785644,1.311576,0.935694,0.74846,0.39468400000000003
0.47833800000000004,0.398156,0.694058,0.801172,0.483176,1.071412
0.514308,0.822172,0.567566,0.633066,0.8400540000000001,0.626804
1.054434,1.1088019999999998,0.787828,0.882344,0.412646,1.2931119999999998
0.729704,0.448896,2.922518,0.29415600000000003,0.521294,2.573134
0.45113600000000004,3.561518,0.764158,0.878728,0.9868020000000001,0.621742
0.31802600000000003,0.6922,0.629212,0.318496,0.369388,0.811424
0.660876,0.514996,0.5368379999999999,0.790342,0.724942,1.392678
0.605194,2.8734800000000003,1.229174,0.83605,0.363236,1.020832
1.703102,3.4366260000000004,0.697882,1.8819780000000002,0.6311420000000001,0.8964300000000001
0.5165299999999999,0.780802,0.526908,0.52093,1.230038,0.970674
0.54847,0.42643200000000003,5.149516,0.351392,0.557078,0.3644
0.867052,0.452548,0.869908,0.700472,0.777506,1.056804
0.322894,0.42415600000000003,0.839354,0.423368,1.0659480000000001,0.475046
0.595022,0.261602,1.0023980000000001,1.25437,0.515958,0.587732
0.39517,0.827566,1.080084,0.569678,0.36499400000000004,0.40826
0.6276079999999999,0.40154199999999995,1.108166,0.39727,0.51648,0.89303
0.61072,0.35777,0.355848,0.441438,0.76483,0.54799
0.7874140000000001,3.4645540000000006,0.6956,0.485242,0.441438,0.481664
1.23522,0.7685879999999999,1.233388,0.590596,0.826268,0.845506
0.632608,0.664678,0.79271,0.37608600000000003,1.409138,0.408044
1.3358320000000001,0.5700000000000001,1.2238060000000002,0.446268,0.595964,0.659408
0.813616,0.221278,1.599432,0.31321,0.5392319999999999,0.506616
0.26585000000000003,0.478464,0.766042,0.939548,0.757638,0.861954
0.847502,1.332404,5.737126,0.384666,1.675958,0.652922
0.29944600000000005,0.54231,0.350342,0.7291880000000001,0.406964,0.775848
2.576896,0.55956,2.992408,0.786804,0.575726,0.8483980000000001
0.284486,1.39729,0.422412,0.6043339999999999,0.7501680000000001,0.68567
0.41951,0.709932,0.491202,0.9581520000000001,0.49914,0.534452
1.451014,0.36096,1.657478,1.165684,0.44481400000000004,0.717908
0.567492,0.440876,0.275856,0.93352,0.492476,0.33906400000000003
0.284008,1.0362339999999999,1.3454300000000001,0.708308,0.382942,0.935418
0.89346,0.8612200000000001,1.95059,1.228784,1.393126,2.289254
1.087558,0.42177800000000004,0.902852,0.522552,0.294054,0.484086
1.1156780000000002,0.49938,0.29288200000000003,0.635688,1.038424,0.737564
1.092988,1.014252,2.013758,0.392902,0.372542,0.8641300000000001
1.61806,0.910174,0.263492,0.47711200000000004,1.09165,0.330412
1.0678539999999999,0.644236,0.321726,0.495084,0.33624400000000004,0.360272
0.7489439999999999,0.677492,0.412238,0.505018,0.47977,0.43352
0.995372,0.705354,0.44158400000000003,0.771722,0.433848,0.598014
0.7342200000000001,0.838524,0.403292,0.40826,0.40208,1.931378
0.421166,0.342706,0.538906,0.483144,6.166129999999999,0.6247720000000001
0.478752,0.676618,1.948886,1.52423,0.50259,0.43527
0.680132,1.358174,0.577584,0.80222,0.51241,0.7356
0.46113400000000004,1.09081,2.359198,0.507594,0.7060460000000001,1.7916880000000002
0.869502,3.4577600000000004,1.202472,0.552568,0.799212,1.1595540000000002
1.1907,0.511988,0.559142,0.583112,0.833204,0.627764
0.452428,1.27504,0.190378,0.6287,0.628028,0.43584
0.28895,1.091768,0.21523,0.333928,0.7969940000000001,0.57355
0.389178,0.6235539999999999,1.46979,0.6912480000000001,0.9046040000000001,0.372864
1.187484,0.7220420000000001,0.724566,0.6129439999999999,0.607322,0.82369
1.266204,1.226138,1.6800760000000001,0.8760359999999999,0.468158,1.627012
0.481332,0.951346,0.470426,0.707656,0.580776,1.195032
0.323976,0.424948,1.240914,0.503746,0.964456,0.42643200000000003
0.837054,0.6162240000000001,0.724832,0.982274,1.018314,0.494792
0.600536,0.919478,2.0416440000000002,0.7668740000000001,0.619936,0.476642
1.305892,0.359694,0.9774740000000001,0.566194,0.6214339999999999,0.485078
1.872946,0.410644,0.784652,1.3119100000000001,0.825806,2.643076
0.590268,4.531186,0.92479,0.780126,0.45845,3.330944
0.717016,0.966528,0.47168200000000005,0.32756599999999997,0.629568,1.6974680000000002
0.41937599999999997,0.7892480000000001,0.32890800000000003,0.359556,4.7348479999999995,0.766426
2.4799140000000004,2.213766,0.45452800000000004,0.43473200000000006,1.492758,0.675352
0.493478,0.545046,0.69368,1.56898,0.58641,0.796756
1.2370940000000001,0.42513,0.39283999999999997,0.987606,0.5671860000000001,0.46234600000000003
0.368896,4.83569,1.081896,1.22098,0.614186,0.236686
0.9582999999999999,0.690858,0.665266,1.611736,0.707314,0.561616
0.498546,0.36339,1.587846,1.013192,0.621974,0.513062
0.8764500000000001,0.908802,0.702012,0.538014,0.762578,0.75675
0.40857400000000005,1.089862,0.6914020000000001,0.948914,0.5340860000000001,2.0187340000000003
0.45113600000000004,0.606646,0.466274,1.7787739999999999,1.8147739999999999,0.563904
1.19846,4.269286,0.908378,0.503658,0.4272,1.034472
0.5813780000000001,1.926222,0.782594,0.524004,0.43562,0.9523020000000001
0.49673,0.702012,2.790992,0.761506,0.8551040000000001,0.71493
0.49697,0.45407000000000003,0.49944400000000005,1.843464,0.7422799999999999,0.381182
0.36776600000000004,0.635232,1.116396,0.506596,1.191256,1.079202
0.57238,0.579492,1.05868,0.5661280000000001,0.532634,1.486372
0.660522,1.038424,1.2274859999999999,0.5055419999999999,0.81132,1.04346
0.7611380000000001,1.034804,0.711766,0.418306,0.550726,0.828206
3.154966,0.47711200000000004,1.0724420000000001,2.17839,0.284344,0.7038500000000001
0.22585,3.077066,0.580294,1.375018,0.571486,0.59443
0.571234,0.553206,0.42294600000000004,0.363186,0.324172,0.700472
0.931338,0.34176,0.6500220000000001,1.155518,0.450564,2.728062
1.004932,0.815414,0.5079400000000001,0.5727720000000001,0.6010019999999999,1.305144
0.375238,0.86885,0.475988,0.721146,0.9683959999999999,1.08767
0.328736,0.446788,0.488,1.22251,0.772126,1.46732
1.100932,1.373976,0.721944,1.7395360000000002,0.8725700000000001,0.319782
0.8818,0.518088,0.550726,0.44289999999999996,0.91989,0.49156400000000006
0.5263,1.4145539999999999,0.712902,0.546806,0.58288,0.590592
0.82229,0.588506,1.2316099999999999,1.0359880000000001,1.435054,1.060014
0.6061559999999999,0.672408,1.875676,0.45035000000000003,0.5052679999999999,0.392326
0.9777619999999999,0.39517,1.34676,0.446268,1.28538,0.40718000000000004
0.251078,1.263924,0.8656140000000001,0.27119,0.76154,2.18411
0.606106,0.6172880000000001,0.5452480000000001,0.834536,1.3084719999999999,0.613088
0.93962,0.384832,0.690508,0.706386,0.6176079999999999,0.29899200000000004
0.805354,0.5503640000000001,0.755506,4.320142000000001,0.5275639999999999,0.529154
0.85673,0.9178780000000001,0.5496219999999999,0.810176,0.8327140000000001,0.311082
0.94813,0.877918,0.526654,1.176416,0.637824,0.39517
1.013684,0.41704199999999997,0.9877340000000001,0.261726,2.3013339999999998,0.5338959999999999
0.741364,0.8367680000000001,1.830236,0.643394,0.921124,0.372864
1.090404,0.402632,0.524324,0.23352,0.537226,0.42977600000000005
0.39176,0.391372,0.8543540000000001,0.464314,1.35278,0.47922000000000003
0.8122659999999999,2.485544,1.5717919999999999,0.5270940000000001,0.482476,0.604546
1.4907460000000001,0.563848,0.7849,0.871968,1.348296,1.714672
0.558702,0.289254,1.287766,0.527412,0.74751,1.197124
1.4695259999999999,1.154774,0.910244,0.8841019999999999,0.544058,0.9075059999999999
0.586788,0.657608,1.238762,0.382942,0.559804,0.427818
1.2704300000000002,0.653768,0.63879,0.47781599999999996,0.929932,0.8291520000000001
0.341976,0.516034,5.032418000000001,0.5422319999999999,1.684078,0.7522260000000001
0.61791,1.13352,0.984358,0.417852,0.754972,0.4556
0.5763780000000001,1.6372080000000002,0.611898,0.321726,0.926412,0.590592
0.9528,0.5407580000000001,0.535764,0.5676100000000001,0.48887200000000003,0.469132
0.89718,0.966746,0.555932,0.359226,1.241252,0.8977480000000001
0.632608,0.7288479999999999,1.420086,0.390036,1.03567,1.254638
0.851476,0.85949,0.965352,0.492686,0.496488,0.390718
0.6085320000000001,3.7146800000000004,0.483794,0.425456,1.55473,0.568168
0.696842,1.0759120000000002,1.248828,0.4844,2.575274,0.353638
1.263284,0.35057,0.875918,0.490832,0.640516,0.42012
1.1831180000000001,0.435698,1.6384,0.657344,0.35506,0.32329
0.846894,0.978408,1.02472,0.39440600000000003,0.412646,0.46769600000000006
0.8981760000000001,0.906862,1.1800760000000001,0.31923,2.39069,0.9228500000000001
0.400524,0.32703,0.66534,6.446738000000001,0.7316520000000001,1.0847280000000001
0.578218,0.77501,0.6765700000000001,0.931006,0.728044,0.322094
0.665924,0.469552,0.799002,0.29944600000000005,0.639014,0.6413139999999999
0.436716,1.68459,0.489506,0.7283540000000001,0.9801660000000001,0.7451760000000001
0.38463400000000003,2.297902,0.8605119999999999,0.32249,0.438544,0.342024
0.5949679999999999,1.511128,1.694778,0.37226400000000004,1.039664,1.6928
0.880938,1.3870280000000001,0.452306,1.461414,0.48352,1.174674
1.128114,0.6546000000000001,0.7377619999999999,3.70519,1.007682,0.33455
1.317186,0.543342,0.6447480000000001,0.538818,0.695612,0.562086
1.106174,0.7623780000000001,0.939976,0.361734,0.367722,0.79204
0.853756,1.576702,0.5994299999999999,0.43352,0.470982,0.33320800000000006
1.184568,0.7337899999999999,0.705024,0.600564,0.73864,0.41804399999999997
1.3979840000000001,1.850522,1.0585,0.6113099999999999,0.551014,0.860384
0.4728,0.419796,0.651496,0.29976600000000003,0.552568,2.798384
0.8122659999999999,1.1591900000000002,0.748132,0.237024,0.736198,1.115526
0.660212,2.66057,0.243704,0.56211,0.5394840000000001,0.40631599999999995
0.797258,0.6762720000000001,1.101912,2.274418,0.418688,0.800614
0.780236,0.749666,0.234648,0.45113600000000004,0.5431760000000001,0.48087
1.2241579999999999,0.568862,0.714716,0.367744,0.6720499999999999,1.0536079999999999
0.900482,1.181518,0.23769800000000002,0.6019160000000001,0.979684,0.570406
1.30584,0.248128,1.746514,0.583798,1.776554,0.43081400000000003
0.832868,3.574958,0.6972659999999999,0.5700000000000001,0.446664,0.514618
0.83296,0.21246199999999998,0.546058,0.27212400000000003,0.579092,0.378866
0.234136,0.688968,0.88352,0.9903540000000001,0.38998000000000005,0.51125
0.928694,1.1038720000000002,0.963006,0.760308,0.8389059999999999,1.156684
0.6787540000000001,0.7604980000000001,0.974074,0.957682,0.7044539999999999,0.41951
0.41299,1.960996,0.31435,0.242924,1.21292,1.169152
0.466274,0.495176,0.533846,1.088118,0.634656,0.57238
0.610364,0.584208,0.236686,0.48325599999999996,0.29192399999999996,0.5401079999999999
0.7458060000000001,0.577442,2.143224,0.3885,0.410818,1.062346
0.913294,0.5236799999999999,0.38181200000000004,0.494842,1.2809000000000001,0.9682379999999999
1.119542,1.2927780000000002,0.35057,1.9731040000000002,0.988732,0.37064800000000003
0.393024,0.38369200000000003,0.37215,0.32129800000000003,0.47168200000000005,0.8613500000000001
0.806772,1.08352,0.442596,0.9824700000000001,0.8428260000000001,1.082334
0.383416,0.64498,0.387412,0.547654,0.796782,0.926936
0.373894,1.09856,0.31249400000000005,0.49793200000000004,0.45326,0.603884
0.445892,0.33316,2.030204,0.463436,0.550408,2.92579
0.734084,2.105642,0.897466,0.8817440000000001,2.1940359999999997,0.362794
2.066166,1.8064440000000002,0.26163400000000003,0.9862759999999999,0.5546920000000001,0.447666
0.96455,0.545062,0.77666,0.49176,0.7532340000000001,0.992542
0.639552,0.5926520000000001,0.806436,0.39962400000000003,0.703434,0.76932
0.811578,0.668566,0.43825200000000003,0.519312,1.1083859999999999,0.574442
1.1014620000000002,1.894684,0.762514,0.951768,0.6218579999999999,0.521648
0.5492859999999999,2.50115,0.5468160000000001,1.2060060000000001,2.743522,0.359026
1.213144,3.052624,0.707664,0.57171,0.603774,1.075002
0.951428,0.34160199999999996,0.688316,0.589526,0.61854,0.42585
0.677548,0.754488,0.932354,2.910442,0.33553,0.321926
1.2945440000000001,0.782828,0.27687599999999996,0.48155200000000004,0.270702,0.35967200000000005
0.66995,1.688854,0.75213,0.823068,0.559646,0.773976
0.6230760000000001,0.37899400000000005,0.36162400000000006,0.370842,0.577584,1.4192760000000002
0.583126,0.759276,1.94176,0.6056699999999999,0.379816,0.44612599999999997
0.7614120000000001,0.55501,0.87675,0.984822,2.073504,0.557512
0.559102,1.500256,0.8165420000000001,1.6038799999999998,0.406178,0.66044
1.7356840000000002,1.232678,1.1691040000000001,0.315296,0.642894,1.433186
1.643256,0.450498,0.394036,0.572298,0.624324,0.5246900000000001
0.678732,0.685624,1.04752,0.6447480000000001,0.42643200000000003,0.5438120000000001
1.378324,0.888684,0.39517599999999997,0.339046,0.452518,1.369148
1.568024,0.665204,0.45042200000000004,1.007732,1.369488,0.932848
0.62482,0.40406400000000003,0.588506,0.6758460000000001,0.37215,0.809476
0.612904,0.591406,0.23249,0.8901220000000001,0.8787100000000001,0.437666
0.619228,1.909942,0.505204,0.638464,0.382414,0.501602
0.39661,0.662966,1.457364,0.543242,1.499092,4.071682
0.574042,2.3503060000000002,0.33184400000000003,0.60075,1.139238,0.397176
0.42069,0.325748,2.388112,0.32622,0.944298,0.41373000000000004
0.386,0.584882,0.8377519999999999,0.730198,1.092688,0.508476
0.874742,0.735548,1.72385,0.40824,0.31802600000000003,0.7621680000000001
0.518556,0.922084,0.2328,0.573136,0.787828,0.420438
0.405738,0.996074,0.734148,0.39836200000000005,0.530408,0.442832
0.682528,0.394548,0.50241,0.34132,0.61151,0.6495700000000001
0.9336720000000001,0.34407600000000005,1.13106,0.853904,0.546732,0.31321
0.65678,4.2530660000000005,0.7251839999999999,0.858754,0.7987040000000001,0.304402
0.906838,0.85514,0.8443339999999999,0.7790180000000001,0.367042,0.770082
0.608516,1.695062,0.70105,0.667992,0.6136079999999999,0.564868
2.07706,0.39836200000000005,1.154498,0.6975520000000001,0.455368,0.612722
0.8546,1.0059580000000001,0.484516,0.398156,0.7195560000000001,0.257992
0.39719,0.403584,0.425116,0.758328,0.43219,1.9705500000000002
0.63237,4.008306,1.0295480000000001,0.9700080000000001,1.2804980000000001,0.63285
0.552984,0.382962,1.009428,2.129398,0.317672,0.6856960000000001
0.404638,1.21377,0.933468,0.37423,0.830434,0.5768500000000001
1.04743,0.507138,1.394606,0.746932,0.38643400000000006,0.551932
0.636992,1.0681720000000001,0.498958,0.35880399999999996,0.8340380000000001,1.502432
1.5815940000000002,0.32951400000000003,0.219672,0.33736,1.196528,0.62012
0.277704,1.0693420000000002,1.2305320000000002,0.53451,0.60742,0.435698
1.352782,0.99133,0.408626,0.38201999999999997,1.525484,0.6914020000000001
0.659154,2.0907459999999998,1.1662480000000002,0.548802,0.636846,0.36239800000000005
0.794478,0.620428,0.546466,0.271646,0.642894,0.386046
0.34433800000000003,0.6936060000000001,0.20999,0.307616,0.8599160000000001,0.386808
0.3956,0.33906400000000003,1.6377359999999999,0.60742,2.334362,0.884318
0.365978,0.790868,0.44911,0.837558,0.574442,1.124984
0.8804360000000001,0.57171,0.36332400000000004,0.629364,0.48033800000000004,0.305424
0.499556,0.80186,0.923472,0.938468,0.570028,0.601414
2.238402,0.560286,0.857832,0.6895359999999999,0.34656000000000003,1.18108
1.772548,1.6694360000000001,0.964376,0.848,0.775744,0.6161620000000001
1.7862280000000001,1.125828,0.418936,0.903456,2.6988600000000003,0.570474
0.6363800000000001,0.427818,1.1834280000000001,0.43148200000000003,0.590298,0.523086
2.187294,0.9158200000000001,0.87758,0.514308,0.6512300000000001,0.59439
0.28123200000000004,0.7060420000000001,2.558426,0.41788600000000004,1.437402,0.37560000000000004
0.5558160000000001,0.5468160000000001,0.30157,0.552232,1.2239019999999998,2.6549579999999997
0.57492,1.7869420000000003,0.5468500000000001,0.559142,0.668562,2.544772
0.8923780000000001,0.885526,0.560286,0.6425940000000001,0.41521600000000003,1.6344640000000001
1.1988779999999999,1.099702,0.6951520000000001,0.403292,0.878214,0.552756
0.631838,0.346208,0.912636,0.7184880000000001,0.873506,0.30714800000000003
0.43133800000000005,0.642246,0.74905,0.643692,1.397988,0.752382
0.6858099999999999,0.4778,0.42677,0.381408,0.40995600000000004,1.9193820000000001
1.67753,0.333664,1.45971,0.7541380000000001,0.366196,0.9670599999999999
0.805504,1.0286780000000002,1.1264100000000001,0.375366,0.752928,0.35501600000000005
0.465928,0.7480979999999999,0.436716,0.28302,0.51524,0.466806
0.691138,1.0021280000000001,1.085018,1.052816,0.5492680000000001,0.721236
0.229652,2.191274,0.953656,1.071432,0.915478,0.390118
0.917074,1.197342,0.6864199999999999,0.490812,0.45075,0.397316
1.0873920000000001,0.851674,1.719838,0.40208,0.473426,1.253324
0.490036,1.3733600000000001,0.66534,0.958802,0.601066,0.694104
2.138156,1.155356,0.908918,0.5988020000000001,0.421602,4.03402
0.508932,0.43241199999999996,0.820732,0.38724200000000003,1.095206,0.33121
1.529938,0.490812,1.2328320000000001,0.39280000000000004,0.580444,0.391698
0.751362,0.767128,0.6230760000000001,1.212838,0.49555200000000005,0.411656
1.179694,0.7528940000000001,0.372864,2.522678,0.40166199999999996,0.689628
0.418616,1.74821,1.549696,0.626996,0.777918,0.44835800000000003
0.478802,0.8773160000000001,2.934338,0.545234,4.274814,0.631586
1.078616,2.1837660000000003,0.779634,0.404638,1.0777619999999999,0.35187
0.984328,1.200154,1.14724,0.443788,1.940418,0.89905
1.1295220000000001,0.5656319999999999,0.42338200000000004,0.43829199999999996,0.515756,0.33467
0.814678,0.929938,0.620966,0.45403,0.608226,1.777152
1.0089380000000001,0.891202,1.228592,0.32400599999999996,0.52197,0.33717
0.262458,0.32400599999999996,1.076114,0.623024,0.6329400000000001,1.46108
1.0613579999999998,0.487118,1.232424,0.4717,0.438544,0.8696480000000001
0.468772,1.195268,0.9884400000000001,0.340618,0.734566,1.038708
1.091496,0.723812,1.318618,0.5671860000000001,0.509922,0.691202
0.40556200000000003,0.427906,0.408044,0.9230499999999999,0.809898,1.37603
0.431356,1.757796,0.5715739999999999,0.26762,0.359694,0.6553680000000001
0.7717,1.983488,0.41083800000000004,0.4156,0.390774,0.509556
0.5112880000000001,0.49555200000000005,0.525376,0.663774,0.44229,0.5496219999999999
0.44038600000000006,5.04344,0.24891,0.6824220000000001,0.793978,0.599216
0.63309,0.592192,2.715482,0.69198,0.682962,0.40199599999999996
0.8758440000000001,1.428096,0.734534,0.367722,0.621174,0.652172
0.555528,1.344768,0.29638400000000004,0.713572,0.390512,1.1559780000000002
1.330434,0.82507,0.9143680000000001,0.283746,0.368896,0.666756
0.6923619999999999,0.643244,0.5917060000000001,0.8482580000000001,0.41299,1.561404
0.383818,0.6409560000000001,0.43538,0.75884,0.41494600000000004,0.436592
0.955894,0.631838,0.5395599999999999,0.39102,0.41183,1.374308
0.49587000000000003,0.297436,0.753954,0.583126,0.579742,0.386104
1.052534,0.403584,0.6316620000000001,1.1396359999999999,1.217554,0.7717
0.643816,0.688898,1.64493,2.1726900000000002,0.534404,1.433292
1.6387260000000001,0.70498,2.631474,0.378866,0.694554,1.7411240000000001
1.4379000000000002,2.318042,0.382078,0.957934,1.364772,0.8440019999999999
1.2815699999999999,2.064766,0.5468160000000001,0.33474200000000004,0.42360800000000004,1.146088
0.736286,0.535522,0.564836,0.510784,0.579986,2.111796
0.37064800000000003,0.3202,0.48175,0.44835800000000003,0.6279260000000001,0.376962
0.663774,1.389242,1.755704,0.511812,0.687256,0.403886
0.337882,3.994374,0.721146,0.720222,0.82052,2.49054
2.521804,0.583852,1.121484,0.8576440000000001,0.56026,0.366676
0.606418,0.5445180000000001,0.600216,0.435178,1.192608,0.942282
2.838326,0.782576,0.564784,0.8152079999999999,1.918732,0.40192
0.648854,3.092676,0.996364,0.468772,1.66667,0.345606
0.388392,1.095316,1.077032,0.405704,0.418822,0.599216
0.5169020000000001,2.271858,0.612438,0.333928,0.75597,0.455108
0.630174,0.672336,0.878846,0.392902,0.832384,0.396066
2.0662140000000004,3.399794,3.213442,0.600194,3.124216,0.912492
1.761076,1.015592,2.051176,0.410818,0.458594,0.9827
0.445624,1.049548,1.32429,0.558684,0.6200800000000001,0.589756
0.731096,0.431856,2.1446280000000004,0.41299,0.516236,0.439222
0.903072,2.59115,0.400964,0.46367200000000003,1.055974,0.32803
0.8046300000000001,0.625348,0.7084880000000001,0.49226400000000003,0.567538,1.474192
0.8342780000000001,1.624504,0.687256,0.372908,0.567736,1.1756140000000002
1.6927180000000002,0.461376,0.311724,0.749954,0.623024,0.994828
1.090404,1.5376859999999999,0.20800000000000002,0.296,0.41299,1.052722
0.481302,1.224132,0.442976,0.501602,0.7731520000000001,0.43829199999999996
0.26400799999999996,1.9555980000000002,0.277366,0.69287,1.381222,0.583264
0.793102,1.355886,1.77942,0.32622,0.910404,0.380574
0.42585,0.7644,0.6155320000000001,0.47711200000000004,0.33650599999999997,2.416524
0.499892,0.574178,1.201092,0.7111000000000001,0.601492,0.325262
1.012256,3.6119000000000003,0.375282,0.78795,0.562896,0.5245380000000001
1.5481,0.41305200000000003,0.602502,0.83672,0.639656,1.331578
0.688212,0.665892,0.758358,0.56096,1.5236020000000001,0.652674
0.3528,0.982488,0.359806,0.903528,0.74905,0.758222
0.975952,1.676932,0.6621440000000001,0.34407600000000005,0.474994,0.38848000000000005
0.7640739999999999,1.106478,1.2579680000000002,0.934378,0.345606,0.370108
0.743948,0.9563360000000001,0.340148,0.424948,0.3972,2.261378
3.085366,0.5261180000000001,2.1882539999999997,0.642884,3.753252,0.952002
0.49406400000000006,3.6983840000000003,1.5241660000000001,0.403112,1.671974,0.35542
1.1373820000000001,0.701314,1.0492380000000001,1.040094,0.476592,0.574334
0.8863399999999999,0.669292,0.477648,1.622126,0.712404,2.015814
0.76441,0.61327,0.9217920000000001,0.66811,0.546058,0.346208
0.982274,0.4728,1.199344,0.23688800000000002,1.221886,0.91051
0.957448,0.464836,0.99189,0.92586,0.787424,3.4736020000000005
0.316284,1.527654,0.8599160000000001,0.35114,0.5925,0.438676
0.349902,0.6354339999999999,1.3500820000000002,0.7667820000000001,1.03951,0.35501600000000005
0.2419,0.28999400000000003,0.579744,0.58686,0.7460420000000001,0.7076720000000001
0.962532,0.759368,0.476798,0.35880399999999996,0.344702,0.964268
1.311528,0.386082,0.599176,2.125812,0.548336,0.852116
0.884084,0.768814,0.590932,1.3278320000000001,1.48699,1.1439380000000001
1.067642,2.6445,0.481664,1.310198,0.41538400000000003,0.7019880000000001
1.7937079999999999,0.734534,0.6132920000000001,0.548336,0.465296,0.537226
0.484664,0.517042,3.361078,0.7678780000000001,0.34465,0.418708
0.35880399999999996,0.835188,1.245018,0.422512,0.583414,0.921252
0.49944400000000005,3.071122,1.824658,0.444004,0.5850299999999999,1.140044
0.392902,0.44843200000000005,2.355978,0.352324,0.612486,0.680944
0.418306,0.39223,2.144754,3.18606,0.36922000000000005,0.481664
0.321702,0.646298,0.20342,0.557856,0.40400400000000003,0.751194
0.45880200000000004,0.9666440000000001,0.7024320000000001,0.84181,0.326828,1.534248
0.613088,0.306104,0.7801119999999999,0.5406259999999999,0.662988,0.557078
0.81286,1.8952360000000001,1.144484,0.696842,0.695816,0.5946420000000001
0.562896,0.3982,0.545234,0.768324,0.46572600000000003,0.511812
0.559218,0.398156,0.6914020000000001,0.86827,0.6235539999999999,0.640078
0.20635,1.607338,0.43007,0.534134,0.419204,0.652518
0.7082140000000001,2.1895780000000005,1.014488,0.394548,1.2172779999999999,0.577886
1.054128,0.489576,1.38032,0.37736000000000003,0.27411599999999997,1.3839839999999999
0.5236839999999999,0.44843200000000005,0.991372,0.28844400000000003,0.384884,1.454666
0.9293300000000001,0.988722,0.483176,0.376898,0.875148,0.54799
0.505384,0.488086,0.721434,0.883086,0.34204,0.22285400000000002
1.835808,0.930798,1.1133320000000002,0.630456,0.414236,2.081102
0.442944,1.612162,0.914472,0.610574,0.614912,1.276872
0.29492399999999996,1.358824,1.278468,0.948914,0.631586,0.703036
0.588956,1.08809,0.993492,0.5671860000000001,0.635232,0.653682
0.5406259999999999,1.1947619999999999,3.040108,0.37560000000000004,0.37560000000000004,0.86673
0.8993739999999999,0.49299400000000004,0.437958,1.4004480000000001,0.834326,0.8518939999999999
1.701958,0.768334,0.489282,0.367042,0.705862,1.6794959999999999
0.742722,0.655882,0.560286,1.2145540000000001,0.44923399999999997,1.016412
1.424202,0.8226359999999999,0.61538,2.3580959999999997,0.427388,1.186376
0.7741420000000001,0.498318,0.952406,0.415928,0.358468,0.350908
0.424,1.0663,0.673312,1.134472,0.523638,0.41282
0.644438,2.192716,0.576222,0.368896,0.9946980000000001,0.530298
0.905302,0.548894,4.649848,0.965486,1.7723940000000002,0.792668
0.7748160000000001,0.582684,1.6044200000000002,0.7018139999999999,1.1923240000000002,2.603788
0.66044,0.408176,0.337146,0.5872780000000001,0.711902,0.5796
0.336886,0.667836,0.874638,0.5275639999999999,0.98462,1.6189980000000002
1.9018320000000002,0.435248,0.422568,0.71648,0.387732,0.301602
0.7103600000000001,0.851958,0.910528,0.339488,0.290414,0.510392
2.001346,0.546806,0.672872,0.758696,0.473206,0.522946
0.719136,0.470426,2.302804,0.462916,0.5236219999999999,0.40095800000000004
1.82182,0.917704,0.72866,0.404144,0.401104,0.252958
0.629174,0.784652,0.571836,0.5465019999999999,0.619448,0.364006
0.9562440000000001,0.560446,0.759212,0.937258,0.318804,0.347844
0.756244,0.8823380000000001,0.822718,0.41105200000000003,0.430464,0.5304220000000001
0.7052740000000001,0.946002,0.75898,0.748848,0.31719400000000003,0.520466
0.8483980000000001,0.655072,0.8291900000000001,1.3449000000000002,1.020308,0.34393599999999996
0.446788,0.299606,4.384098,0.661892,0.399224,0.32803
1.164652,3.425798,1.090046,1.400422,1.013092,0.5970599999999999
1.461014,0.765664,0.527412,0.949308,0.386658,0.348006
0.5261180000000001,0.293782,1.5122980000000001,0.546466,0.327786,0.690858
0.350554,0.82408,0.772528,0.365978,0.332296,0.675328
0.7184020000000001,0.40824,0.587554,0.478464,0.34132,2.25617
0.372864,2.1703020000000004,0.923708,0.6135700000000001,0.330316,0.6499919999999999
0.599626,0.896464,1.0445280000000001,0.47711200000000004,0.28756200000000004,0.60289
0.73546,1.358552,0.483144,0.804968,2.143194,1.8842519999999998
0.934102,2.220104,2.035588,0.39568200000000003,0.461376,6.413316
0.603368,0.914682,1.479206,0.491728,0.498958,0.485572
0.365058,0.32890800000000003,0.44359,0.437652,0.956254,0.7221280000000001
0.749442,0.329424,2.508644,0.772438,0.438986,0.592192
1.041114,0.435394,1.578236,0.617754,0.5658719999999999,0.5391140000000001
2.032898,1.4512019999999999,0.713616,0.7717,1.1680679999999999,0.5243099999999999
0.866804,0.5331779999999999,0.37781000000000003,0.9727480000000001,0.615168,0.529744
0.8274859999999999,0.509556,0.65824,0.764002,0.6444,0.378866
3.5217660000000004,0.53211,1.0976,0.8414400000000001,0.32839,1.1635719999999998
0.757692,0.65913,2.9827939999999997,0.42562400000000006,0.400284,0.57753
2.901024,0.85731,0.39069200000000004,0.48665800000000004,0.61717,0.804984
0.6803520000000001,1.341004,0.41210199999999997,0.380316,0.7756000000000001,0.74119
0.43133800000000005,0.47907,0.8104840000000001,0.801918,0.404772,0.7074940000000001
0.510784,0.696118,0.790942,0.778688,0.418248,0.879978
1.116482,1.512942,0.586678,0.62482,0.5580280000000001,0.31933
0.7742279999999999,0.911432,0.757218,0.931512,1.447586,0.817254
1.1009179999999998,0.7412000000000001,2.610668,0.482598,0.587114,0.563252
0.722896,0.6464679999999999,0.5381440000000001,0.551322,0.359806,0.959536
0.597602,1.25824,1.279338,0.602544,0.77233,0.626818
0.8043980000000001,1.225448,0.646866,0.914698,0.5143880000000001,0.568168
0.75129,0.526744,1.247694,0.32622,0.42562400000000006,0.794362
1.237106,2.004092,0.676358,1.066526,0.77727,1.211942
0.658072,0.906036,4.72278,0.358022,0.46769600000000006,0.332416
0.35057,0.7121799999999999,0.909752,0.768492,0.578788,0.732364
0.38201999999999997,0.72776,0.6464679999999999,0.290524,0.8551040000000001,0.41738200000000003
0.310664,1.2667519999999999,0.619936,0.551496,0.497394,0.564836
0.6596960000000001,0.719912,0.9273440000000001,0.43052,1.397556,2.427694
1.6923700000000002,1.220468,0.5517240000000001,0.29176,0.505588,0.58153
0.347844,0.668372,0.78616,0.339488,0.8072980000000001,0.796304
0.47119,0.719414,0.468158,0.454322,0.292526,1.166644
0.495214,0.418688,1.796808,0.38181200000000004,0.534194,0.756252
0.874638,0.8824980000000001,1.076564,0.493478,0.535824,0.89677
0.567848,0.413864,0.43120800000000004,0.732702,0.557136,0.46617200000000003
2.118068,3.59578,1.9745519999999999,0.365058,0.372864,0.446162
1.1498080000000002,0.487016,0.7101540000000001,0.641464,0.9897279999999999,0.46599599999999997
0.624872,0.32267,1.6750159999999998,0.859604,0.90727,0.533104
1.494326,1.124932,0.36162400000000006,0.898006,0.33409,0.402378
1.086914,1.034952,3.1766199999999998,2.695234,0.367614,0.5710900000000001
0.877052,1.122854,1.177048,0.400524,0.46908,0.439058
0.629174,0.545046,0.46509,0.7046380000000001,0.623622,0.6503220000000001
0.531602,0.428476,0.36499400000000004,0.47389400000000004,0.796866,0.38046800000000003
0.641162,0.440654,0.378376,0.279428,0.862294,1.935356
0.598348,0.467098,0.9287240000000001,0.64846,0.462204,0.7227640000000001
0.531718,2.8872,0.9897980000000001,0.38616000000000006,0.365846,0.384666
0.868132,0.305502,1.029146,0.561288,0.64005,0.615662
0.85761,1.2786499999999998,1.08625,0.41615800000000003,0.359962,0.44481400000000004
0.7159880000000001,0.41060399999999997,0.46761,0.304244,0.893678,0.386808
0.40485000000000004,0.705252,0.605406,0.43473200000000006,0.347178,0.468158
2.852862,0.666888,1.354166,0.38998000000000005,0.340476,0.380132
0.737526,0.27513600000000005,0.498418,0.47445600000000004,0.38262799999999997,0.973712
0.879638,0.542458,0.71317,0.28539,0.44021800000000005,2.382436
0.824622,0.4566,1.914618,0.867732,0.46037,0.47639
0.784244,2.902756,0.67018,0.506616,0.716226,0.930096
0.567042,0.406452,0.6071900000000001,0.29192399999999996,0.34246800000000005,0.522026
0.738442,0.557766,1.614532,0.661602,0.694622,0.607012
0.854486,3.3803900000000002,1.158966,0.842152,1.0182820000000001,1.40913
0.42048,1.474444,1.897874,2.2946619999999998,0.372714,0.460978
0.7869740000000001,0.8520220000000001,0.35525799999999996,0.581602,1.19693,0.367614
0.65824,1.028908,0.5946420000000001,0.6308239999999999,0.528246,0.5644
0.437008,1.137754,1.2357339999999999,0.551072,0.554,0.411826
0.941046,0.289614,0.9667100000000001,0.80438,0.463436,0.407186
1.7906939999999998,0.440096,1.063002,0.375238,0.475046,0.927034
0.528788,2.00352,0.706724,0.666432,0.29665400000000003,0.675316
0.537122,1.7973979999999998,0.7041620000000001,0.397658,0.487812,0.340618
0.609688,1.618148,0.645232,1.010138,2.32212,0.827108
0.450498,0.553852,0.835808,0.35187,0.28792399999999996,0.343424
0.706586,0.6834880000000001,1.554946,0.6166520000000001,1.6614020000000003,0.9125240000000001
0.87801,0.64936,0.6870259999999999,0.61,0.440876,0.752248
3.5527940000000005,1.146862,0.9164800000000001,0.639766,0.834458,0.32249
1.170642,0.94791,0.9158379999999999,0.261602,0.8673099999999999,0.9684200000000001
1.543716,0.47356000000000004,0.33486200000000005,0.7264160000000001,0.501856,0.623324
0.814472,0.945544,0.59284,0.78766,0.7362179999999999,0.8583580000000001
0.352364,0.634,1.7881220000000002,1.5751140000000001,0.22762200000000002,2.7423539999999997
0.667992,0.476592,0.815444,0.698424,1.917866,0.888744
0.523266,0.719324,1.167288,0.541794,0.396308,0.858606
1.197126,0.401322,1.471278,0.40556200000000003,1.0373219999999999,0.773814
1.0676320000000001,0.805494,0.428802,1.009142,0.709662,0.6460220000000001
0.460108,0.413298,0.82235,0.38452600000000003,0.6937000000000001,2.682886
0.7925700000000001,0.550146,2.8573419999999996,0.671864,0.8208880000000001,0.37924599999999997
0.793102,3.41161,0.88364,1.2059220000000002,0.903576,0.6179479999999999
0.943222,0.542178,1.482076,0.27566,1.235258,0.765938
0.700472,1.287382,0.660136,1.3296620000000001,0.30421800000000004,0.565378
0.587472,0.371892,0.26612,1.208994,0.963328,0.870414
1.447624,0.29,0.761096,1.2141440000000001,0.553624,0.368782
0.837294,0.607684,0.8506560000000001,1.431298,0.6422000000000001,0.8986120000000001
0.7786580000000001,1.098264,0.5791620000000001,0.6637580000000001,0.485832,0.463794
0.425282,0.628462,0.9191140000000001,0.65471,0.32439999999999997,0.694112
2.029036,0.908944,4.545114,0.500688,0.46045600000000003,0.45042200000000004
0.383902,2.689816,0.442976,0.352822,0.849144,3.5922060000000005
1.024002,0.348144,0.621742,0.78213,0.47917000000000004,0.842472
0.947574,0.773406,0.81053,0.372714,0.43584,1.506278
0.8571300000000001,0.454542,0.608946,0.541246,0.641202,1.2829220000000001
0.481252,0.610406,0.23914,0.376962,0.47977,0.396308
1.0719560000000001,0.404638,0.79778,0.710636,0.6053099999999999,2.2024660000000003
3.163684,0.41788600000000004,0.5658719999999999,0.5169020000000001,0.49526200000000004,1.735342
1.238684,0.35913799999999996,0.49357799999999996,0.9427500000000001,0.45248200000000005,2.05637
0.535556,0.9145599999999999,3.285362,1.712344,0.579986,0.487594
0.861202,1.438458,0.5995499999999999,0.441234,0.388046,0.995638
0.8997440000000001,1.190588,2.0406459999999997,0.832868,1.210916,0.974032
2.172518,0.675708,0.964024,0.57528,0.493478,1.5487819999999999
0.943762,0.6642440000000001,2.13868,1.827812,0.634004,0.29843000000000003
0.507594,1.571364,5.88926,0.486954,0.295466,0.390656
0.560286,0.6479779999999999,1.3277860000000001,0.45880200000000004,1.060868,0.433336
0.6738339999999999,0.52022,1.377108,0.373894,0.288534,0.778346
0.822702,1.136704,0.625284,0.384832,0.34805200000000003,0.814924
1.629902,0.845214,1.365772,0.440654,1.75501,0.853904
0.672002,0.305502,0.41788600000000004,1.124962,0.288534,0.335172
0.505352,1.18603,0.230338,0.48665800000000004,0.473826,0.7274640000000001
0.5490539999999999,0.359806,2.9548140000000003,0.45696800000000004,0.337336,1.096782
0.31249400000000005,0.439714,0.523086,0.854204,0.592192,0.45258800000000005
0.757092,0.5191720000000001,0.356786,0.481054,0.381748,0.32249
1.072914,0.867578,0.48088200000000003,1.3502960000000002,0.626422,0.6406499999999999
0.35057,0.29350200000000004,0.37107999999999997,0.680944,0.31648000000000004,1.8076340000000002
0.9085719999999999,0.36339,0.49221600000000004,0.32951400000000003,0.5304800000000001,0.288922
0.25741,2.206356,2.997692,0.336476,0.5632480000000001,2.1101199999999998
0.367526,0.369242,3.779394,0.425812,0.6432920000000001,1.8140100000000001
0.78995,0.701794,1.177816,0.3528,0.345392,3.016228
0.984216,0.7704120000000001,0.9136580000000001,0.32842000000000005,0.519576,1.3173460000000001
0.577584,0.70636,0.57567,1.507046,0.33271,1.70663
0.32400599999999996,0.459064,0.544886,0.37935800000000003,0.7824059999999999,0.5611459999999999
0.536854,0.599082,0.675708,1.034076,0.430116,0.8958820000000001
0.655072,0.491678,0.777876,0.5252380000000001,0.31400599999999995,1.2665540000000002
0.27687599999999996,0.9595220000000001,0.8086559999999999,0.591406,0.411358,0.8563019999999999
0.531864,0.7037640000000001,0.568226,0.340476,0.369388,2.6975100000000003
0.9607600000000001,0.36776600000000004,0.634316,0.835218,0.66607,0.448878
0.557856,0.506596,0.62119,0.511722,0.459464,0.437634
0.259082,0.37560000000000004,0.7982899999999999,0.278258,0.40857400000000005,1.872562
1.433498,0.9878439999999999,1.097228,0.508802,0.907712,0.36776600000000004
0.23528800000000002,0.8373120000000001,0.885546,0.592612,0.44570800000000005,0.22857
1.129132,0.634946,1.718582,0.39223,0.655072,0.89846
0.442,0.35431599999999996,0.57567,0.503018,1.208374,1.268284
0.9500839999999999,0.395298,1.113356,0.336476,0.396308,1.7321440000000001
0.69825,0.49587000000000003,0.463798,0.529528,2.226718,0.37764
0.388046,1.543794,1.34327,1.230674,0.42888200000000004,1.037938
0.54799,0.9627300000000001,0.35172800000000004,0.720756,0.65625,0.357038
0.673928,0.35777,0.34167200000000003,0.31575400000000003,0.4717,1.215936
0.691202,1.26816,1.0348540000000002,0.748846,0.415292,0.741742
0.33908800000000006,0.367722,0.368896,0.957448,0.7584120000000001,0.700766
0.374192,1.1754580000000001,0.41876,1.555716,0.813942,0.479888
0.45984800000000003,0.364006,0.565378,0.563648,0.386104,0.722874
0.261848,1.2379900000000001,1.1486500000000002,0.952404,0.7427440000000001,1.355152
0.9499160000000001,0.368184,0.97423,0.922138,0.390118,0.821454
1.098626,0.45997000000000005,1.2029580000000002,1.02062,0.546882,0.5169020000000001
0.46067800000000003,0.5775560000000001,5.65919,1.107994,0.991782,0.40406400000000003
1.288994,0.4922,0.97528,1.121494,0.43736,0.397854
0.41951,0.411752,0.828446,1.179914,0.317042,1.155772
0.806694,2.135942,0.41761200000000004,2.0505180000000003,0.772072,0.461566
0.22857,0.8346520000000001,0.894642,0.714246,2.5448560000000002,0.798802
0.586276,0.76511,1.466228,0.45452800000000004,0.881344,1.006462
0.511332,1.509238,1.26007,0.396308,0.33638,0.5567219999999999
0.490832,0.403292,0.8965920000000001,0.469914,0.355848,1.03152
1.0378820000000002,1.18629,0.6999679999999999,0.8837480000000001,0.6500220000000001,0.621974
0.570982,1.0728,1.57425,0.540092,0.4629,0.957106
0.5364220000000001,0.437524,1.086096,0.34160199999999996,1.753206,0.322894
2.3595,1.482456,1.335426,0.567042,0.4922,0.653768
0.23990799999999998,0.588982,0.568988,0.452216,1.833558,0.446972
0.44348200000000004,0.555932,0.7973260000000001,0.5006120000000001,0.32249,0.274612
0.44646600000000003,0.368184,0.971282,0.8904500000000001,0.874072,0.327372
0.5853579999999999,0.6764180000000001,1.7610540000000001,0.315094,1.732284,0.691714
1.0626099999999998,0.332296,1.335426,1.9478199999999999,0.429534,0.567492
0.599216,4.016182000000001,1.9389020000000001,0.49914,0.5872780000000001,0.870236
0.597146,0.5504479999999999,0.31249400000000005,0.557714,0.46359,1.554338
0.609016,0.9824,0.737274,0.657928,0.382942,0.473354
2.137442,0.786486,1.229556,0.668864,0.48904800000000004,1.072598
0.884734,0.696762,0.390656,0.79831,1.294594,0.88422
0.39836200000000005,1.181322,0.296142,0.496258,0.5793780000000001,0.616986
1.029584,0.926412,2.229288,0.9038160000000001,0.6765700000000001,0.83491
0.35057,0.33486200000000005,0.30461200000000005,0.7704059999999999,0.570754,0.478752
0.44064,1.14724,0.516764,0.6298980000000001,0.809068,0.940366
0.603456,1.811634,0.5548339999999999,0.508192,0.389178,1.4954780000000003
2.040926,0.375282,0.6371939999999999,1.163776,0.610904,0.684458
0.381182,2.0087800000000002,0.7288920000000001,0.414174,0.216158,1.3013599999999999
0.99229,0.9456960000000001,0.477648,2.000702,0.646334,0.579202
0.673074,0.681252,0.784972,1.0197720000000001,1.160772,0.538624
0.603884,0.6643640000000001,0.411826,0.381182,0.480134,1.505296
0.39568200000000003,4.314948,1.904884,0.46821,0.405738,0.671192
1.091904,3.61643,0.7694420000000001,0.305476,0.370152,1.024678
1.00053,0.631342,2.435062,0.390512,1.1385079999999999,0.374448
0.665492,0.7938379999999999,0.9076240000000001,0.724136,0.739816,0.83939
0.786566,0.500244,0.384838,0.511124,1.363088,0.316512
0.8307680000000001,1.63428,0.3397,0.61327,0.58597,0.45299400000000006
0.869622,0.777002,0.314866,1.063606,0.44369400000000003,0.84577
0.53681,0.996924,0.827914,0.363236,4.034436,0.360588
0.65964,0.5127999999999999,0.849702,0.684924,0.880212,0.61076
1.6930720000000001,1.231584,0.541938,0.601296,1.106652,0.876036
0.6915760000000001,1.0367760000000001,0.45430000000000004,0.32622,0.494272,0.474236
0.95426,0.754636,0.41744400000000004,2.7831859999999997,0.553624,0.475214
1.374136,0.9528,1.0496500000000002,0.768374,0.42513,0.335004
0.509922,1.2959500000000002,0.388128,0.922026,0.350326,0.37521800000000005
0.291204,0.939508,0.9424,0.8161039999999999,0.711666,0.55501
0.26500599999999996,4.606054,0.574442,0.297436,0.7321660000000001,1.3333
0.782576,1.6286,0.5041,0.335004,1.7855560000000001,0.502622
0.334216,0.235772,1.182582,0.7877620000000001,0.522552,0.42410000000000003
0.30787000000000003,1.077956,0.686044,0.36142399999999997,0.421284,0.622012
0.529762,0.488888,0.8985960000000001,0.612406,0.37905200000000006,0.34805200000000003
0.869384,0.547654,0.5135599999999999,0.377344,0.785876,0.731842
1.16885,2.301632,0.985082,0.329296,0.658924,0.968828
0.639728,1.366738,0.30662,0.290414,0.568594,6.760774
0.507138,0.265308,0.949308,0.502156,0.42562400000000006,2.708538
0.743638,1.14675,0.83963,0.42834,0.355736,0.882554
0.393024,0.516294,0.470034,0.418058,0.811264,0.8701559999999999
2.809534,0.325748,0.5828920000000001,0.414366,0.7293200000000001,0.6439900000000001
0.6943920000000001,1.287236,0.779212,0.78404,0.428622,0.449912
0.375542,1.3353119999999998,2.590892,1.4210260000000001,0.6206119999999999,0.38339999999999996
1.5346780000000002,0.736566,0.687906,0.68956,0.577294,0.6202219999999999
0.30363799999999996,0.400004,0.49735199999999996,0.27411599999999997,0.472038,1.7590000000000003
1.027094,0.41494600000000004,0.34407600000000005,0.73392,0.676358,0.499152
0.671618,0.391372,0.471342,1.16613,0.656,0.493478
0.642722,0.34393599999999996,0.316764,0.614846,0.912424,1.249376
1.1292620000000002,0.647522,0.557684,0.604004,0.580156,0.6040700000000001
0.764198,0.442,0.39626799999999995,0.946406,0.401782,1.3098420000000002
1.5863820000000002,0.8149379999999999,0.64498,0.37632400000000005,1.0261220000000002,0.528186
0.733542,0.32842000000000005,0.558014,0.832214,0.41041000000000005,1.574782
0.49697,0.442976,0.977704,1.158546,0.758854,1.90009
0.424288,0.2597,0.609082,0.390656,0.748228,3.653592
0.7369800000000001,1.3787340000000001,0.699042,0.612722,0.39477,2.409882
0.623024,0.7002780000000001,0.5452480000000001,0.652332,1.36369,0.382962
0.54971,4.6831320000000005,0.876642,0.6289199999999999,0.603774,0.54799
0.7329319999999999,0.521034,1.478718,1.152296,0.42643200000000003,0.41083800000000004
0.413806,0.506426,0.8957780000000001,0.333256,0.529774,0.42360800000000004
0.39727,2.326676,0.8075460000000001,0.367662,0.714828,0.638952
0.481868,2.928458,3.103874,0.5720040000000001,0.519076,0.8498479999999999
0.960392,0.33188,0.861452,0.7204,0.5528,1.115906
1.033982,0.37215,0.715882,0.435362,1.3601420000000002,0.360272
0.9607100000000001,0.7939400000000001,0.558226,0.7274400000000001,0.50241,0.672096
1.296878,0.416966,0.601482,0.373122,0.600842,0.378762
0.329296,1.0472540000000001,0.634038,0.471342,0.526362,0.878144
1.4276520000000001,0.510314,0.896378,0.391698,0.47464,0.521096
0.5525220000000001,0.44147000000000003,0.47263,1.478768,0.566702,0.957624
1.1706020000000001,0.43303600000000003,1.456114,0.825138,0.3708,1.93707
0.48473000000000005,0.42132200000000003,2.502228,1.286408,0.369242,0.486116
0.739852,0.806732,3.1258820000000003,0.32296800000000003,0.786486,0.35057
0.419394,1.9606620000000001,0.443878,0.282962,1.142974,1.9859240000000002
0.901042,0.634328,0.7473920000000001,0.30634,0.397834,0.5768500000000001
0.699042,0.7589779999999999,1.1494499999999999,0.434534,0.40353,0.71648
0.316764,0.407372,0.930068,0.85,0.469552,0.59427
0.749854,2.0382540000000002,0.7449800000000001,0.75595,2.232094,0.28808999999999996
1.064378,1.0977540000000001,0.899208,0.426018,0.63864,0.681802
0.359226,0.430464,0.747746,0.6547820000000001,0.764044,0.55541
0.79176,1.362262,0.384416,0.411358,0.524168,0.42648800000000003
0.46113400000000004,0.310618,0.840918,0.929778,0.9846920000000001,0.6915760000000001
2.102878,0.5680320000000001,0.42491,1.260188,1.343356,0.408318
0.36571600000000004,0.481332,1.209842,0.496258,1.083802,0.598324
0.64134,1.2030100000000001,0.737794,0.32890800000000003,3.277102,1.534668
0.289032,0.698524,0.414174,0.546424,0.81399,0.382078
0.373614,0.366676,0.923286,0.365558,1.022234,1.0939480000000001
1.5308760000000001,0.492894,0.47356000000000004,1.186896,0.37226400000000004,1.09445
0.6620119999999999,0.371892,0.32984800000000003,0.5249600000000001,0.44481400000000004,0.514058
1.050524,0.311082,3.703092,0.629212,0.68352,4.100988
0.503924,0.319406,0.8642380000000001,0.31719400000000003,0.9432200000000001,0.381182
0.72776,0.68263,0.773976,0.39418200000000003,0.570028,1.429626
0.42821,0.7761260000000001,0.667308,0.815082,0.452124,0.695052
0.47531,1.0228899999999999,0.765664,0.450218,0.364006,1.52303
0.741482,1.76283,0.568228,0.820926,0.414154,0.888876
1.119868,3.4487799999999997,1.055548,1.26749,0.455214,0.561588
0.338378,0.8284940000000001,0.491468,0.338372,0.6931900000000001,0.33455
1.018754,1.3603960000000002,0.387758,0.44779399999999997,0.38643400000000006,0.8514620000000002
0.705932,0.666888,1.98994,0.543164,0.815454,0.39102
1.2434020000000001,0.57999,0.317346,0.632608,0.590592,1.436632
2.669998,0.507326,1.38673,0.26205399999999995,0.370152,0.33930000000000005
0.7466860000000001,1.319518,1.775722,0.5080520000000001,1.1892880000000001,0.343628
0.49697,0.438986,1.088708,0.311724,0.33930000000000005,0.406078
1.13104,0.591382,0.479266,0.46617200000000003,0.37941600000000003,0.464246
1.438938,0.327836,1.760056,0.43224,0.31648000000000004,0.506596
2.91693,0.493222,1.451588,0.75493,0.468364,0.5965940000000001
0.9335359999999999,0.74232,0.572172,0.5850299999999999,0.577442,0.43070600000000003
0.45318400000000003,0.540092,1.303664,0.499556,0.49419,0.926196
0.32195,0.670188,0.683698,0.335172,0.34407600000000005,0.63309
0.430488,1.493494,0.600842,0.5812440000000001,0.629364,0.559372
2.46315,0.38339999999999996,0.601974,0.30909600000000004,1.3602960000000002,0.440876
0.458594,0.45350599999999996,0.9288379999999999,1.361834,0.593996,0.56056
1.4421540000000002,0.7461040000000001,0.845566,0.448896,0.658774,0.579724
0.409238,1.129078,0.5646100000000001,0.914088,0.887082,2.145594
0.477046,0.930774,0.354682,0.418306,0.474236,1.0791400000000002
0.342706,0.805592,0.4556,0.71929,0.7903640000000001,0.53286
0.42360800000000004,0.6159260000000001,0.818666,0.458594,0.354176,0.38848000000000005
0.726992,0.407142,0.702022,0.32296800000000003,0.39783999999999997,0.400524
0.770704,0.9000560000000001,0.435178,0.365388,0.536124,0.917718
0.6858099999999999,0.5681200000000001,0.600256,3.3408580000000003,0.597638,1.4513340000000001
0.6541100000000001,0.472272,1.009554,0.944466,0.418936,0.725658
0.675468,1.0311320000000002,1.2454,0.787698,0.516976,0.828576
0.5882480000000001,0.41041000000000005,0.42294600000000004,0.702908,0.439168,1.136036
0.521786,0.559318,0.426806,0.756244,0.2605,0.635348
0.8743460000000001,0.41687,1.033412,0.861664,0.861452,0.580262
0.453894,0.8955299999999999,0.30157,0.74721,0.552406,0.39661
0.356786,1.17528,0.941116,0.63242,0.540814,0.40826
1.304346,0.851674,0.510972,0.724456,0.318496,0.5725460000000001
0.329248,1.123424,1.069776,0.621174,0.37455,0.700446
0.561016,0.5265019999999999,1.322518,0.35849200000000003,0.445048,0.368896
0.64809,1.503358,0.5949679999999999,1.149552,0.655588,0.843064
0.7466860000000001,1.9947660000000003,2.276738,0.5756,0.483922,5.608344000000001
0.391698,0.284486,0.7489220000000001,0.73015,0.42969799999999997,0.666756
0.725666,0.887436,2.090138,0.795226,1.454562,8.42936
0.402616,0.410644,0.7577699999999999,0.6446860000000001,0.353208,0.49735199999999996
0.530408,0.41577,0.45452800000000004,0.347332,0.585918,0.476642
0.535854,0.678956,1.212334,1.903184,1.6287299999999998,0.752382
0.536436,0.505466,1.453826,1.045802,0.9389299999999999,0.99605
0.56423,0.845788,0.720514,1.503838,0.5001,0.86139
0.32756599999999997,0.50034,0.76221,0.5495639999999999,1.4454420000000001,0.6143780000000001
0.17256800000000003,0.74411,2.62968,0.576018,0.432962,0.44292200000000004
2.430184,0.47383200000000003,0.318496,0.494842,1.413316,2.3305540000000002
0.33752,0.840952,0.461376,0.481302,0.320156,1.137604
1.048888,0.784308,2.115058,0.724872,0.508932,0.732592
0.466874,0.41282,0.612438,0.638498,0.353208,0.8215220000000001
0.607872,0.44612599999999997,0.896884,0.663774,0.709808,1.6443720000000002
0.438092,0.36571600000000004,0.894072,0.63352,1.654306,0.883954
1.7929440000000003,0.360272,4.196042,0.538624,0.723546,0.80574
0.481332,0.31249400000000005,2.39346,0.7676280000000001,1.187454,0.46612000000000003
0.456022,1.099762,0.8222140000000001,0.6850539999999999,0.605974,0.46141000000000004
0.914278,0.772156,1.525568,0.377116,0.528338,0.6972200000000001
0.39280000000000004,0.648346,0.485962,0.44253800000000004,1.2477580000000001,0.494842
0.782164,0.495666,1.178598,0.67767,0.30953600000000003,0.47801600000000005
1.780464,0.876414,0.702284,0.5451900000000001,0.6046760000000001,1.1162159999999999
1.285212,0.48002,1.19341,0.47494400000000003,0.96868,0.578218
1.87485,1.116474,0.456426,1.682468,0.99105,0.5878
0.52923,0.416428,0.68288,0.250862,0.395298,0.8565820000000001
0.32439999999999997,0.839678,0.6982619999999999,0.43117,0.372864,0.718404
0.27340800000000004,0.620194,1.25143,0.21920800000000001,0.822136,4.015116
0.626242,1.86035,0.46795200000000003,0.438544,0.41951,1.310124
0.54176,0.418936,0.327836,0.9180499999999999,0.3371,0.957532
0.599082,0.927868,1.266006,1.568628,1.363428,1.980378
0.609226,0.329248,1.3861780000000001,0.684842,0.337598,0.326828
0.5001,0.48700400000000005,0.857834,0.720924,0.46178800000000003,0.665038
0.603616,0.311416,0.46564,0.5300119999999999,0.28834,0.86002
1.31704,0.977624,1.248078,0.454158,0.392902,0.511942
0.6272000000000001,1.8410840000000002,1.902688,0.754194,0.23924,1.79326
0.36109199999999997,1.161078,0.624362,0.766188,1.091174,0.8157260000000001
0.6844,0.387324,0.8368540000000001,0.519712,0.39440600000000003,0.49587000000000003
0.5792140000000001,1.37432,1.7695660000000002,0.80899,0.534404,0.43344600000000005
1.12053,0.9989680000000001,0.549126,0.7466860000000001,2.59141,0.43801799999999996
0.38848000000000005,0.49560000000000004,1.45405,0.324154,0.914682,1.270852
0.332296,1.0978620000000001,1.0542799999999999,0.454158,0.507326,0.6586559999999999
0.770794,0.25553800000000004,0.592192,0.5496660000000001,0.456562,0.31598200000000004
0.868358,1.785256,0.8726280000000001,1.139378,0.5402960000000001,0.562314
1.18987,0.483922,1.9694280000000002,1.312586,0.481332,1.376098
0.705014,0.567102,3.657134,0.679862,0.85443,0.493282
0.602876,0.5247200000000001,1.356468,0.791608,0.602288,0.9460660000000001
0.21,0.359026,1.021514,0.38761399999999996,0.430464,0.50598
0.762186,0.599082,0.641202,1.806604,0.460978,0.40706200000000003
0.856086,0.88229,0.83096,0.42600400000000005,0.489576,0.7565839999999999
0.383818,0.912036,0.23914,0.773692,0.79301,0.504448
0.33316,0.7566900000000001,0.779634,3.508922,0.41373000000000004,0.55956
0.345468,0.6599400000000001,0.454876,0.6914020000000001,0.51225,0.92279
0.7536180000000001,0.6121340000000001,4.93394,0.54987,0.531372,0.287222
2.49835,0.575212,0.6149220000000001,0.989546,2.1924140000000003,0.839414
0.658668,0.54231,0.850818,0.365978,0.615028,1.40612
1.3527580000000001,0.554984,0.27892,0.424,0.44643,0.627478
0.641788,0.7245900000000001,0.74172,0.815894,0.690786,2.0096260000000004
0.631268,0.5312619999999999,2.375286,0.562622,0.401756,1.160388
0.572172,0.594428,0.62482,1.130198,0.464486,0.616846
0.472652,0.3708,0.565972,0.888684,0.42832200000000004,0.6874439999999999
0.915792,0.690646,1.743284,0.598348,0.36162400000000006,0.397658
0.31064400000000003,0.5850299999999999,0.880938,0.468188,1.068878,0.6777
0.448896,0.43736,0.367042,0.5297540000000001,0.42911000000000005,0.9744020000000001
0.438858,0.392902,0.76842,0.650788,0.300752,1.6600840000000001
1.0986500000000001,0.943442,0.5768500000000001,0.9849600000000001,0.391556,0.9570019999999999
0.94329,0.826816,1.297452,0.572712,0.41183,0.5252380000000001
0.688744,1.22187,0.701784,0.470982,0.470714,0.702544
0.492686,0.49156400000000006,0.784972,0.6054579999999999,0.598348,0.8033920000000001
0.374722,0.812424,0.946718,0.26681,0.374448,0.8284480000000001
0.9619500000000001,0.662842,1.3043179999999999,0.6110220000000001,0.611702,0.8097939999999999
1.611904,0.9105179999999999,0.842342,0.368896,0.486626,0.8972720000000001
0.402378,0.335172,0.439222,0.447414,0.510314,0.653162
0.369128,0.49587000000000003,0.635232,0.5236219999999999,0.34176,0.35000000000000003
0.38998000000000005,0.720514,0.5970599999999999,0.901946,0.388062,0.36776600000000004
0.368136,0.47639,1.9521640000000002,0.9038959999999999,1.626652,1.081184
0.520034,0.455442,1.15477,0.57259,0.676224,0.255602
1.0547819999999999,0.7453,0.43736,0.38082600000000005,1.1094659999999998,0.641848
1.157032,0.482912,0.8939020000000001,0.7035480000000001,0.456004,0.3087
1.590852,0.412368,2.35546,1.1993,0.577584,5.23662
0.662842,0.39108600000000004,0.5083380000000001,1.384192,0.548984,0.6364400000000001
0.56016,1.217806,1.413378,0.6372559999999999,0.934848,0.601504
1.051402,0.5872780000000001,0.7449800000000001,0.575212,0.317042,0.30909600000000004
0.72111,0.725228,0.79311,1.2915,0.98746,0.382942
0.493478,0.474522,0.59781,0.42012,0.490244,0.590474
0.79944,0.438986,0.50524,1.10991,0.48923200000000006,1.3130979999999999
0.685242,0.58641,0.511096,0.598014,0.791648,0.47307
0.508488,1.6430380000000002,1.049584,0.8981760000000001,0.6803920000000001,0.8315760000000001
0.27340800000000004,1.133718,0.668458,0.763224,0.4517,0.44835800000000003
0.5786359999999999,0.5768880000000001,1.0584680000000002,0.42727600000000004,1.627326,0.975422
1.197672,1.364464,1.815142,0.22857,1.131656,0.351802
0.862148,1.1297300000000001,1.0908499999999999,0.559646,0.612278,0.424948
0.7362200000000001,0.559142,1.035114,0.48032,0.641776,0.8265220000000001
0.32400599999999996,1.53439,2.7735580000000004,0.42821,0.483706,0.265548
0.354266,1.680744,0.5625119999999999,0.58514,0.744358,0.222036
0.734044,0.506806,0.778688,0.564156,0.654832,0.331494
0.979766,0.276818,0.41761200000000004,0.526638,2.86099,0.496258
1.1047,0.46908,0.895198,0.5277580000000001,0.372156,1.0353720000000002
0.404164,0.595144,1.633862,0.31557,0.35208999999999996,0.396146
0.5793780000000001,0.43829199999999996,0.575252,0.564156,0.742794,0.37257999999999997
0.652772,0.609734,0.726144,1.330122,0.237024,0.405784
0.67425,0.404108,1.0068640000000002,0.646606,0.843434,4.7406559999999995
0.42012,0.405088,0.704036,0.5101100000000001,0.5163139999999999,0.807708
0.738778,0.530634,0.366344,0.333256,0.37064800000000003,2.607876
0.614706,0.584852,1.546952,0.566646,0.418822,0.30938
0.46648,0.492894,2.048852,1.4345279999999998,0.450516,0.70443
0.459308,1.36638,0.50149,0.361668,0.469046,0.311724
0.5565599999999999,0.863482,0.923612,0.693838,4.547794,1.165162
1.155396,0.91986,0.410644,0.6772579999999999,2.6365119999999997,0.45110000000000006
0.7540399999999999,0.559732,0.54847,0.6610199999999999,0.614804,2.085292
0.5648920000000001,1.0550460000000002,0.8698480000000001,1.530262,0.513408,0.648854
0.979112,0.333418,0.37277800000000005,1.214368,0.272118,0.455214
0.741364,0.57592,0.48349200000000003,0.6236180000000001,0.440458,1.302828
1.4081260000000002,0.520922,1.275908,0.32573,1.111078,0.9191379999999999
0.503924,0.421966,0.70459,1.987158,0.8576860000000001,0.26666
0.48155200000000004,0.9453260000000001,0.980972,1.762202,0.353638,0.418248
0.629136,0.32839,0.760294,1.111078,0.5528,1.518354
0.470982,0.538728,0.24804,0.880866,1.7781920000000002,0.921358
0.8745860000000001,0.6557459999999999,1.388986,0.47057400000000005,0.376876,2.638036
0.82365,0.910772,1.09498,0.9587460000000001,0.470034,0.322274
0.511124,0.554216,0.499152,0.361668,0.595144,0.41951
0.380316,1.557382,1.251142,0.622386,0.66171,0.73161
0.344372,0.5034959999999999,0.381748,0.254244,0.6056699999999999,0.57872
1.4358339999999998,0.643208,0.77703,0.5768500000000001,0.561288,0.248128
0.43320600000000004,0.503746,0.629212,1.151138,1.076562,0.8754860000000001
1.200574,0.76483,1.033614,0.568074,0.45035000000000003,2.153684
0.36113799999999996,0.47373000000000004,2.68427,0.764002,0.44158400000000003,0.378724
0.488938,0.520922,1.408954,0.556292,1.321734,0.423136
0.6915520000000001,0.349954,0.585922,0.652518,0.373122,0.8320000000000001
1.0528440000000001,0.398558,0.38643400000000006,0.9737859999999999,1.6870340000000001,0.565666
0.607792,0.34012400000000004,0.392414,0.516976,0.590082,0.373122
0.61538,0.358022,0.7056939999999999,1.2804760000000002,0.28273000000000004,0.279234
1.14738,0.35057,1.0627840000000002,0.736752,0.377344,0.5942459999999999
0.5011340000000001,0.5796,0.8854400000000001,0.45248200000000005,0.6519440000000001,0.44292200000000004
0.38181200000000004,0.496488,1.470716,1.101216,0.818352,0.6150720000000001
0.582408,0.34242,1.5124659999999999,0.51225,0.660988,1.2157460000000002
0.733106,1.156866,1.549318,0.509356,0.854752,0.5738880000000001
0.971112,0.86201,0.965934,0.5166240000000001,0.381602,0.694158
0.406078,0.29415600000000003,1.616258,0.270702,1.7839559999999999,0.5344800000000001
0.42360800000000004,0.577584,0.987928,0.419356,0.516608,0.312
0.366416,0.27768400000000004,1.238762,0.333418,0.660988,0.395904
0.791366,0.233238,1.075488,1.810346,0.491076,0.335004
0.532906,0.729078,1.596958,1.8529900000000001,1.38933,0.337882
0.27268200000000004,1.322632,1.6716220000000002,0.615376,0.418822,1.4971500000000002
1.014426,0.49885,3.190466,0.30837000000000003,0.37257999999999997,0.452712
0.393146,0.65076,1.0987280000000001,0.70835,1.4807480000000002,0.728746
0.8146180000000001,0.308058,0.26681,0.40556200000000003,0.346808,1.54025
1.06961,1.8627140000000002,0.908346,0.557196,0.49414600000000003,0.591314
0.64795,1.5049860000000002,0.447414,0.45550799999999997,0.94671,0.406078
1.360832,0.717424,0.4257,0.42849000000000004,0.503746,1.8926640000000001
0.53083,0.656634,0.830404,0.518768,3.4876379999999996,2.5190420000000002
1.3763720000000002,1.499078,0.769082,0.1805,0.556952,0.366196
0.571486,0.923612,0.405132,0.435248,0.32573,0.36049400000000004
0.485688,0.300166,0.735078,0.415928,0.398156,0.554996
0.6531180000000001,0.49176,0.372924,0.8161200000000001,0.8732880000000001,0.37064800000000003
1.439092,0.661876,1.34525,0.426806,0.5385359999999999,0.320156
0.634946,0.9689679999999999,0.828648,0.40886200000000006,0.881764,0.375238
1.184706,0.589434,0.82369,0.5497960000000001,0.690822,0.743756
1.9089939999999999,0.567834,1.8856220000000001,1.436194,2.1166060000000004,0.32550799999999996
1.639452,0.41000000000000003,1.199306,0.953846,0.59721,0.578706
0.445784,0.465948,2.280506,0.42432600000000004,0.8137340000000001,1.677748
0.42994400000000005,1.08853,1.2683360000000001,0.405428,0.7653200000000001,0.372156
0.49730800000000003,0.5946420000000001,0.6179479999999999,0.72373,0.5395700000000001,0.7555259999999999
0.70853,0.5071019999999999,0.600842,0.538624,0.773732,0.80583
0.762294,1.28025,1.9697719999999999,0.8242100000000001,0.704954,0.295602
0.327786,0.354266,0.756268,0.6946680000000001,0.507674,0.473206
0.382942,1.671078,1.02525,0.520772,0.505668,1.507092
0.918174,0.764558,0.565134,0.5275639999999999,3.133832,0.653556
3.710818,0.56056,0.271646,0.735894,0.492442,0.69176
0.881556,0.410644,1.2444780000000002,1.205002,0.765078,0.35668
1.048218,0.37702600000000003,0.386658,0.5661280000000001,0.790102,0.820932
0.5142340000000001,0.627838,0.615376,0.31007799999999996,0.37643000000000004,0.381602
0.721844,0.618596,0.5246900000000001,0.339046,0.642958,0.421734
0.71253,0.44675200000000004,2.129218,2.0179160000000005,0.798982,0.347702
0.546618,2.701312,0.707742,0.828956,0.37643000000000004,1.415082
0.601974,0.998904,0.6200800000000001,0.5869,0.73812,0.44492200000000004
0.40540800000000005,0.842776,0.372908,1.0469000000000002,0.45794799999999997,0.35000000000000003
0.7740940000000001,0.28045600000000004,0.32329,0.8303060000000001,0.5781660000000001,0.7117420000000001
0.58325,0.337236,2.9488659999999998,0.849048,2.32213,0.51447
1.9561800000000003,0.348832,0.918154,0.833728,0.901946,0.5658719999999999
0.9841300000000001,0.684972,1.218052,0.622356,0.524324,0.808002
0.45889,2.180994,0.5540839999999999,0.208202,0.487594,0.680882
2.242114,0.370152,0.8152079999999999,0.625284,0.630174,0.478248
0.418936,0.820128,0.37455,0.440768,0.323512,0.39102
0.44911,0.781548,0.6109180000000001,0.326534,1.324068,0.297436
0.373594,0.664192,1.064378,0.35208999999999996,1.780464,0.30463
0.337882,0.586788,1.151612,1.5452139999999999,0.904718,1.56158
0.5864640000000001,0.667992,1.92553,0.383838,0.5549660000000001,0.319782
0.517644,1.535828,0.622414,0.327836,0.41971800000000004,0.8933200000000001
0.20800000000000002,0.578706,0.36113799999999996,1.55169,0.7194020000000001,0.44289999999999996
0.914822,0.690786,1.47483,0.24742599999999998,0.7394980000000001,0.747328
1.174884,0.849078,0.38452600000000003,0.5850299999999999,0.634088,0.790342
0.48002,0.638464,0.468772,0.6702980000000001,0.93852,4.3987039999999995
1.007026,0.49885,0.743304,0.42643200000000003,0.518768,0.545282
0.493478,0.612552,2.0181560000000003,0.579328,0.6612960000000001,0.6559900000000001
0.982596,0.41951,0.65027,0.662194,0.724212,0.44569400000000003
0.9963960000000001,0.5695760000000001,1.415086,0.526562,0.7553780000000001,0.39102
0.502924,0.607214,0.80501,0.376876,0.31064400000000003,0.80222
0.627228,0.483198,0.608946,0.648854,1.887922,0.732014
0.737906,0.8747560000000001,0.818858,0.559646,0.5080520000000001,0.796786
0.420462,1.7053699999999998,0.47487599999999996,0.6099019999999999,0.497132,0.48052
0.42513,0.7071620000000001,0.595386,1.0642719999999999,0.5904880000000001,0.8583040000000001
2.0303519999999997,0.336292,0.7985979999999999,0.963554,0.9450940000000001,0.34132
0.669284,0.42562400000000006,0.31737,0.609734,0.215082,0.3197
0.614118,0.781548,1.6889859999999999,0.452004,0.337716,0.425282
0.36286,0.794402,1.042638,1.133922,0.7256720000000001,1.005142
0.773524,0.440822,3.782658,1.531646,0.30714800000000003,1.399238
0.749954,1.1362320000000001,0.77505,0.400824,0.493478,0.877268
0.342024,0.246066,0.6621180000000001,0.327836,0.457284,0.429292
1.049138,0.59738,3.021088,1.1504320000000001,0.33316,0.713482
0.42643200000000003,0.852174,0.737434,0.492686,0.515798,2.181876
0.6929,0.63285,0.372864,1.703764,0.816352,0.675468
0.46887599999999996,1.460194,0.673928,0.642096,0.29233600000000004,4.376208
1.526132,0.393396,1.12344,0.40857400000000005,0.29794600000000004,0.342024
1.188366,0.957448,0.575586,0.5302720000000001,0.900278,0.392658
0.655464,2.560908,0.447916,0.359288,0.447214,0.729712
0.9503780000000001,0.6936060000000001,1.443464,0.276702,0.805226,0.5857140000000001
0.6546000000000001,0.39727,0.6056699999999999,0.41183,0.35724,0.695028
1.12267,0.406296,1.6869260000000001,0.343424,0.43148200000000003,1.441518
1.0263740000000001,0.69614,1.963246,2.954262,0.5720040000000001,0.402934
0.359694,0.473826,0.387324,1.749438,0.762318,0.51498
0.488774,0.934154,2.664676,0.907886,0.560802,0.6230760000000001
0.304926,0.490812,0.6242340000000001,0.5078940000000001,0.820002,0.29379000000000005
0.5042099999999999,0.6806180000000001,0.574276,1.3083879999999999,0.45318400000000003,0.390774
0.42338200000000004,1.154512,0.48375599999999996,1.08603,1.6716659999999999,0.582604
0.397176,0.46539800000000003,1.140638,0.705862,0.631548,0.521786
0.861626,1.011306,0.9631159999999999,0.6666540000000001,1.220758,0.37511
1.935472,0.338094,0.660378,0.61521,0.8630380000000001,0.5391140000000001
1.18743,0.5850299999999999,1.9602300000000001,0.397658,1.065148,1.107062
1.2361959999999999,0.347702,1.195366,0.9384,0.606418,0.447786
0.696704,0.75809,0.39283999999999997,2.382778,1.563474,0.478802
0.45299400000000006,0.25741,0.47639,0.46539800000000003,0.259976,0.796666
0.583798,0.42670800000000003,0.548836,0.520496,0.52903,0.289254
0.6540860000000001,0.243022,0.640516,0.6113099999999999,1.15307,1.2925920000000002
0.352346,0.5494439999999999,0.521524,0.5576420000000001,1.1493740000000001,0.447772
0.826706,0.31321,0.869524,0.34858,0.5001,0.34232799999999997
0.541602,0.657802,1.492672,0.42339600000000005,1.8188620000000002,0.5080520000000001
0.321502,0.839012,1.040232,1.310324,0.5789120000000001,1.828342
1.9614319999999998,0.406078,0.720144,0.38369200000000003,1.565326,0.642958
0.437008,0.5336660000000001,0.507294,1.6042,0.438544,0.8009539999999999
0.5258740000000001,0.536034,0.530004,1.193048,0.511972,1.2027780000000001
1.6112600000000001,2.624574,0.78404,0.234,0.621266,1.3041980000000002
0.329248,0.40794600000000003,0.453894,0.516996,1.130894,0.47119
0.571594,0.458628,0.811122,0.606052,0.634202,0.5965940000000001
1.081006,0.50034,0.7690119999999999,0.623448,0.68126,1.039664
0.779948,0.79204,1.193128,0.45113600000000004,0.721028,4.4007060000000005
0.657866,0.218504,0.458594,0.391372,0.636884,0.56972
0.6205320000000001,0.88381,0.767082,0.7844740000000001,1.5934819999999998,0.5323540000000001
0.357262,0.5011340000000001,0.581024,0.79801,0.75178,0.46262200000000003
0.482912,5.735810000000001,0.357664,0.51125,0.5127999999999999,1.45817
0.357262,0.637058,1.01659,0.590106,0.401278,0.7575080000000001
0.786162,0.448714,0.336868,0.447772,1.506382,0.5791620000000001
1.26091,0.384838,0.57287,0.34176,0.45607,1.01172
0.782828,1.1051600000000001,1.184542,0.419394,0.263492,0.445048
4.775767999999999,0.776044,1.043122,0.41733,0.380574,2.739852
1.046916,0.518768,0.66346,1.3433760000000001,0.447916,0.586436
0.521034,0.32622,0.852116,0.483176,0.405704,0.526744
0.434534,0.7215119999999999,0.587986,0.629364,0.318202,1.853674
1.828356,0.78031,2.816784,0.271064,0.978508,0.510498
0.553114,0.709004,0.375046,0.47732600000000003,0.580262,1.24383
0.733912,0.9753959999999999,0.441184,1.2860239999999998,1.23497,0.771722
0.813744,0.297294,0.9528,0.896072,1.03022,0.44038600000000006
0.374448,0.760128,0.7164360000000001,0.6077440000000001,0.332584,1.2384300000000001
0.56423,0.258488,1.2336260000000001,0.652518,0.516236,0.968746
0.66289,0.9256380000000001,2.142098,0.5458379999999999,0.41687,0.7799940000000001
0.95901,0.353412,0.48258,1.1838760000000002,0.44289999999999996,0.565692
0.3397,0.8352240000000001,1.366966,0.5048279999999999,0.380316,1.817622
0.90517,0.52903,0.534404,0.465446,0.565686,0.6596960000000001
1.268968,0.33553,0.573288,2.7345880000000005,0.867622,0.404108
1.131214,0.396308,0.511676,0.779128,0.78927,0.35544400000000004
0.700438,1.525912,0.525544,0.840748,0.502538,0.7522260000000001
0.980418,0.447772,0.954148,0.329078,0.491202,0.450834
0.92762,0.485774,0.863122,1.389274,0.44843200000000005,0.604242
1.273614,0.70824,0.483176,0.39802,0.8870680000000001,0.39962400000000003
1.933656,0.23542400000000002,0.357688,0.76285,0.534026,0.333952
0.96724,0.37257999999999997,0.30463,0.268664,0.46795200000000003,0.34407600000000005
0.736392,0.6732039999999999,0.661178,0.543164,0.983148,0.6533800000000001
1.1298460000000001,0.399664,0.695254,0.353554,0.43965800000000005,4.033812
0.37477,0.944824,0.26400799999999996,0.35000000000000003,0.9621240000000001,0.340476
1.44418,0.4272,3.93401,1.1359480000000002,0.757088,0.40678800000000004
0.40631599999999995,0.711048,1.8867439999999998,0.525848,0.5842780000000001,0.352482
0.846718,1.0739800000000002,0.38275400000000004,0.8226319999999999,0.6702980000000001,0.366196
0.471342,1.051104,0.408318,0.89358,1.827328,0.599216
0.656588,0.842152,0.467816,0.442652,0.910934,2.5867580000000006
0.777318,0.46067800000000003,0.973466,0.498382,0.45618000000000003,0.794242
0.46599599999999997,0.81153,1.9612859999999999,0.614118,0.5041,1.4414960000000003
0.772528,0.36707,0.468188,1.346532,0.441276,0.646606
1.003284,0.669928,0.5135599999999999,0.816512,0.435394,0.500372
0.641152,0.302318,1.365614,0.309012,0.775342,0.259238
0.26585000000000003,1.190646,0.620854,0.383902,0.468312,0.470426
0.5166240000000001,0.37310000000000004,6.84399,1.04322,0.434166,1.228442
0.531864,2.674804,2.1233880000000003,0.629174,0.397914,1.2112260000000001
2.526876,0.50592,0.877598,0.505668,0.521536,0.870266
0.356786,0.815174,0.434828,0.607792,0.47917000000000004,0.47877
0.2328,0.44763000000000003,0.79085,0.324154,0.440876,0.389652
0.602876,0.46234600000000003,1.01932,0.489902,0.36116000000000004,0.50761
0.940044,2.710886,0.556292,0.345028,0.436568,0.750502
0.352822,0.371892,0.359026,0.310618,0.29869,1.325732
0.751614,0.29192399999999996,0.430464,0.6289199999999999,1.173358,1.0522360000000002
0.6625080000000001,0.756078,0.474982,0.666432,0.36571600000000004,1.882746
0.930894,0.551932,0.470982,0.402616,0.400524,4.734755999999999
0.425812,0.7229319999999999,5.2524239999999995,0.28352,0.33522,0.80925
1.23575,0.68828,3.530576,1.286082,0.51925,0.2894
1.0174940000000001,0.515756,1.3099079999999999,0.354266,0.60404,0.298904
0.237858,0.6578919999999999,1.016356,0.6919420000000001,0.89036,0.5244120000000001
0.6732360000000001,0.5264220000000001,0.37632400000000005,0.506786,0.740864,0.508488
0.723812,0.32296800000000003,0.528856,0.555528,1.3011260000000002,0.587114
1.09375,1.7397660000000001,1.747592,0.474236,1.054988,0.824094
0.28884,0.685332,0.666984,1.3610820000000001,1.231008,0.571024
0.8558600000000001,0.7123740000000001,0.446268,0.516294,1.1848940000000001,1.216192
0.5853579999999999,0.7828980000000001,0.493514,0.664112,0.380064,1.780702
0.904904,0.3396,0.518248,0.5768500000000001,0.40400400000000003,0.606092
0.9606359999999999,0.583058,1.801992,0.42339600000000005,0.418306,0.913818
0.690822,4.600666,0.469914,0.584054,1.2519280000000002,1.1451479999999998
0.883484,0.7694160000000001,0.459914,0.575212,0.805096,1.01929
0.819118,0.34954199999999996,1.3791280000000001,0.49176,0.5392319999999999,3.9051220000000004
0.49156400000000006,2.095516,0.494016,0.840022,0.391638,2.2177759999999997
0.8374360000000001,1.576818,1.888362,0.687166,0.42727600000000004,1.609204
0.404638,0.9563940000000001,3.12419,0.486806,0.818674,0.875998
0.311416,0.263492,0.265932,0.848106,0.566692,0.435026
0.993034,0.33984800000000004,1.885962,0.245406,0.318654,0.33486200000000005
0.5461140000000001,2.141452,1.22711,1.032526,0.68127,0.7033200000000001
1.0030579999999998,1.07397,0.5041,0.837628,2.84213,0.319682
0.47119,10.741476,0.426484,0.39517,1.584834,0.997928
0.19953,0.485806,0.358468,0.37560000000000004,0.384214,0.36922000000000005
0.801,0.76922,0.529396,0.4044,0.45350599999999996,1.51223
1.97984,0.38292000000000004,0.462018,2.435592,0.45110000000000006,1.522794
0.508932,1.529204,0.3197,0.4717,0.452124,0.600496
0.64795,0.33717,0.8317720000000001,0.51225,0.5565599999999999,1.622242
0.397834,0.804162,0.470752,0.5188440000000001,0.5407580000000001,0.672218
0.5072,1.9059020000000002,0.5792140000000001,0.756552,0.359556,0.29958
0.66086,0.8207920000000001,0.6624840000000001,0.417852,1.0053320000000001,0.977338
0.448642,0.436664,0.772238,0.9045040000000001,0.5714020000000001,0.46769600000000006
0.434294,1.5515260000000002,0.729606,0.879276,0.27411599999999997,0.92149
1.6972019999999999,0.8477,0.791002,0.740056,0.977732,0.62758
0.820014,1.046724,0.382078,0.372864,0.64373,0.490832
0.6156,0.386658,1.249002,0.307258,0.8215220000000001,0.468188
0.8750439999999999,0.36295,0.41183,0.5614260000000001,0.850752,0.633306
1.243112,1.52725,3.3205780000000003,0.33017,0.752576,1.4429660000000002
1.54899,0.49414600000000003,0.862844,0.442976,0.8260480000000001,0.47907
0.636992,0.7800739999999999,0.5154420000000001,0.45310000000000006,0.468038,0.43352
0.37941600000000003,1.47671,1.69601,1.2063240000000002,0.527394,0.68186
0.6621440000000001,2.242644,0.59738,0.761506,0.43117,0.31737
0.57453,0.448896,0.41998,1.126476,0.301734,1.240932
0.789792,0.827874,0.85143,0.5414640000000001,0.683196,0.802408
0.297544,0.541084,0.663014,1.02454,0.374448,0.510724
0.49914,0.339034,2.718002,0.37041,1.922386,1.02062
0.7951480000000001,1.43352,0.839212,0.522246,0.40556200000000003,0.42339600000000005
0.424948,0.773058,0.506426,0.59439,0.571822,0.380316
0.663606,0.5494439999999999,0.477766,0.630862,1.12775,0.46409
0.577996,0.33084800000000003,0.844596,1.167646,0.279692,0.724356
1.055078,0.624872,0.8028780000000001,0.329296,0.595022,0.643294
0.60362,0.7302820000000001,1.13121,0.462156,0.900148,0.7334120000000001
0.833406,0.492894,0.538014,0.7686580000000001,0.518524,1.062738
1.052722,1.06145,0.43133800000000005,0.686804,0.40857400000000005,0.6794260000000001
0.825138,0.645232,0.97587,1.164242,0.226812,1.1881700000000002
0.9835180000000001,0.31648000000000004,0.783298,0.47584800000000005,0.353554,0.760412
0.39320800000000006,0.553394,0.44832600000000006,0.98405,1.5621580000000002,0.342986
1.200556,1.23279,0.390718,0.34132,0.387758,0.400604
0.353208,0.297544,1.137612,0.343628,0.8704940000000001,2.0312520000000003
0.572712,0.364006,0.548984,2.741044,0.8093980000000001,0.402314
0.55171,0.607012,2.496346,0.717908,1.719248,1.33603
1.088972,0.486576,0.618452,,0.318496,2.021722
1.172666,3.115982,1.108522,,0.427818,0.8445900000000001
0.70955,0.378762,0.33084800000000003,,0.365558,0.8386520000000001
0.312774,0.5725460000000001,1.303774,,0.388624,0.359378
0.493478,0.963322,0.49482600000000004,,0.355078,0.501138
0.40556200000000003,0.686466,1.963914,,0.41600000000000004,1.5325280000000001
0.25632,0.31241,0.724566,,1.276972,2.8295620000000006
0.47093599999999997,1.244906,2.8570300000000004,,0.416332,0.783358
0.416294,0.906556,0.8416,,0.328444,1.257436
0.796154,0.42012,1.152806,,0.737194,1.7907819999999999
0.47801600000000005,0.69784,1.7226780000000002,,0.68841,4.00252
0.571024,0.8174220000000001,0.582274,,0.725382,0.6500220000000001
0.603804,2.9780320000000002,0.983042,,0.43081400000000003,0.323512
0.515274,0.501856,0.35849200000000003,,0.47977,1.608448
0.49226400000000003,2.1468540000000003,0.33624400000000004,,0.912064,1.043104
0.729712,0.535284,0.388562,,0.29410800000000004,0.828148
0.36193400000000003,1.048366,0.76485,,0.43705,0.6156
1.1423219999999998,0.8555079999999999,0.66016,,1.328352,0.7577320000000001
0.805652,0.35661200000000004,0.7029120000000001,,0.37838,0.60962
0.585108,0.438256,0.894564,,1.163718,0.308526
0.6455919999999999,0.38181200000000004,1.5180200000000001,,0.667608,1.0107920000000001
1.1322780000000001,0.690754,0.347246,,0.626712,0.724212
1.2775539999999999,0.440844,1.0457400000000001,,0.750784,0.591838
1.006794,0.72377,0.474522,,0.39548000000000005,0.279692
0.29880399999999996,0.49673,0.606804,,0.5041,0.33217399999999997
0.940972,1.255618,0.630672,,0.5549660000000001,0.370152
1.040494,3.01691,0.862702,,0.503018,0.559132
0.388046,0.510392,0.6460220000000001,,0.6830660000000001,2.984292
1.194172,1.950982,0.8009999999999999,,0.49938,4.78903
0.394792,3.1977219999999997,0.511676,,0.374192,0.463366
1.006462,0.466874,0.531702,,0.532886,0.574442
0.5432939999999999,1.716956,0.781956,,0.43527,0.998152
0.634958,1.0298520000000002,1.794712,,0.24891,1.219222
1.58228,1.063558,0.689884,,0.404534,0.511332
0.288922,2.397822,0.500244,,0.43070600000000003,1.221634
0.517042,0.48175,0.33624400000000004,,0.389836,0.486148
1.743536,0.5909760000000001,0.30398000000000003,,0.72008,0.6464679999999999
0.65466,1.335416,0.37143000000000004,,1.211124,0.6758460000000001
0.701542,0.19804,0.419948,,1.6534739999999999,0.42012
0.34176,1.490966,0.6281680000000001,,0.437958,0.477698
0.618764,0.49658,0.475534,,0.44923399999999997,1.125232
0.470752,0.771298,0.344094,,0.486296,0.673632
2.185058,0.763154,0.856106,,0.359556,0.637786
0.7920940000000001,0.761246,0.457284,,0.351802,0.38848000000000005
0.552294,0.742794,0.779212,,0.343424,0.403094
0.570028,1.785436,0.981688,,0.509216,0.6321939999999999
0.44854000000000005,0.581808,0.804002,,0.86329,0.965206
0.90315,0.49623,1.721794,,0.384838,1.0362619999999998
0.8132039999999999,1.531108,0.5204500000000001,,0.429534,1.8098560000000001
0.5632480000000001,2.1986600000000003,0.5509299999999999,,0.50592,1.096038
0.450218,0.553624,0.6926040000000001,,0.322894,3.1333520000000004
0.3356,0.361774,0.361508,,0.47595400000000004,1.235392
0.7446160000000001,0.559318,1.31339,,0.754448,0.338
0.308526,1.004042,0.7711,,0.506426,1.543502
0.911018,0.377344,0.506616,,0.743248,0.45880200000000004
0.386848,0.604546,2.35196,,0.804848,0.6978880000000001
0.889154,1.006478,1.03951,,0.700072,1.0067240000000002
0.5368379999999999,0.9268120000000001,0.931384,,0.325214,0.38452600000000003
1.571746,0.6043999999999999,0.588656,,0.594588,0.43825200000000003
0.67018,1.238766,0.619448,,0.6088020000000001,0.935192
0.367614,0.54847,0.35114,,0.297356,0.46761
0.468158,0.443062,0.53319,,0.521478,0.617298
0.47356000000000004,0.460716,0.530694,,0.974558,0.354812
0.5261180000000001,0.515026,1.3390079999999998,,1.192546,0.5114420000000001
0.596406,0.432134,0.486428,,0.728044,0.912364
0.95617,0.5152279999999999,1.6044500000000002,,0.451774,2.844468
0.7040259999999999,0.940366,1.5068860000000002,,0.624718,0.464486
0.374448,0.70232,1.563136,,0.570828,0.737564
0.320656,0.390288,1.5657940000000001,,0.429348,0.958534
0.6055220000000001,0.43499400000000005,1.258672,,0.51925,1.149694
1.05099,0.583592,3.172522,,0.25381,0.665732
0.50448,1.757614,0.357664,,1.742864,0.480804
1.359664,0.584992,0.85951,,1.4362300000000001,0.38201999999999997
0.537568,0.496488,2.31197,,0.351028,2.733368
0.6799080000000001,0.58597,1.357522,,0.990202,7.263248
0.79204,0.701266,0.946482,,0.427182,0.462412
0.43070600000000003,0.39661,4.64433,,0.720148,0.528788
0.860058,0.6973239999999999,4.897008,,0.881712,0.393024
0.93002,0.808706,0.628394,,0.357144,0.403112
0.6541100000000001,0.40335000000000004,2.257314,,1.14536,1.216306
1.3328259999999998,0.944474,0.580954,,0.6155320000000001,0.815444
1.306556,0.531914,0.7756540000000001,,0.520634,0.901982
0.510392,0.5681200000000001,0.78616,,0.6313200000000001,0.490652
0.556292,0.8371860000000001,0.587172,,0.660366,0.759876
1.223028,1.23791,0.7968740000000001,,1.31072,0.9338200000000001
0.554216,0.372506,0.561944,,0.8783540000000001,0.39517
0.6812380000000001,0.35578,1.25628,,0.28273000000000004,1.559262
0.332746,0.5475760000000001,0.44038600000000006,,1.116322,1.21529
0.8908780000000001,0.779948,1.173576,,0.3708,1.2963719999999999
0.32118,0.24696600000000002,1.10901,,0.438986,1.1291980000000001
1.2820239999999998,0.396692,1.9526400000000002,,0.389626,0.914682
1.131472,0.6472960000000001,0.398558,,0.51648,0.503352
0.780112,0.6679320000000001,0.6040700000000001,,0.80437,1.108332
0.763992,0.6972780000000001,0.6904980000000001,,0.8190839999999999,0.5461340000000001
1.471596,0.5423239999999999,0.8817440000000001,,0.726518,0.36768
0.533104,0.542988,0.37702600000000003,,0.326828,0.409252
1.5140360000000002,0.487594,4.36313,,0.518088,0.552756
1.248698,0.670358,0.378866,,0.557078,0.55956
1.257,3.061722,1.16423,,0.458262,2.585538
4.098126000000001,0.832982,0.357464,,0.401756,0.372542
1.616382,0.6931240000000001,1.051426,,1.494958,2.2696460000000003
0.8079959999999999,0.904526,0.9003140000000001,,0.545996,0.566646
0.45984800000000003,0.8352240000000001,0.6497820000000001,,0.5503640000000001,0.441202
1.038124,1.087734,2.520954,,2.016754,0.62712
0.543164,0.6823020000000001,0.60742,,0.327274,0.31557
0.310438,0.529774,0.368086,,0.5872419999999999,0.36221600000000004
0.311178,0.515756,1.783344,,1.163122,0.865418
0.771276,0.559142,1.0890900000000001,,0.90278,0.550072
0.671476,0.44368,1.785148,,0.41194600000000003,0.60937
0.485242,1.8577499999999998,0.629086,,0.29649200000000003,0.647472
1.84002,0.85,0.39440600000000003,,0.48674,0.412646
0.683052,1.2844200000000001,0.49382200000000004,,0.7785960000000001,0.7263980000000001
0.884808,0.484516,0.402934,,0.386104,0.540196
1.036846,0.31719400000000003,0.72008,,0.527394,0.657282
0.43156,0.390512,0.7397100000000001,,0.8555940000000001,0.35880399999999996
0.586204,0.394548,0.488,,0.47954199999999997,0.727146
0.5526380000000001,0.834708,0.436664,,0.448642,0.491202
1.51285,0.863642,0.552496,,0.263492,3.8909279999999997
0.502016,0.8368920000000001,0.40172199999999997,,1.22847,0.8905420000000001
0.392616,1.079586,4.876044,,0.51965,0.938766
0.64005,0.9958819999999999,0.937492,,1.150114,1.324398
2.779658,0.6191760000000001,0.822718,,0.443102,0.516236
0.656442,0.501058,0.39069200000000004,,0.49113799999999996,0.568384
0.49382200000000004,1.3322220000000002,0.29176,,0.7064199999999999,0.340194
1.7298520000000002,0.34012400000000004,0.522246,,0.45880200000000004,0.44499400000000006
0.40400400000000003,1.033572,0.478954,,0.54418,0.351272
0.9784460000000001,0.545996,1.754062,,0.602398,0.6855439999999999
0.510314,0.721952,0.5880040000000001,,0.43527,0.37041
1.119574,1.27562,0.7723220000000001,,0.375238,1.571568
0.2328,0.380678,1.5151240000000001,,0.36332400000000004,0.478706
1.0451880000000002,0.719524,0.470034,,2.7086940000000004,0.471902
0.68127,1.7778699999999998,0.701314,,1.30616,0.8996679999999999
0.49156400000000006,0.803894,0.629062,,3.699916,0.43965800000000005
1.201662,0.403292,0.882146,,0.68186,0.82472
0.642162,2.377278,0.568988,,0.7723220000000001,0.561502
0.8491900000000001,0.367744,1.394596,,0.482066,1.663462
0.194812,0.27827999999999997,1.364982,,0.575212,0.984588
0.40931599999999996,0.942628,4.402994,,0.301496,0.544764
0.680144,0.574126,0.473354,,0.462964,0.484086
0.9607600000000001,0.693862,1.826874,,1.870388,0.432666
0.620194,0.5228579999999999,0.543194,,0.7435940000000001,0.481664
0.632202,1.524114,0.346808,,0.18727600000000003,0.8009919999999999
0.57876,1.0727060000000002,0.40824,,1.021578,0.51225
0.52174,0.747328,0.5769980000000001,,0.593188,0.43705
0.977338,0.734894,0.458542,,0.720914,0.630546
0.75763,1.591428,1.182454,,0.346808,1.037846
0.356724,0.33717,0.639552,,0.46599599999999997,0.70824
0.9268540000000001,0.922084,0.60403,,0.301734,1.891906
0.9551240000000001,0.353208,1.4748620000000001,,0.6912480000000001,0.32622
0.973734,0.269704,1.25753,,0.67338,0.493478
0.56935,0.470034,0.7939400000000001,,0.300486,1.48699
0.865862,0.628144,2.1215859999999997,,0.42994400000000005,0.29533
0.469914,0.772126,2.592842,,0.590106,0.54465
1.67657,0.49623,3.037226,,0.43303600000000003,0.30662
0.642884,0.737564,0.38212599999999997,,3.005328,0.30880399999999997
0.609226,0.66113,0.475512,,0.48473000000000005,0.8364820000000001
1.334864,0.393776,0.719388,,3.0543959999999997,2.454212
0.493352,1.450572,0.798972,,1.4430020000000001,0.959014
0.620966,0.685416,1.105814,,0.377618,1.4279000000000002
2.358286,0.5298339999999999,0.603842,,0.887552,0.886882
0.37,0.530558,0.33892200000000006,,0.382298,0.5101100000000001
0.701314,1.976898,1.087912,,0.86648,1.093232
0.397416,2.9860160000000002,1.14438,,0.39320800000000006,3.597978
2.548986,0.563408,0.6061559999999999,,1.194038,1.115086
0.660522,3.3541620000000005,1.118838,,0.602182,0.790942
0.8725700000000001,0.42432600000000004,1.1068019999999998,,0.8086340000000001,0.515958
1.018702,0.492894,0.539748,,0.582962,0.40525
0.595022,1.15114,0.6169500000000001,,0.958358,0.695348
1.1884860000000002,0.733106,1.072956,,1.33169,1.5479159999999998
0.330316,1.769476,1.75452,,0.518768,0.42849000000000004
1.507046,1.8233920000000001,0.6077960000000001,,0.468312,0.318904
0.303454,0.387324,0.55541,,0.9030480000000001,0.36193400000000003
1.161984,0.647496,0.46072199999999996,,1.182094,0.614186
0.712284,1.1393199999999999,0.418804,,0.713572,1.2711180000000002
1.268578,0.572074,0.833234,,0.8435940000000001,1.30843
2.456682,0.921202,0.768374,,0.47746,0.813714
0.79968,1.16801,0.489248,,0.5016820000000001,0.4556
0.332296,2.277264,0.557384,,0.293972,0.775464
0.459986,0.58186,0.955318,,0.907142,0.8033920000000001
0.8215220000000001,0.9472480000000001,0.382942,,0.7629460000000001,0.64512
0.494792,0.8743460000000001,0.5883680000000001,,0.701784,0.7735000000000001
0.708692,1.012926,0.9470020000000001,,1.889666,1.086646
1.133462,0.457756,1.139918,,0.465296,5.196554
0.424796,2.04286,1.215712,,0.44087200000000004,0.485106
1.010018,0.598014,0.9415420000000001,,0.4922,0.511332
0.7893140000000001,0.6359400000000001,0.457686,,0.311416,1.8285220000000002
0.978948,2.2257000000000002,1.284466,,0.340352,0.754208
1.92325,2.066004,1.280302,,0.8323680000000001,0.984
0.8231860000000001,0.6586559999999999,0.698386,,0.517038,0.541794
0.8961100000000001,0.40961000000000003,0.40525,,0.69176,0.67553
0.696414,0.325262,1.243674,,0.48700400000000005,0.5346580000000001
1.5542159999999998,0.96313,1.6840060000000001,,0.7006660000000001,0.640474
0.9846779999999999,0.7276480000000001,2.236096,,0.5072,0.30938
0.323512,2.324464,3.0050480000000004,,0.578706,0.479654
0.340352,0.936226,0.84936,,0.58175,0.483144
1.636466,0.505204,0.7969940000000001,,0.485688,0.629212
2.378946,1.348398,1.926158,,0.45796,2.666192
0.9928880000000001,0.574442,2.2156540000000002,,0.5129239999999999,0.558856
0.43117,0.43965800000000005,0.935072,,0.392326,1.1775579999999999
2.2988239999999998,0.661892,1.845514,,0.422588,0.485106
0.8690599999999999,0.665588,0.6412640000000001,,0.689942,0.301496
0.556608,0.41494600000000004,0.427818,,0.40406400000000003,0.9236500000000001
0.50034,0.754082,0.542014,,0.602996,0.687502
0.862962,1.544638,0.35354800000000003,,1.739494,0.8989880000000001
1.114576,0.634558,1.50895,,0.68065,0.314306
0.381602,0.816002,0.5159260000000001,,,0.473088
0.35057,1.1450440000000002,0.435178,,,0.27566
0.704298,1.883678,0.9401280000000001,,,1.158482
0.804984,0.5494439999999999,0.38339999999999996,,,1.386236
1.140946,0.775962,0.8504120000000001,,,0.356118
0.70824,0.894642,2.011428,,,0.635232
0.8964120000000001,1.4588720000000002,0.710788,,,1.1287540000000003
1.5295860000000001,1.0038880000000001,1.950714,,,0.30398000000000003
0.3397,2.9146479999999997,0.29686399999999996,,,0.300752
1.1440000000000001,0.480666,1.1022260000000002,,,1.540966
0.7121799999999999,3.3266820000000004,1.122356,,,0.50305
0.560802,0.7379580000000001,1.530532,,,1.133288
0.390656,0.40824,0.672682,,,0.6914020000000001
0.683126,0.610052,0.406452,,,0.540166
0.5369539999999999,0.280322,1.999204,,,0.9766420000000001
0.7093680000000001,0.33179000000000003,0.8935879999999999,,,1.25854
0.35438400000000003,0.80201,0.6055220000000001,,,0.459078
0.48375599999999996,2.4588740000000002,0.58833,,,0.488888
1.5920880000000002,0.503018,0.429418,,,0.458786
0.40335000000000004,0.5572100000000001,1.887512,,,0.36248
0.660328,0.284402,2.238672,,,1.4307100000000001
0.849944,0.541794,1.1322560000000002,,,0.5258740000000001
0.7018200000000001,0.40204,2.008908,,,0.339558
0.45997000000000005,0.7467380000000001,0.5392319999999999,,,0.9085399999999999
1.089,0.363236,7.5869860000000005,,,0.364072
0.8855139999999999,1.276032,0.867348,,,1.055282
1.209912,0.8003020000000001,0.811756,,,0.746536
1.005188,0.629174,2.2897540000000003,,,0.382942
0.634958,0.324672,1.0723900000000002,,,0.29899200000000004
0.72472,0.367042,1.4380739999999999,,,1.8819720000000002
0.922858,0.569944,2.209898,,,0.38082600000000005
0.5431760000000001,0.841478,0.96777,,,0.869458
0.47093599999999997,1.354228,0.703934,,,1.305762
0.6959460000000001,1.5460980000000002,0.5876079999999999,,,0.478802
3.792516,0.805096,2.28434,,,0.38525400000000004
0.430298,0.580262,0.44047800000000004,,,0.949706
0.46141000000000004,1.1156780000000002,2.1552759999999997,,,0.696566
1.393562,0.5127999999999999,2.654484,,,0.5016820000000001
0.8879400000000001,0.44569400000000003,0.441202,,,1.0582
0.43527,0.311416,0.779334,,,0.338378
0.45403,0.415524,0.211206,,,0.32249
0.7528940000000001,0.39412200000000003,0.305502,,,1.12073
0.48400400000000005,0.82163,1.254988,,,1.3689040000000001
2.26187,1.517346,3.592008,,,0.562736
1.917058,0.5736380000000001,0.4347,,,0.5425760000000001
0.7321340000000001,0.896072,0.966746,,,0.602288
1.035136,0.664064,0.591666,,,0.742194
0.528458,0.78404,0.356118,,,2.71658
0.50448,1.0045979999999999,0.61025,,,0.37702600000000003
0.322596,0.546882,2.657808,,,1.500954
0.850562,0.6247720000000001,0.40485000000000004,,,0.45793
0.390774,2.035812,0.79289,,,1.334132
0.736912,1.189878,0.743756,,,0.428622
0.6894199999999999,0.7379560000000001,0.674472,,,0.486116
0.671476,0.407922,0.440822,,,1.362058
1.21177,0.293538,1.549442,,,0.355578
2.5074240000000003,2.177,0.577806,,,0.398804
0.977256,0.635232,0.78495,,,1.260732
0.649224,0.561712,0.715766,,,0.572172
0.367614,0.77371,1.010314,,,0.43117
0.9719260000000001,0.828956,0.787462,,,0.32954
0.617298,0.807774,0.79944,,,0.41083800000000004
0.984758,0.478752,2.658854,,,0.27118200000000003
0.515476,1.68439,0.9609559999999999,,,1.2045160000000001
0.527412,1.387672,0.592324,,,0.554476
0.316764,0.409238,0.406452,,,1.535042
0.470426,0.7422500000000001,0.918792,,,1.899674
0.548836,1.2128599999999998,0.760308,,,0.5763780000000001
0.5163139999999999,0.289116,0.49176,,,0.7611380000000001
0.824776,0.359378,0.851214,,,0.652288
2.4783239999999997,0.317672,0.680566,,,0.374192
0.892888,0.316184,1.2957720000000001,,,0.34595400000000004
0.35967200000000005,0.706904,0.357464,,,0.583112
1.823178,0.32363600000000003,1.815314,,,0.48779000000000006
0.36239800000000005,0.594588,0.793846,,,1.2378339999999999
0.654682,1.14463,0.850178,,,0.9208339999999999
1.5702,1.166,0.301974,,,0.383082
1.3369000000000002,0.466274,0.417808,,,1.022682
0.895038,0.813682,0.418306,,,0.420594
0.447772,2.355446,1.1594280000000001,,,0.7774760000000001
1.592414,0.583798,0.28677600000000003,,,1.187574
0.684424,3.272482,3.574714,,,0.709392
0.8435940000000001,1.55202,0.6762400000000001,,,1.912042
1.485032,0.527394,0.448642,,,0.450782
0.7806040000000001,0.848604,0.825652,,,0.6897920000000001
2.0872020000000004,0.534756,1.186188,,,0.374448
0.301496,0.660682,0.440876,,,0.481868
1.4582080000000002,0.31458600000000003,1.268666,,,0.622192
0.49368,0.70499,1.634774,,,0.4556
0.63352,0.809594,0.639028,,,0.8994420000000001
0.29492399999999996,0.5580280000000001,0.406078,,,0.41282
0.357514,0.9831639999999999,1.079586,,,1.7543760000000002
0.489902,0.449396,0.737,,,0.866634
0.353208,0.8190839999999999,0.970462,,,1.3870280000000001
1.07528,0.584492,2.3398499999999998,,,0.261204
1.02062,0.586424,0.510736,,,0.9632000000000001
0.51031,1.280624,0.715858,,,0.6808500000000001
0.73934,0.56851,0.384666,,,1.990728
1.19578,0.9954320000000001,2.8692340000000005,,,0.31481400000000004
1.5047180000000002,1.162646,0.830346,,,2.031968
0.797468,1.116586,0.3397,,,2.129458
0.343796,1.793376,2.450682,,,0.579396
1.418906,0.369242,1.5420920000000002,,,0.397914
0.232938,1.738562,0.633322,,,0.6528700000000001
0.378866,0.892692,0.69817,,,0.8840460000000001
0.370842,1.5119420000000001,0.384838,,,0.67476
0.774184,0.621266,1.119856,,,0.536538
2.7199120000000003,0.700928,1.159632,,,3.45141
0.437652,3.7510299999999996,0.506616,,,0.729484
0.986908,0.593996,3.8931180000000003,,,0.918096
0.8407060000000001,0.428454,1.441896,,,0.899954
1.0640340000000001,0.6709539999999999,0.9769840000000001,,,0.872328
0.9581440000000001,0.29176,1.573582,,,0.5475760000000001
0.657344,0.8415220000000001,0.671122,,,0.7975300000000001
0.408926,0.389626,0.8231660000000001,,,3.662736
0.846086,0.6364400000000001,0.27511399999999997,,,0.591406
0.623464,0.839774,0.48826200000000003,,,0.499028
1.709732,0.650824,0.622414,,,0.42012
0.906862,0.32705399999999996,0.648394,,,1.262356
0.492686,0.380574,1.056442,,,0.6085320000000001
0.79565,0.347332,0.468188,,,1.462228
0.701314,1.003354,0.409238,,,0.5056240000000001
0.86361,0.42969799999999997,1.754312,,,0.631826
0.764996,0.6380480000000001,0.45550799999999997,,,1.1245159999999998
0.33736,0.40676799999999996,0.931504,,,1.7745520000000001
0.942992,1.146868,1.00457,,,0.955876
1.096038,0.448642,0.498894,,,0.588956
0.728332,0.313848,1.014348,,,1.094086
0.7853680000000001,1.029744,0.40154199999999995,,,0.41299
0.810384,0.358134,1.215086,,,1.549022
0.712774,0.883804,0.949962,,,0.5745439999999999
0.599626,0.527002,1.651952,,,0.402314
0.8915440000000001,0.49659600000000004,0.55209,,,1.586484
0.828686,0.8581219999999999,0.410858,,,0.37608600000000003
1.41105,1.4797960000000001,0.988216,,,0.704048
0.2087,0.384416,1.470566,,,0.5432939999999999
0.398502,0.707054,1.648652,,,1.7485080000000002
1.009294,0.751236,3.353314,,,0.9821219999999999
0.577294,2.6416180000000002,0.347178,,,0.29350200000000004
1.241298,0.45403,0.36113799999999996,,,1.651058
0.311178,0.289116,0.414174,,,0.41183
0.92218,1.3864619999999999,0.944034,,,0.682456
0.559946,0.4,1.028918,,,0.486148
2.0,0.6542899999999999,0.45880200000000004,,,0.44439999999999996
0.4882,0.49163,0.419356,,,0.870082
0.669928,0.563038,0.27174200000000004,,,0.626052
0.74999,1.131656,0.340352,,,0.6123
0.9282279999999999,0.793556,1.234828,,,5.23412
0.92586,0.7165299999999999,0.8598260000000001,,,0.32400599999999996
0.52806,0.9319919999999999,1.219198,,,0.9952540000000001
0.619486,0.367614,1.0491540000000001,,,0.35170999999999997
1.597504,0.574168,2.185924,,,0.26484800000000003
0.858942,0.264038,0.462916,,,0.71409
0.6788379999999999,1.9483620000000001,5.143447999999999,,,0.493514
0.816022,0.400484,0.429962,,,0.41687
0.804626,1.404992,0.73129,,,0.46178800000000003
1.426444,1.1275460000000002,0.8164640000000001,,,2.033166
0.314554,1.445958,1.8923220000000003,,,0.250798
1.504382,0.232938,0.601296,,,0.42445800000000006
0.5883120000000001,0.217448,0.309742,,,0.584054
3.1600960000000002,0.347638,1.473914,,,0.580444
1.1909280000000002,0.9238200000000001,1.22068,,,0.678188
0.29533,1.1180340000000002,0.91634,,,0.68398
0.70772,0.527276,0.49944400000000005,,,0.5391140000000001
0.39280000000000004,0.5373,0.7977960000000001,,,0.9133
0.286252,0.6380119999999999,0.8346140000000001,,,0.48400400000000005
0.424288,1.586636,0.478752,,,0.712834
0.35057,0.28792399999999996,0.8988320000000001,,,0.49529
0.45880200000000004,1.149068,0.386622,,,0.998132
0.597862,0.503352,0.554274,,,2.803338
0.657802,0.635232,0.64074,,,0.405784
0.464262,0.47954199999999997,1.04433,,,0.576504
0.518664,0.28677600000000003,0.693078,,,0.823264
0.56423,0.83939,0.58175,,,0.41299
0.9544199999999999,0.476924,1.03359,,,0.8183920000000001
0.214374,3.2060100000000005,0.56096,,,0.59429
0.8628,0.503746,0.35913799999999996,,,1.249028
0.7786580000000001,0.7949160000000001,0.378866,,,0.97007
0.764852,0.719336,0.358468,,,1.154706
0.8936620000000001,0.283478,0.309012,,,0.364006
0.631548,0.355078,1.092546,,,0.850584
0.2605,0.844294,0.5445180000000001,,,0.642894
0.591666,0.432726,0.42360800000000004,,,0.925586
0.41204399999999997,0.45299400000000006,0.677784,,,0.33409
0.7388880000000001,0.459274,0.321726,,,0.9842219999999999
0.694046,0.673712,0.75493,,,0.566056
0.58354,0.58765,0.6092920000000001,,,2.111932
0.6812380000000001,0.884002,0.49143400000000004,,,0.49587000000000003
0.69857,0.747328,0.904064,,,0.47236
0.9500000000000001,1.271592,0.734302,,,1.2513040000000002
0.33567800000000003,0.9951900000000001,0.791072,,,0.977272
0.43104000000000003,0.902726,0.768502,,,0.465948
1.292256,0.55541,1.015924,,,0.626038
0.7532340000000001,0.35821800000000004,1.27997,,,0.528156
0.7453,0.88381,0.493478,,,0.469914
0.44911,0.316056,0.571836,,,0.8789840000000001
0.403584,1.081616,0.42360800000000004,,,0.8498479999999999
0.7536180000000001,2.550502,0.487594,,,1.5251299999999999
0.634554,0.319406,1.1058240000000001,,,0.487594
0.451774,3.5950640000000003,0.66328,,,0.924562
0.86201,0.505352,4.684386,,,9.788972
0.470426,1.58119,0.703934,,,1.831906
0.58366,3.0230740000000003,0.5738880000000001,,,0.52042
0.341976,0.561826,0.393776,,,0.262488
0.435614,0.7184880000000001,0.41002,,,0.471526
0.352324,0.97587,0.460108,,,0.825602
0.190158,0.27566,2.8829540000000002,,,1.67147
0.8593959999999999,0.528302,0.482498,,,1.013016
0.5285639999999999,0.7104699999999999,0.327786,,,1.16758
0.73001,0.5134400000000001,0.593044,,,0.325262
0.396596,0.564156,0.314866,,,1.764292
0.6548780000000001,0.39283999999999997,0.365388,,,0.38796400000000003
1.145086,2.085402,1.625734,,,0.41998
0.6741900000000001,0.50385,0.423628,,,1.0145440000000001
3.313178,0.413324,0.526334,,,0.508476
0.8770800000000001,1.3017239999999999,0.765404,,,1.111284
0.9369,0.48549000000000003,0.333256,,,1.2301300000000002
0.396872,0.557684,0.34656000000000003,,,0.31231400000000004
0.528302,0.7676280000000001,0.539332,,,0.875552
0.9486100000000001,0.822176,0.454476,,,0.530694
1.219278,0.344308,0.888684,,,0.468158
0.53116,3.8956060000000003,1.5772740000000003,,,0.352346
2.118386,2.020802,0.383902,,,0.5163139999999999
0.622976,1.2447300000000001,0.9275800000000001,,,0.43344600000000005
0.650602,0.617298,1.93445,,,0.37107999999999997
0.37701999999999997,0.44736200000000004,0.7873840000000001,,,0.697588
0.400944,0.741242,1.442476,,,0.502156
0.274926,0.92114,0.587718,,,1.4427500000000002
3.061462,0.48549000000000003,1.571298,,,0.547508
0.360272,0.636254,3.9133760000000004,,,2.359512
0.9802200000000001,0.31064400000000003,1.0565120000000001,,,1.7088
0.881464,0.544058,0.37924599999999997,,,0.510314
0.81662,0.34944600000000003,0.455214,,,1.294482
0.509556,0.736912,0.594956,,,1.834514
0.321726,1.94375,1.152056,,,0.475534
0.28594400000000003,0.43609600000000004,0.355848,,,0.477246
1.08427,0.546498,2.498084,,,0.594256
0.522456,0.646298,0.5503640000000001,,,1.560298
0.656048,2.2199400000000002,0.855974,,,1.355524
1.0524179999999999,0.57333,0.369128,,,0.90802
1.181174,0.660046,1.6995920000000002,,,0.9710460000000001
0.9788060000000001,0.488086,0.38275400000000004,,,0.460826
1.012926,1.027604,0.30126400000000003,,,1.1226479999999999
0.6459,0.41788600000000004,0.482912,,,2.254064
0.569406,0.550146,0.419204,,,2.081582
0.441202,0.349262,0.702426,,,0.32296800000000003
0.43317,0.887904,0.34618400000000005,,,1.892892
2.1074100000000002,1.029892,0.803712,,,1.8117340000000002
0.444342,0.5515359999999999,0.9133719999999999,,,1.010018
3.449516,0.342024,1.245756,,,0.749424
0.958034,0.661202,0.7280120000000001,,,0.360028
0.33567800000000003,3.190486,1.9341439999999999,,,4.154862
1.1136400000000002,1.842112,0.9752500000000001,,,0.44038600000000006
0.8958060000000001,0.652616,0.570434,,,0.74397
0.687678,0.544798,0.427692,,,0.364006
1.237934,0.640104,0.469552,,,0.43576600000000004
0.31802600000000003,0.619448,0.545046,,,0.559318
0.40172199999999997,0.543948,0.6679320000000001,,,0.376876
0.7971140000000001,1.82375,0.5503640000000001,,,0.43964600000000004
0.39836200000000005,0.461376,0.435178,,,1.136952
1.064224,0.63331,1.148356,,,3.168044
1.6104979999999998,0.53226,1.347732,,,0.400784
0.908558,1.2118820000000001,0.791104,,,0.7729480000000001
0.860058,0.372864,0.429534,,,0.5391140000000001
0.366676,0.688852,4.26444,,,1.5263140000000002
0.496258,0.345606,0.7471340000000001,,,0.520772
0.777084,0.700562,3.29544,,,0.404772
0.511332,0.41101400000000005,0.683942,,,2.4212
0.6543920000000001,0.594216,0.887904,,,0.71648
0.8025979999999999,1.005746,0.433392,,,2.768682
0.324172,0.663808,0.594094,,,0.5419120000000001
,0.49604000000000004,0.526334,,,0.803712
,0.33455,1.0311880000000002,,,0.485572
,0.38313,0.34393599999999996,,,0.8039360000000001
,0.79831,0.303454,,,0.719688
,1.3036979999999998,1.722222,,,5.148564
,0.386622,1.024926,,,1.8696
,0.53,1.494046,,,5.76182
,0.486164,0.39783999999999997,,,0.7919240000000001
,1.024206,2.6028800000000003,,,0.435394
,0.6364400000000001,0.59702,,,0.89248
,0.444342,0.8055019999999999,,,1.046778
,0.720996,0.33205399999999996,,,0.316764
,0.5042420000000001,3.6511280000000004,,,0.494954
,0.97864,1.1893060000000002,,,3.643008
,0.325122,0.31933,,,0.75801
,0.834536,0.8694600000000001,,,0.6173
,0.414174,0.5856720000000001,,,0.395904
,0.603616,0.366,,,0.250568
,0.320656,1.164698,,,3.1715839999999997
,0.666528,0.48362400000000005,,,2.003334
,0.837828,0.39440600000000003,,,1.5269840000000001
,1.9310260000000001,0.617754,,,0.620442
,0.44643,2.630726,,,0.6851240000000001
,0.9807380000000001,0.7229740000000001,,,0.45607
,0.670672,0.282878,,,1.052588
,0.701602,1.9392360000000002,,,0.624388
,1.320484,1.0354,,,0.752002
,0.508476,0.897688,,,0.348488
,1.266294,1.038278,,,0.55167
,0.653768,0.34176,,,1.954706
,0.7159880000000001,0.822172,,,0.386808
,0.554216,3.3339260000000004,,,0.74751
,0.5395700000000001,0.41373000000000004,,,0.723616
,0.262976,1.415062,,,0.875592
,0.954118,0.429292,,,0.777622
,0.688794,0.40770999999999996,,,1.130198
,0.322274,0.9410660000000001,,,0.921202
,0.729814,1.092214,,,1.409912
,0.835534,1.470586,,,0.49914
,0.262976,2.274556,,,0.44835800000000003
,0.740896,0.398558,,,2.116304
,1.1722679999999999,0.5763780000000001,,,1.0615999999999999
,0.511124,0.32296800000000003,,,0.6702980000000001
,0.433668,1.024634,,,0.54847
,0.65678,0.348528,,,1.130296
,1.4974880000000002,0.690786,,,0.729756
,0.557314,3.3569380000000004,,,0.418306
,0.489506,0.75951,,,0.5880040000000001
,0.269874,0.56056,,,2.30057
,0.699442,0.316764,,,0.6843300000000001
,0.64005,0.5969160000000001,,,0.661274
,1.249896,0.596858,,,1.066136
,0.8055019999999999,0.340352,,,0.41305200000000003
,1.128512,0.458594,,,1.303836
,0.5648920000000001,2.812612,,,0.527246
,0.779728,0.6750320000000001,,,0.366676
,0.8508840000000001,0.8033920000000001,,,0.562896
,0.552406,4.00605,,,0.6903239999999999
,0.84565,0.58996,,,0.5947140000000001
,0.697882,1.390776,,,2.15333
,0.58288,0.851944,,,1.09249
,0.400964,0.496258,,,0.9994740000000001
,0.5406259999999999,0.9563520000000001,,,3.19318
,0.536004,0.653168,,,0.8025080000000001
,0.407686,0.37226400000000004,,,0.670358
,0.516644,0.45258800000000005,,,1.222158
,1.0822660000000002,0.630862,,,0.8310299999999999
,0.261602,1.011568,,,0.37736000000000003
,0.535978,0.8328,,,0.834326
,0.29331799999999997,0.58597,,,1.12712
,1.257682,0.783918,,,1.860524
,0.994422,0.36635,,,0.779788
,0.31508800000000003,0.41677400000000003,,,0.95805
,0.419356,0.9354800000000001,,,0.40770999999999996
,0.9918060000000001,0.576392,,,0.46545
,0.867696,0.394548,,,0.850562
,0.41687,1.3457860000000001,,,0.6917580000000001
,2.354708,0.381602,,,1.928442
,0.43020400000000003,1.1684539999999999,,,0.9574940000000001
,0.318798,0.430464,,,1.7321660000000003
,0.694564,0.336886,,,0.289614
,0.6358360000000001,0.6172880000000001,,,0.457476
,0.5850299999999999,0.369388,,,0.9567140000000001
,0.656612,2.064534,,,0.475714
,0.46564,0.326436,,,0.3708
,1.003548,0.43352,,,0.757598
,0.452518,0.7195560000000001,,,0.659242
,0.563648,1.66977,,,0.968944
,0.612248,0.443554,,,1.0164980000000001
,1.1644,0.820928,,,1.1751580000000001
,0.5356000000000001,0.32725,,,0.6552100000000001
,1.3408060000000002,0.590106,,,2.292856
,2.115978,0.546424,,,1.35413
,0.855814,0.941678,,,0.31064400000000003
,0.872278,0.4257,,,1.0290300000000001
,0.77847,0.433336,,,0.505066
,0.31648000000000004,0.425808,,,0.344052
,0.711666,1.5137620000000003,,,0.456864
,0.6404500000000001,1.010568,,,0.832346
,0.398502,4.779816,,,2.238614
,0.382962,0.944434,,,0.776342
,0.76922,1.834632,,,0.505384
,1.1075899999999999,1.8161980000000002,,,0.44021800000000005
,0.6999679999999999,1.03097,,,0.793204
,0.825806,1.4938380000000002,,,0.404816
,1.214016,0.381182,,,0.9925480000000001
,0.996924,0.5736060000000001,,,4.108376
,0.479654,1.21779,,,0.365978
,0.556938,0.584126,,,2.2148380000000003
,0.991606,0.776124,,,0.530648
,1.407076,2.349434,,,0.42432600000000004
,3.01798,0.900916,,,0.44362599999999996
,2.981312,1.120966,,,0.49294600000000005
,0.8407060000000001,0.6281680000000001,,,0.9367540000000001
,1.063308,1.034958,,,0.42410000000000003
,0.831646,0.581602,,,0.272418
,1.6490280000000002,0.853382,,,0.315296
,0.388624,9.372182,,,0.6290119999999999
,0.328494,0.37226400000000004,,,0.560802
,0.43320600000000004,0.425418,,,0.507326
,0.31435,0.6327999999999999,,,0.367722
,0.686192,1.1511959999999999,,,0.884002
,0.42506400000000005,0.37032400000000004,,,1.38055
,0.57872,0.35208999999999996,,,0.261726
,0.98717,0.380678,,,0.772918
,1.759754,0.6609340000000001,,,0.43169
,0.6814479999999999,2.57766,,,0.39548000000000005
,0.6593840000000001,0.40056400000000003,,,1.701648
,0.375282,4.168004,,,0.221142
,0.9162640000000001,0.526972,,,1.051738
,0.6644,0.6440159999999999,,,0.5110020000000001
,0.40056400000000003,1.0486579999999999,,,0.433964
,0.7549640000000001,2.613932,,,0.554794
,0.82369,0.633786,,,1.01553
,0.32842000000000005,0.427388,,,0.71742
,0.8498479999999999,0.859164,,,0.42088000000000003
,0.505078,0.37455,,,0.553884
,1.266858,0.44289999999999996,,,0.35668
,1.4977660000000002,1.4719280000000001,,,0.262976
,,0.336476,,,1.888306
,,0.445278,,,0.804548
,,0.35000000000000003,,,0.37979399999999996
,,0.43320600000000004,,,0.384832
,,0.716656,,,1.9690180000000002
,,0.44212599999999996,,,0.48923200000000006
,,0.48826200000000003,,,3.807214
,,0.948286,,,0.614118
,,1.548314,,,0.261564
,,0.504876,,,0.49294600000000005
,,0.488786,,,1.128832
,,0.37041,,,0.302318
,,1.277468,,,0.580262
,,1.256358,,,0.29958
,,0.357688,,,0.27513600000000005
,,1.3997439999999999,,,0.840098
,,2.947108,,,0.636568
,,1.395514,,,1.4684100000000002
,,0.557136,,,0.457424
,,0.359962,,,1.0511279999999998
,,0.5768500000000001,,,1.5172400000000001
,,0.465382,,,0.7049120000000001
,,0.503746,,,0.28352
,,0.766382,,,3.5122560000000003
,,1.125442,,,1.047542
,,0.35913799999999996,,,0.582684
,,1.374282,,,0.7998540000000001
,,0.795668,,,0.336886
,,0.672952,,,0.934638
,,0.78059,,,0.29487
,,1.065692,,,0.41615800000000003
,,0.5448120000000001,,,1.719488
,,1.27517,,,0.681624
,,0.558856,,,0.85184
,,1.126154,,,0.7881020000000001
,,0.46599599999999997,,,0.407922
,,0.466874,,,0.26205399999999995
,,0.403094,,,0.697882
,,0.373594,,,0.48665800000000004
,,0.87314,,,0.8708239999999999
,,0.508414,,,0.28652999999999995
,,1.243136,,,0.33650599999999997
,,1.62181,,,0.607832
,,0.40824,,,2.2093800000000003
,,0.341156,,,0.38946600000000003
,,3.1290120000000003,,,0.681176
,,0.6924880000000001,,,0.499152
,,0.35208999999999996,,,0.887434
,,1.3870200000000001,,,0.311416
,,0.796132,,,3.734496
,,0.689406,,,1.010992
,,0.41744400000000004,,,1.482814
,,0.8829400000000001,,,0.531372
,,1.257244,,,0.853904
,,0.5204500000000001,,,0.32840199999999997
,,1.1570960000000001,,,0.516732
,,0.483706,,,0.269258
,,2.575254,,,0.888144
,,1.3910360000000002,,,0.46564
,,0.414366,,,0.39548000000000005
,,0.482962,,,2.130076
,,1.031228,,,0.539332
,,0.31719400000000003,,,0.496774
,,0.405704,,,0.784524
,,0.503592,,,0.428378
,,0.960836,,,0.744386
,,0.6132920000000001,,,1.238524
,,0.867024,,,0.37608600000000003
,,3.4073160000000002,,,1.472912
,,0.569944,,,0.602288
,,0.8770800000000001,,,0.46113400000000004
,,0.803326,,,0.942156
,,0.506806,,,0.539332
,,1.220468,,,0.8105140000000001
,,1.215358,,,0.61324
,,1.152616,,,0.30909600000000004
,,0.333418,,,0.9887600000000001
,,0.347246,,,0.72243
,,0.47307,,,1.214322
,,0.38201999999999997,,,1.0632000000000001
,,0.454876,,,0.7839
,,0.919258,,,1.676066
,,0.5764199999999999,,,1.270616
,,0.41083800000000004,,,0.7373559999999999
,,0.61765,,,0.850508
,,0.386,,,0.518556
,,2.331004,,,0.620454
,,0.787576,,,0.746536
,,0.749602,,,0.832468
,,2.460322,,,0.9419160000000001
,,0.481332,,,1.048094
,,0.372156,,,0.685242
,,0.406708,,,1.80421
,,0.8666240000000001,,,1.110042
,,0.7723220000000001,,,0.6508120000000001
,,1.1260919999999999,,,2.378724
,,0.633204,,,4.286742
,,1.4038819999999999,,,1.565576
,,0.49143400000000004,,,0.536004
,,0.38848000000000005,,,0.568168
,,0.57287,,,0.9365080000000001
,,0.502144,,,0.700582
,,0.8153779999999999,,,0.698962
,,0.55,,,1.295212
,,1.2744360000000001,,,1.846936
,,0.7796460000000001,,,0.9401940000000001
,,0.922224,,,0.903072
,,0.416428,,,0.265932
,,0.466428,,,0.845044
,,1.1776600000000002,,,0.6893020000000001
,,0.60362,,,1.5188
,,0.724024,,,0.506596
,,0.688434,,,1.34
,,0.8320160000000001,,,1.150166
,,0.508802,,,0.423628
,,0.49587000000000003,,,0.835316
,,0.36571600000000004,,,0.967952
,,0.437104,,,1.113952
,,0.5950139999999999,,,1.339382
,,0.7020000000000001,,,1.124186
,,0.96391,,,1.0322339999999999
,,0.425906,,,0.33892200000000006
,,0.564836,,,0.5970599999999999
,,1.2828840000000001,,,0.926022
,,0.654862,,,0.31321
,,0.888218,,,0.602876
,,0.478272,,,3.175514
,,0.434626,,,0.521648
,,1.515214,,,0.720288
,,1.043886,,,0.413806
,,0.42568,,,0.584054
,,2.667122,,,0.5997340000000001
,,0.62758,,,1.521118
,,1.9628640000000002,,,0.982164
,,1.340748,,,1.0072240000000001
,,0.647734,,,1.6058500000000002
,,0.6645080000000001,,,0.466806
,,0.805096,,,0.7121799999999999
,,0.325262,,,0.45508600000000005
,,0.375046,,,0.50592
,,0.5670879999999999,,,0.6807519999999999
,,1.548366,,,1.8604440000000002
,,0.408626,,,0.523086
,,0.49793200000000004,,,0.334216
,,0.42132200000000003,,,1.658866
,,0.9155,,,3.2356819999999997
,,0.529744,,,0.6506460000000001
,,0.5937279999999999,,,0.35170999999999997
,,0.584054,,,0.44996400000000003
,,2.104028,,,1.012594
,,0.8663940000000001,,,0.48032
,,0.626856,,,0.484086
,,0.26437,,,0.855214
,,0.9561580000000001,,,0.446878
,,0.428042,,,1.131426
,,0.34176,,,2.77374
,,0.398924,,,0.9105540000000001
,,0.616496,,,0.8277580000000001
,,1.355322,,,0.718602
,,0.614312,,,0.290414
,,0.30524,,,0.33717
,,0.475534,,,0.43212
,,0.557384,,,0.75493
,,0.333034,,,0.83436
,,1.0735460000000001,,,0.9610259999999999
,,0.577,,,0.6914020000000001
,,1.101412,,,0.666048
,,0.385544,,,0.601296
,,1.651608,,,2.88596
,,0.969322,,,1.010162
,,1.592136,,,0.771298
,,1.243866,,,1.405134
,,1.6963840000000001,,,0.6445620000000001
,,0.421678,,,0.44843200000000005
,,0.701236,,,1.1618060000000001
,,0.676618,,,1.3912140000000002
,,0.961784,,,0.84617
,,0.218504,,,0.388046
,,1.244548,,,0.79049
,,1.939498,,,0.402198
,,0.597638,,,1.9041560000000002
,,0.496198,,,0.360854
,,0.455442,,,0.8211459999999999
,,0.7440979999999999,,,1.769386
,,0.404718,,,0.523266
,,0.34913600000000006,,,0.250894
,,0.47632,,,0.33736
,,0.605392,,,0.42562400000000006
,,0.395904,,,1.349292
,,0.743304,,,0.834824
,,0.784652,,,0.57472
,,0.698722,,,0.64183
,,2.318866,,,2.473942
,,1.4042080000000001,,,0.397658
,,0.31923,,,0.710924
,,0.386082,,,0.419142
,,0.7553799999999999,,,0.595238
,,0.6576839999999999,,,0.88775
,,1.239382,,,0.6556759999999999
,,0.410644,,,0.49526200000000004
,,0.565534,,,0.353554
,,0.45384199999999997,,,0.29665400000000003
,,0.481664,,,0.847634
,,1.036626,,,0.41299
,,0.7555000000000001,,,1.3824960000000002
,,1.11385,,,0.6515420000000001
,,0.48087,,,0.41373000000000004
,,1.56706,,,0.342812
,,0.742496,,,1.226418
,,0.915288,,,0.545046
,,0.86201,,,0.885512
,,1.646762,,,2.305894
,,0.699806,,,0.416926
,,0.7952380000000001,,,0.8783799999999999
,,0.820686,,,1.179988
,,1.013192,,,0.490306
,,0.957682,,,0.763526
,,0.452712,,,0.407686
,,1.61974,,,0.721468
,,0.502538,,,2.6314840000000004
,,0.960134,,,0.550726
,,0.9318960000000001,,,1.116546
,,0.77761,,,1.1985139999999999
,,0.82913,,,1.125098
,,1.290988,,,0.32363600000000003
,,0.9578180000000001,,,0.447666
,,0.753644,,,0.398984
,,0.5277459999999999,,,0.438858
,,1.227512,,,0.87829
,,2.500504,,,0.664946
,,0.631838,,,0.6501100000000001
,,0.43829199999999996,,,0.529396
,,0.300752,,,0.7569020000000001
,,2.231792,,,0.5011340000000001
,,0.6850539999999999,,,0.957664
,,1.6166619999999998,,,0.40029000000000003
,,1.032404,,,1.051488
,,0.49735199999999996,,,0.47732600000000003
,,0.65362,,,0.530408
,,0.41733,,,0.819914
,,0.8960359999999999,,,1.0351759999999999
,,0.509116,,,1.849884
,,0.56096,,,0.406078
,,0.726592,,,1.008772
,,0.675352,,,0.557136
,,0.514606,,,0.6446000000000001
,,0.348006,,,0.7005520000000001
,,1.02874,,,0.537062
,,0.502156,,,0.6180220000000001
,,1.310032,,,0.41744400000000004
,,0.7616820000000001,,,3.860048
,,1.117428,,,0.404638
,,0.5564779999999999,,,0.7551760000000001
,,0.450834,,,0.8531380000000001
,,0.553624,,,0.62734
,,0.6031380000000001,,,0.6070180000000001
,,1.98557,,,1.229458
,,2.313196,,,0.51241
,,0.384666,,,0.6621
,,0.5918819999999999,,,0.37041
,,0.540592,,,0.393954
,,1.8937220000000001,,,0.619368
,,0.568168,,,0.41305200000000003
,,0.5700879999999999,,,3.00748
,,0.469046,,,1.176926
,,2.388516,,,0.921382
,,1.8458160000000001,,,0.645864
,,0.5423239999999999,,,0.6792140000000001
,,0.542014,,,0.701076
,,0.95698,,,1.138654
,,0.522946,,,1.177816
,,0.52,,,1.048214
,,0.551394,,,0.378866
,,0.422588,,,0.9413279999999999
,,0.81506,,,0.49653600000000003
,,0.39320800000000006,,,0.27130000000000004
,,1.438014,,,0.742794
,,0.887434,,,0.427818
,,3.49735,,,0.46761
,,3.095928,,,1.040094
,,1.4992660000000002,,,0.33736
,,1.44439,,,0.7026720000000001
,,0.922138,,,1.4178920000000002
,,0.8438,,,0.735208
,,0.49944400000000005,,,1.072646
,,1.7224460000000001,,,2.83678
,,0.489506,,,1.4257520000000001
,,0.4134,,,0.6144940000000001
,,1.0164060000000001,,,1.439164
,,2.54025,,,0.767472
,,1.8456460000000003,,,1.32047
,,0.9267000000000001,,,1.6727020000000001
,,0.47168200000000005,,,0.419604
,,2.2326420000000002,,,2.746822
,,1.632432,,,0.541938
,,2.621622,,,1.20659
,,1.026718,,,0.510392
,,0.6772680000000001,,,0.69552
,,0.42520600000000003,,,1.109646
,,1.285216,,,0.47694400000000003
,,0.434608,,,0.6159260000000001
,,1.533422,,,0.393954
,,0.600936,,,0.47801600000000005
,,0.765404,,,0.664654
,,1.283876,,,1.230968
,,0.794944,,,0.7407380000000001
,,0.304322,,,0.37226400000000004
,,2.1295300000000004,,,0.665924
,,3.091006,,,0.544764
,,0.7076720000000001,,,1.6660139999999999
,,0.784634,,,1.013572
,,0.744386,,,0.827804
,,0.572712,,,1.87707
,,0.33650599999999997,,,0.754088
,,0.6685420000000001,,,0.5693680000000001
,,1.155402,,,0.367614
,,0.4629,,,0.383416
,,3.4269939999999997,,,0.65959
,,0.567102,,,0.380552
,,0.346208,,,0.82992
,,0.602132,,,0.853904
,,2.858292,,,0.331494
,,0.505384,,,2.432618
,,1.249212,,,1.1461400000000002
,,0.43584,,,0.294598
,,0.56056,,,0.97728
,,6.280536000000001,,,0.515248
,,0.829598,,,0.49555200000000005
,,0.515756,,,1.90551
,,0.634958,,,0.39468400000000003
,,1.613176,,,3.3148
,,0.43473200000000006,,,0.471342
,,0.97682,,,2.68209
,,0.35542,,,1.2277580000000001
,,0.564698,,,0.47917000000000004
,,0.7571319999999999,,,1.2346880000000002
,,0.405784,,,1.8097919999999998
,,1.8409220000000002,,,0.562086
,,0.513206,,,0.771298
,,0.43576600000000004,,,1.005496
,,4.63476,,,0.8338479999999999
,,1.546962,,,0.935848
,,0.584086,,,0.685194
,,0.36499400000000004,,,0.56508
,,0.490832,,,0.869908
,,0.41002,,,0.41002
,,0.6815420000000001,,,0.561616
,,0.823646,,,1.249396
,,0.632456,,,0.6637580000000001
,,0.37560000000000004,,,0.7264160000000001
,,0.635072,,,0.6334160000000001
,,0.441276,,,0.372864
,,2.245888,,,0.38187400000000005
,,1.5056239999999999,,,0.7329060000000001
,,0.778956,,,0.6215499999999999
,,1.24147,,,0.75298
,,4.121498,,,0.450516
,,0.4778,,,1.912642
,,0.590592,,,0.9518920000000001
,,0.752768,,,0.909696
,,0.67338,,,0.486806
,,0.413864,,,0.59065
,,0.56016,,,0.5966079999999999
,,2.027768,,,0.353208
,,0.544058,,,1.634638
,,0.356724,,,0.62758
,,0.696944,,,0.31241
,,0.459426,,,0.619448
,,1.262446,,,0.9001579999999999
,,0.541498,,,2.397396
,,0.505384,,,0.43303600000000003
,,0.9024420000000001,,,1.4338959999999998
,,2.885494,,,1.76791
,,0.46351600000000004,,,0.37560000000000004
,,1.395068,,,1.9492980000000002
,,0.8046300000000001,,,0.78174
,,0.758538,,,1.735342
,,0.462018,,,0.755068
,,0.674272,,,0.673074
,,0.501202,,,0.68188
,,0.422018,,,0.748848
,,1.77437,,,0.366
,,1.5636140000000003,,,1.2889400000000002
,,0.504876,,,0.840876
,,1.1751500000000001,,,0.823628
,,0.5134400000000001,,,0.896608
,,0.790122,,,0.39477
,,1.19347,,,0.657866
,,0.680778,,,0.8766860000000001
,,0.985592,,,0.35318
,,0.814312,,,0.514308
,,0.730942,,,0.765484
,,0.452124,,,1.7015160000000003
,,0.6268819999999999,,,0.394792
,,0.874742,,,0.375046
,,1.334942,,,0.57043
,,1.3492819999999999,,,0.854132
,,0.64498,,,0.9415420000000001
,,0.578716,,,0.59065
,,1.12729,,,0.842086
,,0.6281680000000001,,,0.545234
,,1.055986,,,0.388128
,,0.652616,,,0.475534
,,0.582468,,,0.6279640000000001
,,1.07227,,,0.589226
,,1.1592,,,0.33017
,,1.6069559999999998,,,1.098174
,,2.962734,,,0.49555200000000005
,,0.37626,,,0.688316
,,0.822516,,,0.455442
,,1.25135,,,0.51125
,,0.53077,,,0.7479
,,0.44499400000000006,,,0.948184
,,0.441276,,,0.28366800000000003
,,1.707466,,,1.645042
,,1.2512820000000002,,,3.938168
,,0.510078,,,0.325748
,,0.476424,,,0.527412
,,0.8551420000000001,,,0.385544
,,0.235194,,,1.334054
,,0.612486,,,1.243134
,,0.541084,,,0.43148200000000003
,,0.35281799999999996,,,0.73339
,,0.7388640000000001,,,0.9187639999999999
,,1.60068,,,0.365388
,,0.429292,,,1.443906
,,0.885592,,,0.450516
,,0.506806,,,0.5011340000000001
,,1.957448,,,0.525178
,,1.380616,,,1.9554340000000001
,,1.135916,,,0.296708
,,0.33650599999999997,,,0.30620200000000003
,,0.6612380000000001,,,0.47445600000000004
,,0.31400599999999995,,,1.121972
,,0.51729,,,0.35183
,,0.5714020000000001,,,0.50241
,,1.3034100000000002,,,0.634492
,,2.151484,,,1.647812
,,1.970386,,,0.550408
,,0.7954500000000001,,,2.123648
,,0.8536440000000001,,,2.033082
,,2.226154,,,0.41204399999999997
,,0.9436599999999999,,,0.3397
,,0.702012,,,0.938616
,,1.084104,,,0.507326
,,0.5600580000000001,,,1.513134
,,0.38616000000000006,,,0.849294
,,0.37736000000000003,,,0.494842
,,0.57287,,,0.7056
,,0.873904,,,1.1689800000000001
,,0.6799080000000001,,,1.3788399999999998
,,0.5391140000000001,,,0.452428
,,0.45827999999999997,,,0.757082
,,0.413304,,,0.7194020000000001
,,3.492446,,,1.017658
,,0.58641,,,0.9928
,,4.15378,,,2.078168
,,4.57502,,,0.424948
,,3.36261,,,0.574776
,,0.419142,,,0.705978
,,0.469234,,,0.5528
,,0.35913799999999996,,,0.43289800000000006
,,0.400604,,,0.501474
,,0.721998,,,0.886882
,,0.573136,,,1.107076
,,0.346808,,,0.6492340000000001
,,0.610406,,,0.8363740000000001
,,0.33222199999999996,,,0.419604
,,0.665832,,,0.5534800000000001
,,1.4573180000000001,,,0.456864
,,0.723306,,,1.769308
,,2.176704,,,0.707644
,,0.311416,,,0.430464
,,0.618954,,,0.491202
,,0.61875,,,0.7000379999999999
,,1.236468,,,1.341016
,,0.577044,,,0.5244
,,0.639014,,,0.398558
,,0.559288,,,0.5928
,,1.049916,,,0.6364299999999999
,,1.140738,,,0.765664
,,0.39,,,1.060048
,,0.8166660000000001,,,1.395982
,,1.52482,,,0.386622
,,2.230842,,,0.380316
,,0.501714,,,0.268924
,,0.773058,,,0.474994
,,0.550146,,,0.430464
,,0.501474,,,0.801728
,,0.528972,,,2.9252219999999998
,,1.005762,,,0.49163
,,1.3378800000000002,,,0.454158
,,0.817024,,,1.237638
,,0.70859,,,1.2468720000000002
,,0.582,,,0.384166
,,0.32439999999999997,,,0.94278
,,0.615028,,,0.601492
,,0.500688,,,0.37979399999999996
,,0.52903,,,0.39661
,,1.236512,,,0.382962
,,0.8266380000000001,,,0.29689800000000005
,,0.434166,,,0.321726
,,0.5391140000000001,,,0.44348200000000004
,,0.511124,,,0.650824
,,1.119828,,,0.501006
,,0.7923239999999999,,,0.761128
,,0.678,,,4.213426
,,0.956058,,,0.87944
,,0.7679199999999999,,,0.9005
,,1.1720519999999999,,,1.8824079999999999
,,0.5180159999999999,,,0.33522
,,0.962956,,,2.555092
,,0.41194600000000003,,,1.3965180000000001
,,0.85514,,,0.810598
,,0.360628,,,0.56123
,,0.715882,,,0.302186
,,0.35027400000000003,,,0.422018
,,2.142126,,,0.28366800000000003
,,0.86092,,,0.507594
,,0.62381,,,0.30511
,,1.852182,,,0.27014800000000005
,,2.191256,,,0.568168
,,0.586788,,,0.866222
,,0.936432,,,0.465296
,,1.268514,,,0.655734
,,1.445818,,,0.43705
,,1.004586,,,0.622592
,,1.053932,,,0.763054
,,0.576212,,,0.830434
,,0.6476540000000001,,,0.449396
,,0.7543920000000001,,,1.44222
,,1.156126,,,1.124374
,,0.530694,,,1.358636
,,0.361668,,,0.401756
,,0.21770599999999998,,,0.49294600000000005
,,0.541794,,,0.43705
,,0.724234,,,0.829378
,,0.928448,,,0.5872419999999999
,,3.88972,,,0.91923
,,0.778626,,,0.45407000000000003
,,0.507326,,,0.631548
,,0.729078,,,0.43007
,,0.766316,,,0.9106860000000001
,,1.28684,,,0.45140199999999997
,,1.120572,,,1.863976
,,0.585098,,,0.42360800000000004
,,2.169004,,,0.977722
,,0.31862799999999997,,,0.537226
,,0.922138,,,0.419204
,,2.821876,,,1.654812
,,0.607632,,,2.21359
,,0.387732,,,0.37
,,0.7295400000000001,,,0.568094
,,1.40358,,,0.962418
,,2.2753940000000004,,,2.3596179999999998
,,1.016976,,,1.4835319999999999
,,1.05,,,1.120088
,,0.71354,,,0.348832
,,0.666652,,,0.590338
,,0.596232,,,0.48982
,,0.660522,,,0.259082
,,0.6814479999999999,,,0.389974
,,1.850894,,,0.625348
,,0.42849000000000004,,,0.514514
,,0.8248759999999999,,,1.879116
,,0.71481,,,0.6783300000000001
,,1.102288,,,0.333952
,,0.731168,,,0.458158
,,0.717418,,,0.34539800000000004
,,0.800122,,,1.032886
,,3.4225000000000003,,,0.8258620000000001
,,0.36339,,,1.148712
,,0.9769380000000001,,,0.387164
,,1.191538,,,0.88273
,,0.828648,,,0.368136
,,1.116558,,,0.37924599999999997
,,0.711562,,,4.00328
,,0.742794,,,1.202756
,,0.438858,,,0.3528
,,0.87314,,,0.37838
,,0.7262540000000001,,,0.42271600000000004
,,0.6672480000000001,,,0.380316
,,0.979684,,,1.00077
,,2.712094,,,0.674534
,,0.7935800000000001,,,0.651548
,,0.29869,,,1.125038
,,0.638226,,,1.698282
,,1.303324,,,0.248846
,,0.734894,,,0.565378
,,0.535616,,,0.90592
,,0.45751600000000003,,,0.585348
,,0.89255,,,0.35170999999999997
,,0.978572,,,0.223006
,,1.164506,,,0.694888
,,0.763622,,,0.959766
,,0.351028,,,0.711294
,,0.620966,,,1.096934
,,1.0028460000000001,,,0.667308
,,0.8016500000000001,,,0.355848
,,0.514058,,,0.520984
,,0.902924,,,0.368332
,,1.420986,,,0.49
,,0.446268,,,0.483628
,,0.891078,,,0.590624
,,0.41761200000000004,,,1.3965800000000002
,,0.340148,,,1.064378
,,1.927372,,,1.454372
,,2.557868,,,0.361248
,,0.87148,,,0.38796400000000003
,,3.244708,,,0.7732960000000001
,,0.30953600000000003,,,1.668708
,,0.314866,,,0.326828
,,0.6446000000000001,,,1.101282
,,0.720646,,,0.797098
,,0.8626860000000001,,,0.624718
,,0.75493,,,1.4475360000000002
,,1.123396,,,0.37497800000000003
,,0.310832,,,0.7767820000000001
,,0.6989080000000001,,,0.435012
,,0.6511319999999999,,,1.901214
,,0.645368,,,0.6046760000000001
,,0.458594,,,0.905302
,,2.33206,,,0.39280000000000004
,,0.375282,,,0.70374
,,1.246386,,,0.7281900000000001
,,0.9751920000000001,,,0.64622
,,1.1506120000000002,,,5.141542
,,0.522246,,,0.6625080000000001
,,0.646944,,,0.356118
,,0.44843200000000005,,,0.33984800000000004
,,0.54365,,,0.8369679999999999
,,0.497132,,,0.6300119999999999
,,0.39661,,,1.2977500000000002
,,1.251554,,,0.27200799999999997
,,0.661614,,,0.30398000000000003
,,2.390804,,,1.367096
,,3.5746800000000007,,,0.8317720000000001
,,1.07766,,,0.41951
,,0.42821,,,3.221782
,,0.380316,,,0.21540600000000001
,,0.348488,,,0.24130400000000002
,,0.5244,,,0.47634
,,0.8952519999999999,,,0.893068
,,0.929226,,,0.719124
,,0.418708,,,0.46648
,,0.44646600000000003,,,1.759472
,,0.806486,,,0.36499400000000004
,,0.544058,,,3.963692
,,0.858942,,,0.4728
,,0.958532,,,0.269704
,,0.41274200000000005,,,0.699034
,,0.5695760000000001,,,1.246488
,,0.871488,,,0.43965800000000005
,,0.287088,,,0.33717
,,0.5928,,,1.374884
,,0.619268,,,0.320156
,,0.776124,,,0.26500599999999996
,,0.6897920000000001,,,0.5828920000000001
,,0.37608600000000003,,,0.441438
,,0.463794,,,0.932406
,,2.321006,,,0.5710900000000001
,,0.9270700000000001,,,0.2597
,,1.1961,,,0.5891860000000001
,,0.302318,,,0.707506
,,0.375366,,,0.702502
,,0.682562,,,0.644104
,,0.364774,,,1.5897780000000001
,,0.577294,,,1.14683
,,0.7237680000000001,,,0.6900000000000001
,,0.518664,,,3.64505
,,0.46037,,,0.5730620000000001
,,0.626804,,,0.614336
,,0.832868,,,2.511562
,,0.35327600000000003,,,0.7283580000000001
,,0.42360800000000004,,,0.9779
,,0.637298,,,0.3356
,,0.42107,,,1.83871
,,1.233098,,,0.344052
,,0.931648,,,0.346208
,,0.7569440000000001,,,1.616838
,,0.5994160000000001,,,1.879568
,,0.545996,,,
,,0.8694640000000001,,,
,,1.3249980000000001,,,
,,1.430744,,,
,,2.034404,,,
,,0.28364,,,
,,0.57171,,,
,,0.699034,,,
,,0.8055019999999999,,,
,,0.536004,,,
,,0.754066,,,
,,0.844732,,,
,,1.9998740000000002,,,
,,0.401104,,,
,,0.9528500000000001,,,
,,1.502418,,,
,,0.514576,,,
,,1.0838219999999998,,,
,,0.559804,,,
,,0.518664,,,
,,0.8604120000000001,,,
,,0.439344,,,
,,0.432666,,,
,,1.041164,,,
,,0.494772,,,
,,0.360628,,,
,,0.300832,,,
,,0.232938,,,
,,0.52376,,,
,,1.322454,,,
,,0.72443,,,
,,0.5252380000000001,,,
,,0.645158,,,
,,1.31903,,,
,,0.570856,,,
,,1.28125,,,
,,0.731062,,,
,,1.1504320000000001,,,
,,0.37226400000000004,,,
,,0.32129800000000003,,,
,,0.740932,,,
,,0.556172,,,
,,1.173224,,,
,,1.63027,,,
,,0.558354,,,
,,0.522456,,,
,,0.36248,,,
,,0.28999400000000003,,,
,,1.15452,,,
,,0.48400400000000005,,,
,,0.46045600000000003,,,
,,0.314102,,,
,,0.780084,,,
,,0.634808,,,
,,0.7849700000000001,,,
,,1.662004,,,
,,0.404718,,,
,,0.39108600000000004,,,
,,0.733742,,,
,,1.128966,,,
,,1.242728,,,
,,0.992542,,,
,,1.265164,,,
,,0.656998,,,
,,0.868712,,,
,,0.8089120000000001,,,
,,0.66534,,,
,,1.157488,,,
,,1.01704,,,
,,0.9166900000000001,,,
,,0.5995739999999999,,,
,,1.17252,,,
,,1.373694,,,
,,0.47168200000000005,,,
,,1.93342,,,
,,0.561016,,,
,,1.7265920000000001,,,
,,0.837558,,,
,,0.247952,,,
,,0.54531,,,
,,1.052268,,,
,,1.3937940000000002,,,
,,0.64746,,,
,,0.420462,,,
,,1.6274359999999999,,,
,,1.122114,,,
,,0.691378,,,
,,0.42643200000000003,,,
,,1.858252,,,
,,1.16011,,,
,,0.370842,,,
,,0.6612380000000001,,,
,,0.6881860000000001,,,
,,0.823924,,,
,,0.9347340000000001,,,
,,1.847884,,,
,,0.569228,,,
,,0.49176,,,
,,0.468158,,,
,,0.798616,,,
,,1.048246,,,
,,0.481918,,,
,,0.571836,,,
,,0.62394,,,
,,0.5377759999999999,,,
,,0.42643200000000003,,,
,,2.934292,,,
,,1.199668,,,
,,0.8772340000000001,,,
,,1.5341820000000002,,,
,,0.544058,,,
,,0.506426,,,
,,0.706586,,,
,,0.944596,,,
,,0.392326,,,
,,0.5492859999999999,,,
,,1.333636,,,
,,0.243022,,,
,,2.3522499999999997,,,
,,0.28806200000000004,,,
,,0.734828,,,
,,0.48352,,,
,,0.6057400000000001,,,
,,1.685136,,,
,,0.598534,,,
,,0.6760920000000001,,,
,,0.909762,,,
,,0.819524,,,
,,1.10041,,,
,,0.659154,,,
,,0.675468,,,
,,0.772366,,,
,,0.635964,,,
,,2.223102,,,
,,0.979642,,,
,,0.748726,,,
,,0.687166,,,
,,3.0454380000000003,,,
,,2.1906380000000003,,,
,,0.850658,,,
,,0.503924,,,
,,0.8725700000000001,,,
,,0.578014,,,
,,0.5468500000000001,,,
,,0.852554,,,
,,0.9228160000000001,,,
,,0.32267,,,
,,0.307616,,,
,,0.392326,,,
,,0.44481400000000004,,,
,,1.681744,,,
,,0.5249600000000001,,,
,,0.322094,,,
,,0.464836,,,
,,1.319572,,,
,,1.27532,,,
,,0.532184,,,
,,0.9221760000000001,,,
,,0.824624,,,
,,0.639578,,,
,,0.661892,,,
,,0.665376,,,
,,0.483922,,,
,,1.657386,,,
,,1.009142,,,
,,0.5425599999999999,,,
,,1.116136,,,
,,0.716204,,,
,,1.20606,,,
,,0.745668,,,
,,0.6364400000000001,,,
,,0.615376,,,
,,0.42415600000000003,,,
,,1.0804760000000002,,,
,,0.40406400000000003,,,
,,1.00287,,,
,,0.364006,,,
,,0.6422000000000001,,,
,,0.567102,,,
,,1.2400900000000001,,,
,,0.571234,,,
,,0.301602,,,
,,1.008732,,,
,,0.5816979999999999,,,
,,0.27014800000000005,,,
,,2.569764,,,
,,1.167748,,,
,,0.41704199999999997,,,
,,0.8123579999999999,,,
,,1.911926,,,
,,0.9261119999999999,,,
,,0.6705220000000001,,,
,,1.733502,,,
,,0.489506,,,
,,0.6636920000000001,,,
,,2.070186,,,
,,3.2116,,,
,,0.713572,,,
,,0.804076,,,
,,0.68469,,,
,,0.796756,,,
,,1.834548,,,
,,0.710788,,,
,,1.0963500000000002,,,
,,2.2970560000000004,,,
,,0.770976,,,
,,0.45486200000000004,,,
,,0.427948,,,
,,4.338296,,,
,,0.344702,,,
,,0.32842000000000005,,,
,,0.5027320000000001,,,
,,1.03447,,,
,,0.60937,,,
,,0.97814,,,
,,0.970404,,,
,,3.5869200000000006,,,
,,0.601392,,,
,,0.422588,,,
,,0.39418200000000003,,,
,,0.3202,,,
,,0.997246,,,
,,0.34954199999999996,,,
,,0.341156,,,
,,0.6097380000000001,,,
,,2.3849940000000003,,,
,,1.409202,,,
,,1.7068820000000002,,,
,,1.06449,,,
,,1.53792,,,
,,0.633972,,,
,,0.33736,,,
,,1.15398,,,
,,2.820094,,,
,,1.098626,,,
,,0.430074,,,
,,0.9158160000000001,,,
,,1.0577560000000001,,,
,,1.389324,,,
,,0.43148200000000003,,,
,,0.600084,,,
,,0.723414,,,
,,0.30837000000000003,,,
,,0.514062,,,
,,0.7586520000000001,,,
,,0.877268,,,
,,0.55154,,,
,,0.631306,,,
,,0.726638,,,
,,0.686024,,,
,,0.454876,,,
,,0.550756,,,
,,0.6528700000000001,,,
,,0.863558,,,
,,3.2653339999999997,,,
,,0.79412,,,
,,0.5646100000000001,,,
,,1.351682,,,
,,0.836232,,,
,,5.294716,,,
,,0.347332,,,
,,0.338094,,,
,,0.47263,,,
,,0.52991,,,
,,0.620966,,,
,,0.893722,,,
,,0.476592,,,
,,0.886072,,,
,,0.9367540000000001,,,
,,0.425808,,,
,,2.116988,,,
,,1.463594,,,
,,0.874228,,,
,,1.131952,,,
,,0.539752,,,
,,0.460978,,,
,,0.6121340000000001,,,
,,1.5785280000000002,,,
,,0.6735720000000001,,,
,,1.5624000000000002,,,
,,0.659018,,,
,,2.1480740000000003,,,
,,0.68469,,,
,,0.976726,,,
,,0.37701999999999997,,,
,,0.822048,,,
,,1.205762,,,
,,0.8874080000000001,,,
,,2.449536,,,
,,1.359602,,,
,,0.6071900000000001,,,
,,1.21529,,,
,,0.7416760000000001,,,
,,0.71254,,,
,,1.441006,,,
,,1.606842,,,
,,0.316512,,,
,,0.430464,,,
,,0.535522,,,
,,0.45997000000000005,,,
,,0.6215499999999999,,,
,,0.46539800000000003,,,
,,0.579092,,,
,,0.8830180000000001,,,
,,1.189878,,,
,,0.703934,,,
,,0.8872300000000001,,,
,,0.5540839999999999,,,
,,2.0549,,,
,,1.164524,,,
,,0.53286,,,
,,0.580776,,,
,,1.303438,,,
,,1.916552,,,
,,1.171654,,,
,,1.096586,,,
,,0.567492,,,
,,0.459168,,,
,,0.456426,,,
,,0.3356,,,
,,1.0761500000000002,,,
,,0.71197,,,
,,1.1550580000000001,,,
,,0.2328,,,
,,3.1377240000000004,,,
,,0.751236,,,
,,1.2555239999999999,,,
,,0.452836,,,
,,0.39283999999999997,,,
,,0.340352,,,
,,0.476642,,,
,,0.634618,,,
,,0.669988,,,
,,0.42410000000000003,,,
,,0.872928,,,
,,0.737086,,,
,,0.6452279999999999,,,
,,2.577218,,,
,,0.616574,,,
,,0.8376720000000001,,,
,,0.7303400000000001,,,
,,0.265932,,,
,,0.663316,,,
,,0.890818,,,
,,0.580924,,,
,,2.407312,,,
,,0.9366920000000001,,,
,,2.1786320000000003,,,
,,0.7732559999999999,,,
,,1.620044,,,
,,0.8247380000000001,,,
,,0.327836,,,
,,0.403866,,,
,,0.729082,,,
,,1.495506,,,
,,0.46165,,,
,,0.59688,,,
,,0.311802,,,
,,0.61017,,,
,,0.540166,,,
,,0.335886,,,
,,0.36295,,,
,,0.36433,,,
,,0.44492200000000004,,,
,,0.40995600000000004,,,
,,1.7318500000000001,,,
,,0.355578,,,
,,0.64588,,,
,,0.481332,,,
,,0.63352,,,
,,0.7395560000000001,,,
,,0.616366,,,
,,1.623672,,,
,,0.458594,,,
,,0.32573,,,
,,0.9274920000000001,,,
,,1.338064,,,
,,0.367614,,,
,,0.44763000000000003,,,
,,0.492686,,,
,,0.298904,,,
,,1.285402,,,
,,0.870708,,,
,,0.487626,,,
,,1.045874,,,
,,1.242322,,,
,,1.253324,,,
,,0.36264,,,
,,0.96594,,,
,,0.47416800000000003,,,
,,0.5689740000000001,,,
,,0.37560000000000004,,,
,,0.6160420000000001,,,
,,0.503352,,,
,,0.9005,,,
,,0.41000000000000003,,,
,,0.7924819999999999,,,
,,0.309742,,,
,,0.805316,,,
,,0.45299400000000006,,,
,,0.7884500000000001,,,
,,1.357486,,,
,,0.6706799999999999,,,
,,0.28594400000000003,,,
,,0.423622,,,
,,0.32118,,,
,,0.58247,,,
,,0.29533,,,
,,0.36193400000000003,,,
,,0.48982,,,
,,0.7456780000000001,,,
,,0.989296,,,
,,1.5588520000000001,,,
,,0.503746,,,
,,1.175224,,,
,,0.49113799999999996,,,
,,0.7585740000000001,,,
,,0.348144,,,
,,0.289116,,,
,,0.348144,,,
,,0.311724,,,
,,0.33217399999999997,,,
,,0.9557800000000001,,,
,,2.783486,,,
,,0.596272,,,
,,0.9592799999999999,,,
,,0.582408,,,
,,1.9971700000000001,,,
,,0.855152,,,
,,1.2741419999999999,,,
,,0.688352,,,
,,1.083818,,,
,,1.002248,,,
,,0.865122,,,
,,1.6757240000000002,,,
,,0.639014,,,
,,0.563252,,,
,,0.6404,,,
,,1.411634,,,
,,0.584126,,,
,,0.928054,,,
,,0.7765120000000001,,,
,,0.449022,,,
,,0.39351200000000003,,,
,,0.613452,,,
,,0.9918060000000001,,,
,,0.499268,,,
,,0.62012,,,
,,0.511812,,,
,,1.0979860000000001,,,
,,1.0538399999999999,,,
,,0.372156,,,
,,0.427818,,,
,,0.285748,,,
,,0.67631,,,
,,1.170862,,,
,,0.41744400000000004,,,
,,0.382962,,,
,,1.159538,,,
,,0.26400799999999996,,,
,,0.348832,,,
,,1.380192,,,
,,4.575912000000001,,,
,,0.601066,,,
,,0.829778,,,
,,1.3305239999999998,,,
,,0.568824,,,
,,0.40406400000000003,,,
,,0.7026380000000001,,,
,,3.537908,,,
,,0.40824,,,
,,0.6056699999999999,,,
,,0.8373120000000001,,,
,,0.358022,,,
,,0.35668,,,
,,1.1427200000000002,,,
,,0.604202,,,
,,3.097172,,,
,,0.882542,,,
,,0.270296,,,
,,0.359962,,,
,,0.7035480000000001,,,
,,0.9447300000000001,,,
,,0.496488,,,
,,0.503924,,,
,,0.47154199999999996,,,
,,0.6137659999999999,,,
,,1.3324760000000002,,,
,,0.419948,,,
,,0.39802,,,
,,0.953914,,,
,,0.30662,,,
,,0.39069200000000004,,,
,,0.654498,,,
,,0.724818,,,
,,0.824342,,,
,,0.46409,,,
,,0.316764,,,
,,0.321726,,,
,,0.32842000000000005,,,
,,0.476924,,,
,,0.557684,,,
,,0.5473020000000001,,,
,,0.650246,,,
,,0.522904,,,
,,0.314554,,,
,,1.6551200000000001,,,
,,0.355848,,,
,,1.3130739999999999,,,
,,1.801866,,,
,,1.887714,,,
,,1.014348,,,
,,0.630784,,,
,,0.7660399999999999,,,
,,0.469552,,,
,,0.829868,,,
,,2.699818,,,
,,0.57567,,,
,,0.572018,,,
,,0.459078,,,
,,0.941192,,,
,,0.542014,,,
,,0.467234,,,
,,0.621174,,,
,,0.602182,,,
,,0.52042,,,
,,1.9490640000000001,,,
,,0.41899400000000003,,,
,,0.40525,,,
,,6.237536,,,
,,0.558802,,,
,,0.593448,,,
,,0.501138,,,
,,0.780166,,,
,,0.7583280000000001,,,
,,0.380316,,,
,,0.618182,,,
,,0.5432939999999999,,,
,,0.67767,,,
,,0.409414,,,
,,1.173244,,,
,,1.337536,,,
,,1.523302,,,
,,0.9931920000000001,,,
,,0.38413,,,
,,0.560802,,,
,,0.64548,,,
,,1.0879880000000002,,,
,,0.77501,,,
,,4.23504,,,
,,1.7098320000000002,,,
,,0.78031,,,
,,0.9900720000000001,,,
,,0.80174,,,
,,2.56648,,,
,,1.084066,,,
,,0.462018,,,
,,0.47144400000000003,,,
,,0.5381440000000001,,,
,,0.42821,,,
,,0.33567800000000003,,,
,,0.420462,,,
,,0.6612140000000001,,,
,,0.384838,,,
,,0.339488,,,
,,0.7424120000000001,,,
,,0.524324,,,
,,1.291056,,,
,,0.892564,,,
,,0.419142,,,
,,1.000336,,,
,,0.461692,,,
,,0.34644,,,
,,0.602756,,,
,,0.877086,,,
,,1.364266,,,
,,0.63925,,,
,,1.342752,,,
,,0.722838,,,
,,0.88109,,,
,,0.805652,,,
,,0.625514,,,
,,0.826726,,,
,,0.943918,,,
,,0.786498,,,
,,4.900044,,,
,,1.7441180000000003,,,
,,2.4264940000000004,,,
,,0.528866,,,
,,0.479416,,,
,,0.32195,,,
,,0.379388,,,
,,0.464486,,,
,,0.554,,,
,,1.016756,,,
,,0.493792,,,
,,0.37560000000000004,,,
,,0.518556,,,
,,0.518556,,,
,,0.707766,,,
,,0.8634740000000001,,,
,,1.1252680000000002,,,
,,0.530316,,,
,,2.635332,,,
,,0.52275,,,
,,1.011834,,,
,,0.591152,,,
,,0.525544,,,
,,0.365978,,,
,,1.888982,,,
,,0.480066,,,
,,0.53749,,,
,,0.6279260000000001,,,
,,0.7029120000000001,,,
,,1.26594,,,
,,0.536824,,,
,,0.7756959999999999,,,
,,0.4156,,,
,,0.7769919999999999,,,
,,0.46385000000000004,,,
,,1.4361199999999998,,,
,,1.516914,,,
,,0.527006,,,
,,1.147808,,,
,,0.887308,,,
,,0.474522,,,
,,0.6753640000000001,,,
,,1.0361099999999999,,,
,,0.568074,,,
,,0.965616,,,
,,0.43156,,,
,,1.03028,,,
,,0.514186,,,
,,0.614752,,,
,,0.377116,,,
,,0.454158,,,
,,0.338354,,,
,,0.35208999999999996,,,
,,0.470034,,,
,,0.590338,,,
,,0.946168,,,
,,2.508112,,,
,,0.355848,,,
,,0.345606,,,
,,3.37697,,,
,,2.466278,,,
,,2.23072,,,
,,0.712786,,,
,,0.8913840000000001,,,
,,0.734654,,,
,,1.121614,,,
,,0.75917,,,
,,2.143478,,,
,,0.7364160000000001,,,
,,1.0124279999999999,,,
,,0.699442,,,
,,0.952806,,,
,,1.0181660000000001,,,
,,1.027938,,,
,,1.870854,,,
,,0.579544,,,
,,0.831686,,,
,,0.6577540000000001,,,
,,0.354176,,,
,,0.552984,,,
,,0.811578,,,
,,0.5549660000000001,,,
,,0.6186860000000001,,,
,,0.930892,,,
,,2.470622,,,
,,0.8745940000000001,,,
,,0.53077,,,
,,0.552482,,,
,,0.234,,,
,,0.417918,,,
,,1.0437159999999999,,,
,,0.5349579999999999,,,
,,0.706816,,,
,,0.606106,,,
,,0.423628,,,
,,0.55541,,,
,,0.627936,,,
,,3.525088,,,
,,2.3657559999999997,,,
,,0.438346,,,
,,0.812778,,,
,,0.6304339999999999,,,
,,0.9380940000000001,,,
,,1.0417239999999999,,,
,,0.901768,,,
,,0.6999679999999999,,,
,,0.700562,,,
,,0.42177800000000004,,,
,,0.911582,,,
,,0.741482,,,
,,1.7014120000000001,,,
,,0.397416,,,
,,0.593996,,,
,,0.561588,,,
,,0.781988,,,
,,0.610266,,,
,,0.39802,,,
,,0.378866,,,
,,1.5335180000000002,,,
,,0.5983440000000001,,,
,,0.892692,,,
,,0.340476,,,
,,0.365644,,,
,,0.540448,,,
,,0.7029120000000001,,,
,,0.8146660000000001,,,
,,1.4049079999999998,,,
,,0.838474,,,
,,0.35688000000000003,,,
,,0.635814,,,
,,5.284276,,,
,,0.28792399999999996,,,
,,1.0719100000000001,,,
,,0.554822,,,
,,1.387724,,,
,,0.621742,,,
,,0.381602,,,
,,0.88766,,,
,,1.01763,,,
,,1.010198,,,
,,1.4091040000000001,,,
,,1.114202,,,
,,0.73585,,,
,,1.249174,,,
,,0.45290199999999997,,,
,,0.445278,,,
,,0.594428,,,
,,0.739084,,,
,,0.671408,,,
,,0.938732,,,
,,1.176626,,,
,,0.964384,,,
,,0.6869299999999999,,,
,,1.1251900000000001,,,
,,1.080512,,,
,,1.024754,,,
,,0.514218,,,
,,0.8936220000000001,,,
,,1.812664,,,
,,0.913298,,,
,,1.211486,,,
,,0.37899400000000005,,,
,,0.38998000000000005,,,
,,0.37257999999999997,,,
,,0.29350200000000004,,,
,,0.462796,,,
,,1.6604880000000002,,,
,,0.554,,,
,,0.6394,,,
,,1.204806,,,
,,0.939942,,,
,,1.473914,,,
,,0.7049120000000001,,,
,,0.813728,,,
,,2.639946,,,
,,1.396078,,,
,,0.705354,,,
,,0.6730119999999999,,,
,,0.570028,,,
,,0.957448,,,
,,1.034842,,,
,,0.730406,,,
,,2.292056,,,
,,2.892134,,,
,,0.680732,,,
,,0.912196,,,
,,6.114920000000001,,,
,,0.42977600000000005,,,
,,0.894974,,,
,,0.602544,,,
,,0.817042,,,
,,1.249174,,,
,,0.773524,,,
,,2.155048,,,
,,0.968844,,,
,,0.328444,,,
,,1.0601600000000002,,,
,,1.139446,,,
,,0.488086,,,
,,0.617298,,,
,,2.223716,,,
,,0.470642,,,
,,1.220884,,,
,,0.6552100000000001,,,
,,1.441722,,,
,,0.411752,,,
,,0.480666,,,
,,0.50484,,,
,,0.6272000000000001,,,
,,1.806084,,,
,,0.82235,,,
,,0.7184020000000001,,,
,,0.614638,,,
,,0.8520220000000001,,,
,,2.305012,,,
,,1.1088019999999998,,,
,,1.364464,,,
,,0.9962820000000001,,,
,,2.556142,,,
,,0.403886,,,
,,0.714288,,,
,,0.414922,,,
,,0.739514,,,
,,6.09482,,,
,,0.988132,,,
,,2.296604,,,
,,1.922108,,,
,,0.44058600000000003,,,
,,0.344094,,,
,,0.48567000000000005,,,
,,0.749598,,,
,,3.0508100000000002,,,
,,0.534734,,,
,,1.68729,,,
,,0.567538,,,
,,0.632256,,,
,,1.062856,,,
,,0.756328,,,
,,0.46496800000000005,,,
,,1.043348,,,
,,0.41687,,,
,,1.407682,,,
,,1.049298,,,
,,1.163994,,,
,,1.297642,,,
,,1.1567280000000002,,,
,,0.32842000000000005,,,
,,0.623024,,,
,,0.541794,,,
,,0.43825200000000003,,,
,,0.487512,,,
,,0.383212,,,
,,0.7245699999999999,,,
,,0.804082,,,
,,0.804212,,,
,,0.48155200000000004,,,
,,0.359026,,,
,,0.783992,,,
,,0.7923239999999999,,,
,,0.445624,,,
,,1.2517179999999999,,,
,,0.332746,,,
,,0.340352,,,
,,0.483794,,,
,,0.65672,,,
,,0.33184400000000003,,,
,,0.463436,,,
,,1.333772,,,
,,1.7600700000000002,,,
,,1.5680859999999999,,,
,,0.43352,,,
,,0.507138,,,
,,0.3708,,,
,,2.989872,,,
,,1.2560040000000001,,,
,,0.624656,,,
,,0.45827999999999997,,,
,,1.596352,,,
,,0.818858,,,
,,1.30951,,,
,,1.112708,,,
,,1.9060920000000001,,,
,,2.0017519999999998,,,
,,0.529774,,,
,,0.435894,,,
,,1.0672439999999999,,,
,,0.866804,,,
,,0.818616,,,
,,0.946414,,,
,,0.7864180000000001,,,
,,0.444616,,,
,,0.549676,,,
,,0.948802,,,
,,0.521648,,,
,,1.165882,,,
,,0.486806,,,
,,0.634004,,,
,,0.5917060000000001,,,
,,3.2082620000000004,,,
,,1.143118,,,
,,0.3644,,,
,,0.745668,,,
,,0.96387,,,
,,0.647386,,,
,,0.476138,,,
,,0.574776,,,
,,0.6057400000000001,,,
,,0.8637400000000001,,,
,,0.795832,,,
,,1.449144,,,
,,1.1491440000000002,,,
,,1.256766,,,
,,1.30951,,,
,,3.3969660000000004,,,
,,0.74213,,,
,,0.734654,,,
,,0.79313,,,
,,1.2119680000000002,,,
,,0.6621180000000001,,,
,,2.424396,,,
,,0.6495700000000001,,,
,,0.55623,,,
,,1.2820239999999998,,,
,,0.388046,,,
,,0.5414640000000001,,,
,,1.201732,,,
,,2.456886,,,
,,0.44736200000000004,,,
,,0.532664,,,
,,0.43320600000000004,,,
,,0.498124,,,
,,0.96747,,,
,,0.468158,,,
,,0.79834,,,
,,0.8917039999999999,,,
,,1.938982,,,
,,0.665002,,,
,,0.710924,,,
,,0.696704,,,
,,2.95234,,,
,,0.7028200000000001,,,
,,1.1720519999999999,,,
,,0.890144,,,
,,0.7494660000000001,,,
,,1.173576,,,
,,1.462796,,,
,,0.466476,,,
,,0.7923239999999999,,,
,,0.431356,,,
,,0.578222,,,
,,0.501198,,,
,,0.71164,,,
,,0.98327,,,
,,0.695348,,,
,,0.809902,,,
,,0.576722,,,
,,0.460978,,,
,,2.717592,,,
,,0.535212,,,
,,0.664686,,,
,,0.550072,,,
,,0.865602,,,
,,1.153694,,,
,,1.069154,,,
,,0.357144,,,
,,1.2986719999999998,,,
,,0.730548,,,
,,0.707742,,,
,,1.96481,,,
,,0.481664,,,
,,0.87046,,,
,,0.46812400000000004,,,
,,0.52903,,,
,,0.43965800000000005,,,
,,0.87299,,,
,,0.6258440000000001,,,
,,0.876924,,,
,,0.53412,,,
,,0.536854,,,
,,4.221372,,,
,,0.7748160000000001,,,
,,1.706638,,,
,,1.679244,,,
,,1.5780399999999999,,,
,,1.236628,,,
,,0.6732039999999999,,,
,,0.724872,,,
,,1.3122500000000001,,,
,,2.0786700000000002,,,
,,0.348528,,,
,,0.945578,,,
,,5.195254,,,
,,0.877456,,,
,,0.39548000000000005,,,
,,1.8705120000000002,,,
,,0.52923,,,
,,0.9556760000000001,,,
,,0.333034,,,
,,1.014744,,,
,,0.518124,,,
,,2.2716060000000002,,,
,,0.5204500000000001,,,
,,1.019898,,,
,,0.6765700000000001,,,
,,1.389226,,,
,,0.853288,,,
,,0.992542,,,
,,0.46178800000000003,,,
,,1.477888,,,
,,1.485852,,,
,,0.22011000000000003,,,
,,2.58588,,,
,,0.362834,,,
,,1.16262,,,
,,0.235194,,,
,,0.9370940000000001,,,
,,1.121972,,,
,,0.897466,,,
,,0.738336,,,
,,1.024822,,,
,,0.5444439999999999,,,
,,1.619942,,,
,,0.8441040000000001,,,
,,0.59738,,,
,,1.077614,,,
,,0.7533,,,
,,0.719688,,,
,,0.783134,,,
,,0.723546,,,
,,1.2106620000000001,,,
,,1.149478,,,
,,1.691244,,,
,,2.582828,,,
,,0.462204,,,
,,1.79921,,,
,,0.60742,,,
,,0.9535520000000001,,,
,,0.6912480000000001,,,
,,1.656398,,,
,,0.451486,,,
,,0.38212599999999997,,,
,,0.8985960000000001,,,
,,0.514218,,,
,,0.44481400000000004,,,
,,0.898134,,,
,,2.50538,,,
,,0.905918,,,
,,1.0842580000000002,,,
,,0.534134,,,
,,0.644772,,,
,,0.441276,,,
,,0.82374,,,
,,0.640104,,,
,,1.164186,,,
,,0.5285639999999999,,,
,,0.931384,,,
,,0.669806,,,
,,0.511864,,,
,,1.342632,,,
,,0.83511,,,
,,0.9553940000000001,,,
,,0.5395700000000001,,,
,,0.231742,,,
,,0.2934,,,
,,0.47584800000000005,,,
,,1.792874,,,
,,0.657866,,,
,,0.348856,,,
,,1.87507,,,
,,0.447946,,,
,,0.995778,,,
,,1.23444,,,
,,0.622012,,,
,,2.131726,,,
,,2.807716,,,
,,0.834536,,,
,,4.51044,,,
,,1.1452460000000002,,,
,,1.170982,,,
,,0.562314,,,
,,0.7321340000000001,,,
,,0.753204,,,
,,0.68,,,
,,0.6735140000000001,,,
,,1.289294,,,
,,0.822894,,,
,,1.4414120000000001,,,
,,0.90992,,,
,,0.418616,,,
,,0.942688,,,
,,0.568384,,,
,,0.700438,,,
,,1.275116,,,
,,0.505874,,,
,,3.279068,,,
,,0.6937580000000001,,,
,,0.622168,,,
,,0.672682,,,
,,0.71254,,,
,,0.642996,,,
,,0.8684700000000001,,,
,,0.785224,,,
,,0.593188,,,
,,1.013786,,,
,,0.902852,,,
,,5.3615580000000005,,,
,,0.657802,,,
,,0.602876,,,
,,1.349254,,,
,,0.63309,,,
,,0.361872,,,
,,0.607542,,,
,,0.8137340000000001,,,
,,0.572172,,,
,,2.100484,,,
,,0.570474,,,
,,0.7971140000000001,,,
,,1.19828,,,
,,0.353554,,,
,,0.568862,,,
,,0.505352,,,
,,0.914464,,,
,,1.119572,,,
,,0.9003220000000001,,,
,,1.593598,,,
,,1.257324,,,
,,1.397254,,,
,,0.7128540000000001,,,
,,2.7127559999999997,,,
,,0.366676,,,
,,0.607596,,,
,,0.929166,,,
,,0.5652780000000001,,,
,,1.132024,,,
,,0.847924,,,
,,1.453492,,,
,,1.163252,,,
,,0.81559,,,
,,0.51925,,,
,,1.302846,,,
,,0.337236,,,
,,0.7671680000000001,,,
,,0.9284500000000001,,,
,,0.999264,,,
,,0.6084740000000001,,,
,,0.41744400000000004,,,
,,0.6045499999999999,,,
,,0.35208999999999996,,,
,,0.40816600000000003,,,
,,1.224444,,,
,,1.88064,,,
,,0.27802800000000005,,,
,,0.693466,,,
,,0.6201960000000001,,,
,,0.803952,,,
,,2.230682,,,
,,0.7442179999999999,,,
,,1.514814,,,
,,0.371296,,,
,,0.704778,,,
,,0.402934,,,
,,0.35880399999999996,,,
,,0.509404,,,
,,2.32526,,,
,,1.222902,,,
,,1.797884,,,
,,0.9891900000000001,,,
,,0.552984,,,
,,0.38998000000000005,,,
,,1.156684,,,
,,2.71345,,,
,,0.951226,,,
,,1.659186,,,
,,0.859564,,,
,,1.66401,,,
,,0.731096,,,
,,0.41615800000000003,,,
,,0.537848,,,
,,1.5152260000000002,,,
,,1.24967,,,
,,0.760066,,,
,,0.56935,,,
,,1.359966,,,
,,2.04659,,,
,,0.29936599999999997,,,
,,0.32277,,,
,,0.652772,,,
,,0.580294,,,
,,1.7854720000000002,,,
,,0.494016,,,
,,1.5314,,,
,,1.294248,,,
,,0.492686,,,
,,0.660018,,,
,,0.360976,,,
,,1.769232,,,
,,0.317042,,,
,,0.491202,,,
,,0.282056,,,
,,0.71164,,,
,,0.43081400000000003,,,
,,0.41183,,,
,,0.316764,,,
,,0.563648,,,
,,2.2320439999999997,,,
,,0.429106,,,
,,0.464796,,,
,,0.68126,,,
,,1.344336,,,
,,0.715766,,,
,,0.380316,,,
,,0.408626,,,
,,1.7817660000000002,,,
,,0.7869740000000001,,,
,,1.113728,,,
,,0.8554400000000001,,,
,,0.408886,,,
,,0.6020800000000001,,,
,,0.61717,,,
,,2.252428,,,
,,0.625284,,,
,,0.43801799999999996,,,
,,0.636088,,,
,,0.9506060000000001,,,
,,0.816374,,,
,,1.5434459999999999,,,
,,1.087558,,,
,,0.48982,,,
,,0.53116,,,
,,0.91337,,,
,,0.9868020000000001,,,
,,2.14807,,,
,,1.2123840000000001,,,
,,1.669114,,,
,,1.159448,,,
,,1.160684,,,
,,0.7533,,,
,,1.723586,,,
,,0.38082600000000005,,,
,,2.356934,,,
,,0.357144,,,
,,0.740354,,,
,,1.2377280000000002,,,
,,1.101126,,,
,,2.1080699999999997,,,
,,0.550146,,,
,,1.126198,,,
,,1.641462,,,
,,0.571108,,,
,,0.32954,,,
,,0.582274,,,
,,0.36707,,,
,,0.571612,,,
,,1.465398,,,
,,3.76952,,,
,,0.5864640000000001,,,
,,0.505352,,,
,,0.638952,,,
,,1.507328,,,
,,0.8776060000000001,,,
,,0.550146,,,
,,1.7644780000000002,,,
,,2.43025,,,
,,0.911654,,,
,,0.910772,,,
,,0.482912,,,
,,0.45889,,,
,,0.52,,,
,,0.812598,,,
,,0.632968,,,
,,0.881344,,,
,,0.743756,,,
,,1.05921,,,
