CA2,CA2,CA2,CA1,CA1,CA1
Basal,Proximal,Distal,Basal,Proximal,Distal
0.05472,0.159872,0.43596799999999997,0.298112,0.292608,0.077376
0.246144,0.104256,0.632768,0.115328,0.049664,0.44544
0.031104,0.21523199999999998,0.09183999999999999,0.347456,0.11430399999999999,0.19244799999999998
0.091136,0.126336,0.271808,0.27488,0.16467199999999999,0.21670399999999998
0.821888,0.303936,0.097152,0.043136,0.379584,0.059135999999999994
0.272384,1.3024,0.13792,0.155328,0.218752,0.38745599999999997
0.127168,0.170752,0.36774399999999996,0.108096,0.15692799999999998,0.200064
0.409792,0.049727999999999994,0.32576,0.12070399999999999,0.286016,0.31884799999999996
0.073984,0.22111999999999998,0.107904,0.07782399999999999,0.16070399999999999,0.161984
0.174208,0.427648,0.165568,0.126912,0.10668799999999999,0.254528
0.14368,0.059711999999999994,0.100352,0.103104,0.19807999999999998,0.179968
0.21337599999999998,0.351808,0.503168,0.20921599999999999,0.14751999999999998,0.058112
0.0992,0.070592,0.251776,0.284224,0.092608,0.32262399999999997
0.11295999999999999,0.22195199999999998,0.09088,0.282304,0.15526399999999999,0.173184
0.242176,0.5704319999999999,0.195968,0.25344,0.11743999999999999,0.326016
0.177344,0.065664,0.7320319999999999,0.042047999999999995,0.10867199999999999,0.727808
0.138176,0.849984,0.255232,0.289216,0.393408,0.141568
0.065216,0.12787199999999999,0.270016,0.04256,0.068672,0.20838399999999999
0.129472,0.124736,0.033535999999999996,0.19180799999999998,0.107968,0.31776
0.180992,0.7343999999999999,0.546432,0.22092799999999999,0.07168,0.3392
0.34175999999999995,0.8630399999999999,0.28032,0.652224,0.15295999999999998,0.25894399999999995
0.155584,0.13369599999999998,0.11692799999999999,0.11424,0.322752,0.281088
0.148864,0.10355199999999999,1.9175679999999997,0.076928,0.15756799999999999,0.06905599999999999
0.20895999999999998,0.075264,0.328192,0.25023999999999996,0.174528,0.215808
0.041664,0.10528,0.39904,0.12140799999999999,0.30879999999999996,0.117632
0.177792,0.039168,0.263296,0.425216,0.090432,0.2032
0.073472,0.293056,0.25446399999999997,0.117376,0.084608,0.10931199999999999
0.1376,0.07583999999999999,0.500288,0.069824,0.112576,0.337024
0.10700799999999999,0.06816,0.068608,0.068352,0.171648,0.164096
0.17312,0.9081599999999999,0.123584,0.08032,0.089088,0.13824
0.351744,0.126464,0.36447999999999997,0.219136,0.13951999999999998,0.278656
0.116672,0.068288,0.209344,0.08159999999999999,0.34937599999999996,0.101952
0.406976,0.10553599999999999,0.353792,0.12128,0.07731199999999999,0.127744
0.177856,0.027776,0.34304,0.049791999999999996,0.140672,0.12953599999999998
0.041152,0.06905599999999999,0.216448,0.18515199999999998,0.137152,0.3216
0.22764800000000002,0.22483199999999998,1.7156479999999998,0.085376,0.35475199999999996,0.15872
0.055872,0.183936,0.063488,0.107776,0.093888,0.244992
0.580032,0.107136,0.950272,0.291904,0.10156799999999999,0.255424
0.050432,0.355776,0.085376,0.129344,0.171456,0.167936
0.101376,0.15814399999999998,0.0608,0.179584,0.137024,0.163072
0.47321599999999997,0.059135999999999994,0.310976,0.32844799999999996,0.105472,0.148096
0.15488,0.07750399999999999,0.049152,0.220608,0.10188799999999999,0.057984
0.045183999999999995,0.239616,0.35903999999999997,0.15878399999999998,0.076416,0.160512
0.404736,0.283904,0.588544,0.335296,0.275904,0.7037439999999999
0.37983999999999996,0.07155199999999999,0.294528,0.160768,0.049856,0.133376
0.46399999999999997,0.122304,0.041088,0.293632,0.296832,0.31456
0.558592,0.241024,0.546432,0.076608,0.06643199999999999,0.196096
0.38195199999999996,0.40588799999999997,0.042623999999999995,0.153088,0.243328,0.06272
0.297728,0.103424,0.04448,0.16486399999999998,0.056192,0.083712
0.1888,0.23155199999999998,0.09497599999999999,0.169152,0.081344,0.095936
0.24204799999999999,0.248,0.07187199999999999,0.300544,0.08934399999999999,0.170816
0.15711999999999998,0.241536,0.10092799999999999,0.11046399999999999,0.08191999999999999,0.501056
0.10931199999999999,0.073664,0.078912,0.130688,1.45184,0.13747199999999998
0.11392,0.11891199999999999,0.6624,0.34719999999999995,0.14048,0.10336
0.159104,0.300544,0.18783999999999998,0.176448,0.105792,0.286592
0.10048,0.20268799999999998,0.7418239999999999,0.126272,0.144192,0.35065599999999997
0.142272,0.932736,0.330368,0.14464,0.173696,0.346944
0.258496,0.10016,0.177856,0.192192,0.21696,0.146496
0.065536,0.284736,0.021632,0.175872,0.10803199999999999,0.11244799999999999
0.053183999999999995,0.279808,0.025727999999999997,0.059519999999999997,0.181632,0.160512
0.088896,0.12172799999999999,0.29452799999999996,0.24896,0.196352,0.067008
0.58528,0.138176,0.283456,0.17664,0.160576,0.225024
0.224704,0.266816,0.6691199999999999,0.305664,0.116672,0.5139199999999999
0.076928,0.19724799999999998,0.11033599999999999,0.267328,0.16319999999999998,0.335616
0.044927999999999996,0.04704,0.342336,0.107904,0.17087999999999998,0.06912
0.43923199999999996,0.26988799999999996,0.178752,0.29958399999999996,0.34137599999999996,0.121088
0.130496,0.26527999999999996,0.38272,0.23763199999999998,0.169984,0.111936
0.25772799999999996,0.061439999999999995,0.252416,0.12415999999999999,0.184128,0.104256
0.836672,0.08256,0.272256,0.33471999999999996,0.18035199999999998,0.60448
0.17094399999999998,1.14464,0.36236799999999997,0.215104,0.12928,0.84544
0.203584,0.26694399999999996,0.129472,0.074048,0.134592,0.4208
0.057471999999999995,0.13055999999999998,0.045759999999999995,0.066304,1.515072,0.16108799999999998
1.025728,0.50784,0.109888,0.081984,0.44678399999999996,0.16896
0.11711999999999999,0.12102399999999999,0.162496,0.524224,0.13663999999999998,0.27296
0.270656,0.074752,0.07039999999999999,0.17382399999999998,0.12448,0.106432
0.081664,1.029376,0.43001599999999995,0.459072,0.25817599999999996,0.030528
0.400256,0.191488,0.16550399999999998,0.40499199999999996,0.15008,0.182336
0.065792,0.07302399999999999,0.41497599999999996,0.29375999999999997,0.12736,0.11424
0.417728,0.164992,0.150912,0.192704,0.146496,0.25023999999999996
0.086144,0.33753599999999995,0.173376,0.35276799999999997,0.09824,0.46771199999999996
0.133632,0.12544,0.09056,0.533184,0.63264,0.127552
0.364224,1.017088,0.191552,0.12467199999999999,0.07168,0.23071999999999998
0.16339199999999998,0.29414399999999996,0.17376,0.11827199999999999,0.079744,0.235072
0.124928,0.290752,0.7028479999999999,0.22272,0.17868799999999999,0.19648
0.09100799999999999,0.07155199999999999,0.10931199999999999,0.497088,0.19455999999999998,0.071424
0.066304,0.11231999999999999,0.213888,0.16,0.259136,0.221248
0.18048,0.129152,0.37740799999999997,0.20921599999999999,0.113344,0.32179199999999997
0.21651199999999998,0.271488,0.40755199999999997,0.15334399999999998,0.310144,0.20556799999999997
0.363904,0.466752,0.19308799999999998,0.078272,0.090944,0.286848
0.905664,0.08473599999999999,0.32448,0.493952,0.05024,0.131904
0.02848,0.6531199999999999,0.140672,0.53504,0.12339199999999999,0.12268799999999999
0.18054399999999998,0.127616,0.05728,0.04896,0.07334399999999999,0.262528
0.24134399999999998,0.050367999999999996,0.16236799999999998,0.34892799999999996,0.08992,0.609216
0.384704,0.278592,0.08256,0.064512,0.187328,0.32844799999999996
0.087488,0.287552,0.09888,0.222464,0.21254399999999998,0.19039999999999999
0.027968,0.11148799999999999,0.11065599999999999,0.345792,0.227008,0.399232
0.256256,0.33395199999999997,0.160512,0.339648,0.339136,0.060351999999999996
0.20524799999999999,0.098688,0.09529599999999999,0.099712,0.292416,0.125824
0.100352,0.37152,0.120192,0.218304,0.148608,0.127104
0.380224,0.223744,0.389824,0.19584,0.62496,0.210816
0.194816,0.102976,0.672128,0.09529599999999999,0.145792,0.09068799999999999
0.19475199999999998,0.07615999999999999,0.499264,0.104768,0.32192,0.09536
0.032576,0.30879999999999996,0.271232,0.043136,0.16,0.5474559999999999
0.20646399999999998,0.150528,0.112896,0.290624,0.33152,0.162304
0.453248,0.08691199999999999,0.15744,0.22777599999999998,0.186048,0.054528
0.383552,0.176192,0.24409599999999998,1.3155199999999998,0.123328,0.13683199999999998
0.195264,0.199104,0.149568,0.171648,0.21964799999999998,0.04928
0.43219199999999997,0.28032,0.11526399999999999,0.281408,0.14585599999999999,0.09759999999999999
0.32255999999999996,0.07731199999999999,0.159872,0.03392,0.547968,0.155136
0.35359999999999997,0.401984,0.44288,0.167232,0.22822399999999998,0.081024
0.35353599999999996,0.07417599999999999,0.170816,0.034367999999999996,0.111104,0.083072
0.073472,0.081344,0.21318399999999998,0.132544,0.342336,0.10188799999999999
0.144,0.712256,0.5305599999999999,0.08864,0.127104,0.127488
0.69984,0.16512,0.275584,0.301888,0.23366399999999998,0.349504
0.093952,0.046976,0.229568,0.15500799999999998,0.14368,0.23430399999999998
0.5305599999999999,0.239808,0.360064,0.266688,0.11609599999999999,0.22848
0.14374399999999998,0.15328,0.5536639999999999,0.07865599999999999,0.11263999999999999,0.092096
0.52032,0.18035199999999998,0.197376,0.14143999999999998,0.21056,0.257664
0.07647999999999999,0.169984,1.72384,0.122752,0.378752,0.246912
0.194624,0.5232,0.232448,0.08076799999999999,0.195904,0.107136
0.166016,0.26592,0.12832,0.06611199999999999,0.19744,0.112512
0.22304,0.075968,0.10751999999999999,0.06905599999999999,0.11903999999999999,0.08902399999999999
0.16569599999999998,0.36780799999999997,0.072768,0.078208,0.24128,0.182336
0.215552,0.288896,0.39622399999999997,0.07551999999999999,0.34809599999999996,0.21721599999999996
0.250624,0.149504,0.248576,0.15001599999999998,0.150336,0.07808
0.218048,0.865536,0.11359999999999999,0.11936,0.30169599999999996,0.178496
0.152064,0.26015999999999995,0.417216,0.15526399999999999,0.609216,0.070912
0.267264,0.07468799999999999,0.264192,0.16966399999999998,0.19807999999999998,0.081344
0.5114879999999999,0.10783999999999999,0.438272,0.16025599999999998,0.078208,0.07008
0.337024,0.21836799999999998,0.29856,0.07897599999999999,0.072128,0.091712
0.342336,0.377664,0.264,0.042367999999999996,0.57248,0.259136
0.09727999999999999,0.064704,0.177728,1.4191360000000002,0.13414399999999999,0.21862399999999999
0.15711999999999998,0.273216,0.218048,0.17919999999999997,0.242304,0.05728
0.27232,0.08992,0.12806399999999998,0.057856,0.155136,0.13196799999999997
0.124928,0.344064,0.092864,0.125376,0.212224,0.125376
0.077888,0.455872,0.293056,0.047104,0.086656,0.064064
0.09504,0.634944,0.33727999999999997,0.089152,0.20083199999999998,0.356992
0.20479999999999998,0.43302399999999996,0.086464,0.3392,0.12236799999999999,0.30259199999999997
0.55904,0.23199999999999998,0.152768,1.0893439999999999,0.313088,0.065344
0.443264,0.13414399999999999,0.180224,0.132288,0.14457599999999998,0.158464
0.232192,0.111424,0.442432,0.048895999999999995,0.07904,0.19558399999999998
0.471808,0.28959999999999997,0.11743999999999999,0.06944,0.107904,0.068096
0.293888,0.36947199999999997,0.20768,0.13856,0.291328,0.09862399999999999
0.535296,0.341824,0.39168,0.15564799999999998,0.14041599999999999,0.21651199999999998
0.125056,0.071744,0.11327999999999999,0.03936,0.118336,0.515328
0.363328,0.157696,0.252096,0.037503999999999996,0.241728,0.277504
0.30380799999999997,1.016832,0.031616,0.134016,0.121088,0.092032
0.26739199999999996,0.183104,0.303168,0.815232,0.070848,0.154304
0.129344,0.16319999999999998,0.027648,0.103488,0.117184,0.1248
0.604416,0.120448,0.12319999999999999,0.090816,0.190272,0.300224
0.39244799999999996,0.24064,0.030208,0.126528,0.229376,0.15148799999999998
0.556672,0.021311999999999998,0.250816,0.163776,0.42016,0.096896
0.09119999999999999,0.910144,0.239168,0.17299199999999998,0.09344,0.102848
0.44511999999999996,0.02336,0.10867199999999999,0.040576,0.16467199999999999,0.080576
0.0272,0.26323199999999997,0.294336,0.32511999999999996,0.06559999999999999,0.129984
0.312896,0.22463999999999998,0.287296,0.37792,0.189632,0.266688
0.253952,0.1616,0.32723199999999997,0.198016,0.17324799999999999,0.10105599999999999
0.101376,0.49196799999999996,0.039616,0.031872,0.34271999999999997,0.367232
0.12659199999999998,0.12287999999999999,0.18950399999999998,0.326656,0.12672,0.20768
0.19424,0.145472,0.025023999999999998,0.11033599999999999,0.051136,0.16927999999999999
0.38873599999999997,0.139648,0.442304,0.07968,0.10124799999999999,0.352448
0.233152,0.12371199999999999,0.085696,0.110784,0.35859199999999997,0.242112
0.593152,0.29958399999999996,0.067968,0.473728,0.140544,0.087616
0.09644799999999999,0.048768,0.060287999999999994,0.05824,0.123264,0.173952
0.290112,0.307712,0.07232,0.20665599999999998,0.193152,0.23654399999999998
0.070528,0.113728,0.080704,0.09977599999999999,0.16070399999999999,0.223744
0.076736,0.48364799999999997,0.066816,0.102336,0.112768,0.166144
0.113216,0.065344,0.661504,0.100672,0.173056,0.8156159999999999
0.294272,0.60704,0.18035199999999998,0.28159999999999996,0.41132799999999997,0.06297599999999999
0.507776,0.47487999999999997,0.032063999999999995,0.35193599999999997,0.19871999999999998,0.07878399999999999
0.212224,0.152064,0.19078399999999998,0.142848,0.301376,0.243968
0.198784,0.11065599999999999,0.23219199999999998,0.10368,0.178304,0.1568
0.260032,0.10073599999999999,0.106304,0.103488,0.26995199999999997,0.19603199999999998
0.26323199999999997,0.646208,0.28582399999999997,0.191168,0.265216,0.150528
0.14816,0.6861439999999999,0.139712,0.34752,0.625728,0.082368
0.33055999999999996,1.0562559999999999,0.19104,0.088512,0.16768,0.24870399999999998
0.33055999999999996,0.058047999999999995,0.224768,0.212224,0.132352,0.10976
0.22816,0.24345599999999998,0.21312,0.515456,0.054015999999999995,0.065664
0.341696,0.205568,0.035968,0.11116799999999999,0.035199999999999995,0.081984
0.16441599999999998,0.304064,0.059711999999999994,0.33516799999999997,0.19904,0.304064
0.154752,0.085824,0.05024,0.08352,0.22508799999999998,0.337024
0.213632,0.271232,0.574016,0.17632,0.053696,0.11072
0.18783999999999998,0.13350399999999998,0.34975999999999996,0.375168,0.494208,0.142016
0.20396799999999998,0.289536,0.178624,0.39603199999999994,0.083328,0.22009599999999999
0.32684799999999997,0.328128,0.301504,0.045503999999999996,0.206592,0.393408
0.36652799999999996,0.11392,0.053696,0.14393599999999998,0.135744,0.09433599999999999
0.279808,0.21228799999999998,0.250432,0.143808,0.104128,0.184
0.296064,0.423232,0.055487999999999996,0.043968,0.06393599999999999,0.274752
0.533632,0.11411199999999999,0.08768,0.22233599999999998,0.30752,0.27289599999999997
0.191296,0.07872,0.18662399999999998,0.21472,0.075264,0.180992
0.13408,0.167872,0.029952,0.11532799999999999,0.24179199999999998,0.12185599999999999
0.201984,0.577472,0.10899199999999999,0.19494399999999998,0.055167999999999995,0.125376
0.10368,0.20736,0.42719999999999997,0.198144,0.28678400000000004,1.0023039999999999
0.119616,0.483136,0.066048,0.166592,0.43174399999999996,0.09529599999999999
0.12223999999999999,0.06591999999999999,0.6611199999999999,0.070976,0.278016,0.118528
0.062912,0.19142399999999998,0.31596799999999997,0.341696,0.18464,0.096384
0.207872,0.117696,0.603904,0.097344,0.06297599999999999,0.15334399999999998
0.15775999999999998,0.199616,0.030208,0.174208,0.25657599999999997,0.11673599999999999
0.065984,0.214528,0.1168,0.097152,0.133568,0.09568
0.239872,0.076032,0.091136,0.062015999999999995,0.134272,0.13644799999999999
0.33088,0.05248,0.36563199999999996,0.16947199999999998,0.10521599999999999,0.060736
0.265408,1.49824,0.23904,0.22611199999999998,0.179008,0.063744
0.41580799999999996,0.192768,0.260608,0.276032,0.076224,0.17312
0.239616,0.556864,0.264832,0.121472,0.08671999999999999,0.125056
0.6497919999999999,0.081984,0.21318399999999998,0.18931199999999998,0.1152,0.17299199999999998
0.160832,0.26323199999999997,0.08832,0.06611199999999999,0.18528,0.045503999999999996
0.056575999999999994,0.082624,0.076224,0.201728,0.101632,0.43500799999999995
0.17446399999999998,1.543936,0.32927999999999996,0.24115199999999998,0.26073599999999997,0.179328
0.143424,0.085632,0.435776,0.37606399999999995,0.054015999999999995,0.158976
0.06656,0.37535999999999997,0.191872,0.08032,0.234368,0.12639999999999998
0.259136,0.10982399999999999,0.243776,0.281152,0.071936,0.12
0.180224,0.229184,0.10457599999999999,0.045568,0.24115199999999998,0.391104
0.496,0.076928,0.02592,0.06272,0.20332799999999998,0.253504
0.03712,0.21248,0.264704,0.156864,0.14438399999999998,0.063872
0.54048,0.270976,0.054784,0.077184,0.23199999999999998,0.16985599999999998
0.242304,0.506624,0.253824,0.17324799999999999,0.17740799999999998,0.086592
0.205376,0.126848,0.116224,0.044288,0.163328,0.063808
0.050047999999999995,0.1616,0.025599999999999998,0.049215999999999996,0.211008,0.072128
0.097536,0.059199999999999996,0.50624,0.194816,0.604544,0.232448
0.064704,0.190912,0.081728,0.200512,0.11839999999999999,0.310848
0.34060799999999997,0.08934399999999999,0.06905599999999999,0.147008,0.084992,0.054528
0.160832,0.315648,0.109888,0.22214399999999998,0.126016,0.1296
0.577152,0.12153599999999999,0.14976,0.072576,0.071744,0.40928
0.359296,0.313728,0.25529599999999997,0.31616,0.310272,0.21248
0.386304,0.228864,0.085952,0.2864,0.724096,0.117824
0.19584,0.095424,0.412416,0.100224,0.089792,0.080192
0.6942079999999999,0.150464,0.26662399999999997,0.103616,0.13024,0.158848
0.043199999999999995,0.18617599999999998,0.8053759999999999,0.046784,0.707584,0.09472
0.203072,0.0944,0.049088,0.046591999999999995,0.30668799999999996,0.495616
0.201728,0.524288,0.126528,0.191296,0.178944,0.8488959999999999
0.377664,0.19225599999999998,0.086464,0.163456,0.076096,0.433984
0.3056,0.39615999999999996,0.266432,0.070912,0.15750399999999998,0.161856
0.125824,0.08012799999999999,0.300096,0.222848,0.225408,0.063872
0.057856,0.14304,0.301632,0.164928,0.522496,0.23199999999999998
0.224768,0.118016,0.081728,0.060736,0.038655999999999996,0.354176
0.34719999999999995,0.057664,0.370496,0.192384,0.090496,0.274688
0.189376,0.326976,0.273344,0.079488,0.206528,0.074624
0.088832,0.19968,0.076096,0.044927999999999996,0.098688,0.12511999999999998
0.128128,0.37856,0.244416,0.382656,0.12185599999999999,0.13504
0.027136,0.40940799999999994,0.207872,0.389312,0.39366399999999996,0.10438399999999999
0.445888,0.227264,0.090944,0.125696,0.110592,0.07456
0.24620799999999998,0.227648,0.7034239999999999,0.095744,0.101824,0.297024
0.09024,0.25689599999999996,0.15692799999999998,0.376256,0.14604799999999998,0.160832
0.514432,0.22489599999999998,0.162816,0.161792,0.0576,0.772928
0.149504,0.088256,0.187712,0.069696,0.237888,0.030143999999999997
0.40447999999999995,0.107648,0.337472,0.098304,0.155904,0.090112
0.22803199999999998,0.166848,0.13088,0.487168,0.105472,0.084288
0.530368,0.203904,0.059264,0.764672,0.06643199999999999,0.17510399999999998
0.10687999999999999,0.4427519999999999,0.425728,0.198144,0.168256,0.091776
0.096064,0.33792,1.082496,0.146752,0.92704,0.168704
0.469248,0.798528,0.201408,0.084608,0.43628799999999995,0.06527999999999999
0.19168,0.22899199999999997,0.354304,0.101184,0.33510399999999996,0.184192
0.19296,0.182528,0.07238399999999999,0.069632,0.138688,0.07564799999999999
0.37023999999999996,0.138816,0.163648,0.09350399999999999,0.21983999999999998,0.373504
0.219136,0.177792,0.20044800000000002,0.052992,0.08870399999999999,0.058752
0.047104,0.056575999999999994,0.16255999999999998,0.209664,0.151872,0.340928
0.31590399999999996,0.082368,0.338752,0.10073599999999999,0.079424,0.291584
0.142144,0.274368,0.425664,0.07103999999999999,0.167424,0.23263999999999999
0.235904,0.307776,0.453376,0.136064,0.16608,0.1984
0.094272,0.085696,0.09990399999999999,0.33305599999999996,0.185216,0.328704
0.08352,0.38636799999999993,0.168384,0.030272,0.067456,0.23007999999999998
0.23948799999999998,0.376704,0.11327999999999999,0.059584,0.062848,0.10886399999999999
0.118528,0.1424,0.13376,0.207616,0.07392,0.147392
0.07302399999999999,1.0078079999999998,0.040639999999999996,0.17407999999999998,0.14227199999999998,0.149248
0.11315199999999999,0.15295999999999998,0.8120959999999999,0.14592,0.21503999999999998,0.11263999999999999
0.3712,0.290688,0.145024,0.08044799999999999,0.137088,0.134016
0.19648,0.493376,0.040192,0.175808,0.053632,0.28121599999999997
0.5536639999999999,0.14188800000000001,0.268608,0.056384,0.074752,0.19308799999999998
0.108928,0.21606399999999998,0.12896,0.43135999999999997,0.099392,0.32255999999999996
0.09247999999999999,0.150912,0.08512,0.151616,0.12153599999999999,0.08191999999999999
0.22003199999999998,0.151168,0.199104,0.078848,0.074944,0.30553600000000003
0.069632,0.050112,0.17260799999999998,0.19327999999999998,0.124096,0.08191999999999999
0.370176,0.064832,0.224576,0.23308800000000002,0.35712,0.157696
0.286528,0.24384,0.456192,0.469184,0.111744,0.287616
0.404288,0.20672,0.621312,0.061119999999999994,0.294272,0.4432
0.452032,0.44799999999999995,0.056832,0.236736,0.283328,0.294016
0.5603199999999999,0.49862399999999996,0.149248,0.075136,0.07417599999999999,0.24032
0.31872,0.152064,0.15795199999999998,0.173504,0.150592,0.502656
0.081216,0.04928,0.11673599999999999,0.093376,0.241088,0.087168
0.23807999999999999,0.36544,0.515008,0.09926399999999999,0.16863999999999998,0.092224
0.07302399999999999,1.08768,0.13792,0.253056,0.162112,0.5854079999999999
0.666048,0.084544,0.31648,0.322752,0.112896,0.073472
0.093888,0.134464,0.192576,0.10803199999999999,0.244416,0.303168
0.682304,0.23577599999999999,0.179136,0.182336,0.9148799999999999,0.067776
0.23052799999999998,0.8671359999999999,0.42886399999999997,0.11942399999999999,0.47583999999999993,0.074368
0.092032,0.22527999999999998,0.393408,0.088,0.07980799999999999,0.107584
0.129024,0.577408,0.158656,0.064512,0.255616,0.10368
0.091968,0.11430399999999999,0.169792,0.09759999999999999,0.294912,0.09811199999999999
0.9459839999999999,1.033664,0.985024,0.132736,0.74688,0.252224
0.622848,0.38662399999999997,0.51968,0.102336,0.112384,0.28627199999999997
0.089728,0.31244799999999995,0.45894399999999996,0.18208,0.156864,0.13216
0.18112,0.08902399999999999,0.80672,0.070912,0.096832,0.093248
0.416128,0.5704319999999999,0.061888,0.10271999999999999,0.21356799999999998,0.062335999999999996
0.2576,0.159808,0.121088,0.101504,0.156672,0.29312
0.391488,0.6828799999999999,0.234432,0.070144,0.124224,0.22003199999999998
0.77952,0.105408,0.065984,0.267968,0.18783999999999998,0.246528
0.578048,0.375616,0.022335999999999998,0.04928,0.101824,0.23884799999999998
0.156544,0.506496,0.072448,0.09363199999999999,0.187584,0.12185599999999999
0.034367999999999996,0.5864959999999999,0.037568,0.24639999999999998,0.303936,0.112384
0.37196799999999997,0.263616,0.604992,0.06559999999999999,0.245824,0.066688
0.121984,0.31232,0.07417599999999999,0.11212799999999999,0.066304,0.9763839999999999
0.11577599999999999,0.133632,0.310656,0.115072,0.16025599999999998,0.041088
0.303488,0.67744,0.038528,0.20063999999999999,0.193216,0.08588799999999999
0.35616,0.11359999999999999,0.13119999999999998,0.141952,0.230208,0.31635199999999997
0.1984,0.243392,0.20032,0.192128,0.301824,0.167424
0.076416,0.242112,0.053439999999999994,0.185856,0.262336,0.151936
0.416128,0.611584,0.160512,0.06726399999999999,0.119616,0.10502399999999999
0.295744,0.17695999999999998,0.39500799999999997,0.19519999999999998,0.063872,0.071424
0.174016,0.218048,0.05024,0.095424,0.10291199999999999,0.639232
1.281152,0.101824,0.675904,0.226688,0.8276479999999999,0.210368
0.147392,0.7082879999999999,0.336576,0.046464,0.37382399999999993,0.086336
0.26944,0.19244799999999998,0.21836799999999998,0.217088,0.105088,0.08921599999999999
0.200704,0.226432,0.131776,0.376704,0.248576,0.46463999999999994
0.13888,0.161024,0.399744,0.174784,0.09433599999999999,0.069504
0.464896,0.122112,0.371264,0.031487999999999995,0.210752,0.21190399999999998
0.40287999999999996,0.123136,0.41536,0.212608,0.23423999999999998,0.97376
0.044288,0.39123199999999997,0.13267199999999998,0.051199999999999996,0.19724799999999998,0.11347199999999999
0.055423999999999994,0.154496,0.44927999999999996,0.266432,0.19296,0.077056
0.033088,0.05472,0.171648,0.13888,0.26451199999999997,0.18073599999999998
0.15616,0.292416,0.117696,0.07615999999999999,0.072768,0.257984
0.32678399999999996,0.041088,0.14079999999999998,0.851008,0.119808,0.22508799999999998
0.385088,0.15481599999999998,0.145152,0.39264,0.772928,0.39033599999999996
0.610816,0.7221759999999999,0.069824,0.30835199999999996,0.094912,0.187776
0.58656,0.262272,0.18515199999999998,0.133632,0.086528,0.115328
0.16985599999999998,0.153856,0.959808,0.266432,0.07968,0.073088
0.051968,0.234944,0.610688,0.10060799999999999,0.135488,0.28083199999999997
0.164608,0.7670399999999999,0.6703359999999999,0.09235199999999999,0.100032,0.229632
0.081408,0.136576,0.606528,0.051775999999999996,0.176832,0.171072
0.097344,0.070912,1.15136,0.9346559999999999,0.08556799999999999,0.110592
0.070912,0.17664,0.022784,0.12057599999999999,0.088896,0.178944
0.142848,0.193856,0.090944,0.296128,0.064192,0.43679999999999997
0.11974399999999999,0.051968,0.16819199999999998,0.07872,0.205888,0.09312
0.20256,0.504704,0.2752,0.17593599999999998,0.199104,0.15231999999999998
0.211136,0.055423999999999994,0.158208,0.11807999999999999,0.073792,0.128448
0.143296,0.08159999999999999,0.155136,0.164608,0.154112,0.158336
0.022208,0.31334399999999996,0.07008,0.198656,0.07808,0.19980799999999999
0.190336,0.700992,0.372032,0.08953599999999999,0.23155199999999998,0.219776
0.634496,0.149632,0.6050559999999999,0.08032,0.034432,0.401536
0.101824,0.116544,0.383104,0.038335999999999995,0.082624,0.39936
0.23743999999999998,0.1936,0.086464,0.08275199999999999,0.148096,0.167296
0.097088,0.11903999999999999,0.208832,0.35436799999999996,0.044607999999999995,0.029567999999999997
0.477696,0.215424,0.331328,0.15552,0.079936,0.46240000000000003
0.113856,0.292288,0.232448,0.14848,0.083072,0.258112
0.041728,0.42879999999999996,0.38905599999999996,0.303616,0.126208,0.22694399999999998
0.15103999999999998,0.070336,0.183104,0.16716799999999998,0.147392,0.141504
0.153536,0.348224,0.8695679999999999,0.092224,0.066048,0.18553599999999998
0.240896,0.11552,0.060224,0.357888,0.163008,0.1616
0.658304,0.270848,0.064896,0.084864,0.152384,0.40070399999999995
0.19622399999999998,0.142656,0.09695999999999999,0.465024,0.09862399999999999,0.24608
0.24870399999999998,0.16793599999999997,0.21145599999999998,0.591872,0.087616,0.29881599999999997
0.19904,0.095552,0.28928,0.113024,0.073792,0.07731199999999999
0.101952,0.196352,0.147584,0.35488,0.111872,0.076352
0.285248,0.603008,0.0736,0.07897599999999999,0.166464,0.13152
0.44966399999999995,0.10732799999999999,1.1738879999999998,0.420736,0.390592,0.164288
0.265024,0.161216,0.718528,0.17510399999999998,0.262208,0.604992
0.295616,0.0896,0.052095999999999996,0.16422399999999998,0.212672,0.097088
0.062208,0.19667199999999999,0.2032,0.144192,0.185472,0.36972799999999995
0.45792,0.08819199999999999,0.057856,0.189824,0.076608,0.053503999999999996
0.13574399999999998,0.213696,0.33055999999999996,0.075968,0.04736,0.134016
0.45171199999999995,0.195008,0.332544,0.293248,0.12255999999999999,0.183936
0.18995199999999998,0.09414399999999999,0.652096,0.09529599999999999,0.081152,0.095872
0.8929919999999999,0.25344,0.21254399999999998,0.054079999999999996,0.07936,0.042943999999999996
0.231808,0.271488,0.18867199999999998,0.147584,0.12339199999999999,0.07353599999999999
0.24262399999999998,0.13408,0.15564799999999998,0.257664,0.053183999999999995,0.07776
0.276352,0.192896,0.398528,0.09990399999999999,0.08512,0.146944
0.28582399999999997,0.398528,0.12736,0.162944,0.063872,0.101952
0.512768,0.12575999999999998,0.172864,0.5624319999999999,0.216448,0.079104
0.111936,0.061503999999999996,1.374848,0.135616,0.099072,0.054015999999999995
0.273856,1.138048,0.39583999999999997,0.32684799999999997,0.219264,0.143872
0.47935999999999995,0.20768,0.16863999999999998,0.331072,0.084032,0.068928
0.14790399999999998,0.055423999999999994,0.540608,0.135936,0.069696,0.16569599999999998
0.079744,0.325888,0.13599999999999998,0.07008,0.053376,0.17990399999999998
0.196288,0.088896,0.08384,0.137792,0.0576,0.432
0.078208,0.748992,0.255552,0.163008,0.047424,0.131968
0.178304,0.245056,0.198784,0.12736,0.04416,0.14707199999999998
0.178176,0.33388799999999996,0.10239999999999999,0.17984,0.552064,0.47424
0.452544,0.503104,1.080384,0.079936,0.11609599999999999,1.64672
0.19622399999999998,0.19833599999999998,0.604096,0.08159999999999999,0.102464,0.124224
0.062015999999999995,0.059904,0.139904,0.104256,0.312832,0.170688
0.29568,0.05824,0.5523199999999999,0.18112,0.10457599999999999,0.14176
0.639936,0.052927999999999996,0.345344,0.159744,0.12575999999999998,0.199872
0.43558399999999997,0.41926399999999997,0.076288,0.18528,0.23353599999999997,0.13312
0.297728,0.085312,0.072256,0.22784,0.088256,0.118848
0.20576,0.12575999999999998,0.087424,0.348608,0.167616,0.063168
0.88672,0.121088,0.445632,0.22380799999999998,0.06272,0.253696
0.17215999999999998,0.134464,0.636992,0.08524799999999999,0.067776,0.138752
0.938496,0.331648,0.056192,0.112064,0.11315199999999999,0.239808
0.107136,0.281088,0.075264,0.09747199999999999,0.218688,0.171008
0.092096,0.097728,0.32723199999999997,0.19411199999999998,0.096576,0.16768
0.138752,0.19916799999999998,0.17363199999999998,0.171264,0.069184,0.20940799999999998
0.38118399999999997,0.346752,0.106304,0.1984,0.14432,0.059328
0.267904,0.205568,0.252288,0.220544,0.25856,0.191744
0.6791039999999999,0.18764799999999998,0.929344,0.105664,0.099328,0.130816
0.150784,0.22009599999999999,0.071104,0.099008,0.080256,0.18598399999999998
0.138688,0.35987199999999997,0.581376,0.20928,0.17676799999999998,0.16224
0.373952,0.361856,0.163008,0.170752,0.088768,0.17248
0.17068799999999998,0.12006399999999999,0.47187199999999996,0.068864,0.089728,0.165312
0.306048,0.696064,0.211008,0.364096,0.21254399999999998,0.347136
0.113728,0.16096,1.924032,0.061503999999999996,0.08211199999999999,0.064
0.06048,0.17068799999999998,0.330304,0.20864,0.15167999999999998,0.22758399999999998
0.091648,0.169408,0.22905599999999998,0.056448,0.214976,0.06848
0.050752,0.44390399999999997,0.214784,0.13568,0.073792,0.16902399999999998
0.24326399999999998,0.23366399999999998,0.21344,0.08576,0.348928,0.993216
0.385408,0.606464,0.16191999999999998,0.048319999999999995,0.16947199999999998,0.117824
0.072896,0.14944,0.255104,0.06432,0.17664,0.358784
0.105792,0.13376,0.131968,0.14464,0.051712,0.289856
0.105472,0.06944,0.513792,0.07936,0.092544,0.150272
0.20812799999999998,0.25151999999999997,0.34649599999999997,0.08838399999999999,0.096704,0.24608
0.21888,0.091904,0.07929599999999999,0.185664,0.107584,0.110592
0.686464,0.8981759999999999,0.547968,0.08063999999999999,0.07296,0.095104
0.30553600000000003,0.101952,0.26144,0.257472,0.220352,0.075712
0.264192,0.058432,0.61952,0.299968,0.145088,0.136384
0.36646399999999996,0.27392,0.049088,0.193024,0.04768,0.08224
0.261312,0.273152,1.321408,0.581504,0.06873599999999999,0.13580799999999998
0.17056,0.31801599999999997,0.29331199999999996,0.098176,0.057408,0.095552
0.152448,0.130816,0.113664,0.066688,0.10508799999999999,0.149504
0.11295999999999999,0.09056,0.09472,0.112512,0.201344,0.091392
0.18495999999999999,0.091776,0.07168,0.046208,0.147776,0.5018239999999999
0.20294399999999999,0.070848,0.30675199999999997,0.244224,0.09894399999999999,0.15443199999999999
0.08384,0.502208,0.28876799999999997,0.076544,0.08377599999999999,0.091456
0.358784,0.052607999999999995,0.453312,0.060351999999999996,0.14271999999999999,0.12704
0.18636799999999998,0.268224,0.349248,0.068352,0.067712,0.094208
0.16153599999999999,0.115648,0.0848,0.056192,0.21216,0.070976
0.096704,0.15456,0.18579199999999998,0.097024,0.062015999999999995,0.10803199999999999
0.721408,0.145664,0.41292799999999996,0.099328,0.051712,0.067008
0.15398399999999998,0.051519999999999996,0.11724799999999999,0.112896,0.062015999999999995,0.252864
0.353408,0.139328,0.18431999999999998,0.0464,0.091584,0.585728
0.38048,0.103104,0.420288,0.179776,0.11475199999999999,0.102656
0.35686399999999996,0.700416,0.21439999999999998,0.09759999999999999,0.163328,0.25235199999999997
0.14227199999999998,0.108736,0.096832,0.046528,0.06643199999999999,0.119488
0.123456,0.1488,0.326656,0.221888,0.14016,0.15968
0.19552,0.8195199999999999,0.2016,0.21983999999999998,0.22297599999999998,0.3056
0.077184,0.41798399999999997,0.78784,0.48991999999999997,0.055167999999999995,0.10419199999999999
0.149056,0.288064,0.060672,0.133184,0.300096,0.084608
0.233088,0.2784,0.15808,0.230464,0.12659199999999998,0.142208
0.085824,0.28064,0.32556799999999997,0.10368,0.102144,0.07449599999999999
0.239552,0.051519999999999996,0.354176,0.24761599999999998,0.095232,0.087104
0.367936,0.09036799999999999,0.30214399999999997,0.084224,0.09267199999999999,0.233984
0.100992,0.541184,0.130944,0.27372799999999997,0.059455999999999995,0.16755199999999998
0.163072,0.49606399999999995,0.249792,0.090432,0.118144,0.070912
0.216,0.43513599999999997,0.18828799999999998,0.292608,0.645632,0.20864
0.09504,0.103104,0.379968,0.06726399999999999,0.047552,0.05824
0.20793599999999998,0.1424,0.42144,0.119936,0.36447999999999997,0.17971199999999998
0.5377919999999999,0.120128,0.125696,0.117952,0.09151999999999999,0.265536
1.091712,0.278976,0.33017599999999997,0.26304,0.17638399999999999,0.058559999999999994
0.276544,0.23571199999999998,0.32678399999999996,0.036671999999999996,0.255488,0.177344
0.536384,0.094528,0.052607999999999995,0.176256,0.13452799999999998,0.120128
0.26323199999999997,0.35136,0.081216,0.21100799999999997,0.28332799999999997,0.19232
0.024704,0.145344,0.37529599999999996,0.418176,0.029504,1.110464
0.18764799999999998,0.095232,0.327296,0.23782399999999998,0.393472,0.228608
0.12768,0.20479999999999998,0.271488,0.15443199999999999,0.09350399999999999,0.33555199999999996
0.38911999999999997,0.05728,0.625216,0.091392,0.25023999999999996,0.151104
0.45977599999999996,0.189696,0.092544,0.211136,0.14112,0.139648
0.08736,0.073152,0.16902399999999998,0.101504,0.15628799999999998,0.7799039999999999
0.378112,0.08512,0.9868159999999999,0.218688,0.123776,0.094528
0.19168,0.991552,0.24896,0.339264,0.18528,0.15584
0.43839999999999996,0.098368,0.649408,0.044992,0.358784,0.164608
0.16902399999999998,0.364608,0.11295999999999999,0.43430399999999997,0.047552,0.084288
0.108416,0.071616,0.023871999999999997,0.319552,0.243584,0.17081599999999997
0.628992,0.035328,0.131584,0.41728,0.115968,0.081728
0.24326399999999998,0.11097599999999999,0.21408,0.31648,0.19078399999999998,0.184192
0.363392,0.445696,0.132544,0.18016,0.090944,0.111872
0.06675199999999999,0.158336,0.184192,0.18239999999999998,0.074816,0.092288
0.525056,0.24896,1.138112,0.109888,0.125376,0.086656
0.089088,0.696448,0.103936,0.08044799999999999,0.169152,0.785088
0.198848,0.058623999999999996,0.088448,0.18016,0.12806399999999998,0.22304
0.214784,0.13248,0.11807999999999999,0.07238399999999999,0.081472,0.343616
0.250752,0.116352,0.08358399999999999,0.139008,0.26156799999999997,0.282688
0.12870399999999999,0.14944,0.031296,0.07814399999999999,0.086656,0.09363199999999999
0.278016,0.0736,0.11148799999999999,0.155712,0.200896,0.462016
1.3515519999999999,0.088448,0.1648,0.142464,0.08544,0.545664
0.29056,0.068032,0.076416,0.27027199999999996,0.07878399999999999,0.402176
0.170624,0.2352,0.644736,0.38502400000000003,0.18995199999999998,0.11584
0.360832,0.34905600000000003,0.193664,0.083648,0.076096,0.223936
0.33311999999999997,0.22566399999999998,0.508608,0.08838399999999999,0.24857599999999996,0.312256
0.675712,0.148032,0.249792,0.175232,0.109248,0.33119999999999994
0.21004799999999998,0.163264,0.878464,0.339264,0.13350399999999998,0.04928
0.16755199999999998,0.442304,1.9001599999999998,0.098496,0.053759999999999995,0.08224
0.115712,0.106432,0.37369600000000003,0.123968,0.25312,0.1328
0.257152,0.106496,0.269568,0.07731199999999999,0.055807999999999996,0.268032
0.337856,0.210496,0.128832,0.06822399999999999,0.070464,0.23071999999999998
0.456128,0.22636799999999999,0.41312,0.071936,0.29119999999999996,0.339136
0.12864,0.063424,0.051328,0.401792,0.044671999999999996,0.065728
0.11859199999999999,0.20108800000000002,0.029439999999999997,0.097408,0.11936,0.23052799999999998
0.118656,0.089792,0.715264,0.088128,0.026688,0.255808
0.051264,0.080704,0.12121599999999999,0.16236799999999998,0.090304,0.09312
0.173888,0.09017599999999999,0.048063999999999996,0.125184,0.058816,0.066688
0.283904,0.219712,0.092544,0.271424,0.17721599999999998,0.1424
0.08288,0.029311999999999998,0.072128,0.13203199999999998,0.046208,0.488
0.197568,0.064512,0.160128,0.064512,0.11116799999999999,0.042816
0.043584,0.49574399999999996,0.8476159999999999,0.068352,0.070656,0.651328
0.06016,0.068544,0.9627519999999999,0.107968,0.195904,0.377216
0.182592,0.144128,0.406976,0.061439999999999995,0.067392,0.7037439999999999
0.192896,0.134784,0.191168,0.069184,0.099008,0.338816
0.22777599999999998,0.147136,0.205952,0.333312,0.06048,0.37868799999999997
0.067136,0.115904,0.14496,0.092864,0.278016,0.142016
0.115072,0.17427199999999998,0.25651199999999996,0.417728,0.064256,0.21664
0.187392,0.079168,0.17638399999999999,0.113408,0.049471999999999995,0.238528
0.045759999999999995,0.199488,0.14368,0.184192,0.081408,0.178112
0.12556799999999999,0.23532799999999998,0.035392,0.06611199999999999,0.075136,0.743424
0.30816,0.081024,0.188736,0.29247999999999996,0.180864,0.118656
0.16255999999999998,0.163008,0.125248,0.1376,0.067392,0.068672
0.040832,0.089728,0.18867199999999998,0.053312,0.075712,0.387072
0.371456,0.236352,0.405632,0.13472,0.16633599999999998,0.073088
0.02144,0.246464,0.308032,0.217664,0.068608,0.031872
0.22463999999999998,0.20435199999999998,0.484672,0.078016,0.166464,0.266944
0.138752,0.057727999999999995,0.16352,0.18137599999999998,0.30784,0.293696
0.256,0.09414399999999999,0.187392,0.07103999999999999,0.09433599999999999,0.326912
0.21567999999999998,0.07878399999999999,0.084864,0.14368,0.5749759999999999,0.071296
0.072064,0.44339199999999995,0.377472,0.202624,0.07135999999999999,0.14291199999999998
0.1616,0.266304,0.036351999999999995,0.21503999999999998,0.197184,0.080256
0.297856,0.04192,0.038079999999999996,0.058176,0.109632,0.414528
0.23679999999999998,0.32096,0.310528,0.145664,0.08159999999999999,0.258752
0.058879999999999995,0.07103999999999999,0.074816,0.26111999999999996,0.15295999999999998,0.21753599999999998
0.082304,0.24659199999999998,0.077376,0.42585599999999996,0.197184,0.083456
0.09945599999999999,0.064512,0.158912,0.11936,0.0784,0.124608
0.042047999999999995,0.323136,0.436672,0.351616,0.184128,0.315584
0.42175999999999997,0.07232,0.28627199999999997,0.19807999999999998,0.08639999999999999,0.190912
0.210304,0.09811199999999999,0.43795199999999995,0.247808,0.12,0.12096
0.137024,0.116352,1.374976,0.31551999999999997,0.22111999999999998,0.089472
0.308544,0.117184,0.18764799999999998,0.500224,0.080576,0.09977599999999999
0.08416,0.090432,0.318528,0.34208,0.052287999999999994,0.225984
0.16652799999999998,0.485824,0.090944,0.506624,0.179648,0.09497599999999999
0.033024,0.149248,0.216192,0.215552,0.651072,0.172736
0.238528,0.147392,0.45599999999999996,0.09017599999999999,0.1936,0.19935999999999998
0.10592,0.274368,0.513408,0.107648,0.054079999999999996,0.168256
0.110912,0.06432,0.39904,0.115904,0.078016,0.247104
0.496704,0.263296,0.20249599999999998,0.20185599999999998,0.228672,0.140224
0.217408,0.25472,0.590912,0.122496,0.09529599999999999,0.31212799999999996
0.15488,0.05696,0.35187199999999996,0.05568,0.4304,0.054848
0.9634559999999999,0.30252799999999996,0.54496,0.119936,0.10124799999999999,0.14918399999999998
0.035904,0.085632,0.185408,0.081728,0.40928,0.086016
0.11263999999999999,0.124096,0.29587199999999997,0.142336,0.06432,0.044288
0.067392,0.08179199999999999,0.319744,0.23263999999999999,0.205504,0.06336
0.17088,0.167424,0.44422399999999995,0.0576,0.41952,0.164928
0.209024,0.061888,0.294272,0.433664,0.085632,0.108096
0.119104,1.269696,0.5154559999999999,0.12992,0.16697599999999999,0.23596799999999998
0.198784,0.140672,0.06656,0.123584,0.10771199999999999,0.345408
0.172928,0.325632,0.303552,0.12403199999999999,0.081856,0.13216
0.494656,0.126144,0.314432,0.15744,0.105088,0.192128
0.25529599999999997,0.125824,0.106304,0.27161599999999997,0.327872,0.25472
0.09875199999999999,0.310656,0.061056,0.12992,0.153664,0.102464
0.33177599999999996,0.16339199999999998,0.608896,0.22688,0.23577599999999999,0.213888
0.084352,0.041791999999999996,0.057408,0.214528,0.110784,0.103488
0.04992,0.463872,0.07500799999999999,0.127296,0.209088,0.321984
0.13811199999999998,0.4896,0.122752,0.10931199999999999,0.075456,0.39468799999999993
0.665536,0.084672,0.24608,0.28582399999999997,0.184576,0.20313599999999998
0.075264,0.534272,0.162496,0.09894399999999999,0.026879999999999998,0.334464
0.500992,0.369536,0.10572799999999999,0.377344,0.145472,0.11295999999999999
0.162304,0.131968,0.361664,0.18208,0.239232,0.098816
0.19008,0.23071999999999998,0.07872,0.084864,0.097152,0.40032
0.091648,0.901632,0.514944,0.076928,0.108928,0.194304
0.22297599999999998,0.96704,0.278016,0.011072,0.065088,0.21536
0.383104,0.108096,0.8429439999999999,0.0848,0.201792,0.086464
0.169984,0.152576,0.20627199999999998,0.161856,0.14227199999999998,0.294656
0.188864,0.097984,0.097344,0.155392,0.344576,0.048448
0.283136,0.34630399999999995,0.06527999999999999,0.183808,0.106816,0.091968
0.29542399999999996,0.15379199999999998,0.071808,0.199104,0.105792,0.24051199999999998
0.09862399999999999,0.258944,0.162368,0.09433599999999999,0.8622335,0.059584
0.16608,0.10835199999999999,0.17926399999999998,0.273984,0.259584,0.12415999999999999
0.524928,0.325696,0.12659199999999998,0.10912,0.232768,0.17260799999999998
0.18809599999999999,0.258944,0.079424,0.066816,0.149568,0.10112
0.257664,0.17427199999999998,0.08544,0.680576,0.104,0.11724799999999999
0.5084799999999999,0.38662399999999997,0.22912,0.34656,0.080256,0.06527999999999999
0.125888,0.26144,0.09088,0.184768,0.08032,0.060992
0.037503999999999996,0.357952,0.26976,0.18169599999999997,0.1392,0.127616
0.040768,1.333056,0.11584,0.05248,0.12217599999999999,0.34521599999999997
0.41132799999999997,0.597696,0.109696,0.07270399999999999,0.502336,0.17152
0.0752,0.035775999999999995,0.28256,0.18112,0.166016,0.07564799999999999
0.05024,0.251712,0.195456,0.080064,0.09548799999999999,0.102336
0.17926399999999998,0.11129599999999999,0.284736,0.185088,0.035519999999999996,0.057727999999999995
0.21023999999999998,0.126848,0.13248,0.086144,0.132608,0.175232
0.18726399999999999,0.5290239999999999,0.231936,0.055999999999999994,0.130112,0.263936
0.22688,0.36441599999999996,0.047936,0.05568,0.11552,1.9055358999999998
0.179648,0.032576,0.36607999999999996,0.145536,0.0688,0.8634879999999999
0.29408,0.272064,0.257216,0.082368,0.065856,0.39168
0.07168,0.117056,0.159296,0.07270399999999999,0.28384,0.23532799999999998
0.822784,0.06297599999999999,0.079424,0.11392,0.195328,0.1504
0.170176,0.40294399999999997,0.23052799999999998,0.20607999999999999,0.1056,0.129216
0.06368,0.230464,0.568,0.525056,0.149504,0.087296
0.48352,0.18118399999999998,0.152384,0.17215999999999998,0.15295999999999998,0.16127999999999998
0.051264,0.081856,0.075776,0.049536,0.120192,0.34931199999999996
0.18726399999999999,0.109696,0.058688,0.30630399999999997,0.17536,0.12025599999999999
0.178496,0.091648,0.091904,0.22591999999999998,0.13312,0.090816
0.19225599999999998,0.07961599999999999,0.05216,0.258368,0.18528,0.288576
0.267648,0.228736,0.129344,0.168384,0.104,0.13888
0.170368,0.09977599999999999,0.08505599999999999,0.24864,0.097344,0.21952
0.867776,0.17657599999999998,0.20793599999999998,0.091968,0.26592,0.10387199999999999
0.105152,0.072832,0.19436799999999999,0.132928,0.059775999999999996,0.332352
0.146368,0.106944,0.27244799999999997,0.29312,0.20083199999999998,0.547584
0.09331199999999999,0.044416,0.15488,0.076032,0.15923199999999998,0.770048
0.352128,0.2784,0.268544,0.142144,0.07904,0.5950719999999999
0.15456,0.141568,0.15065599999999998,0.158656,0.279808,0.080832
0.11923199999999999,1.517952,0.37216,0.17011199999999999,0.19916799999999998,0.105664
0.1552,0.10432,0.399744,0.319936,0.094912,0.11161599999999999
0.113408,0.10112,0.260992,0.07392,0.08556799999999999,0.099328
0.080064,0.534592,0.223936,0.068032,0.13747199999999998,0.112768
0.12121599999999999,0.578048,1.0727039999999999,0.2016,0.136768,0.251584
0.300864,0.078592,0.327296,0.224192,0.164992,0.271808
0.51424,0.072512,0.22976,0.056512,0.26432,0.089728
0.308736,0.18073599999999998,0.090944,0.203264,0.08127999999999999,0.13996799999999998
0.50784,0.06758399999999999,0.14707199999999998,0.09267199999999999,0.15103999999999998,0.06496
0.060992,0.246144,0.168768,0.135232,0.11871999999999999,0.24518399999999999
0.5098239999999999,0.11743999999999999,0.21023999999999998,0.096896,0.124288,0.113216
0.042752,0.040448,0.086528,0.3552,0.17657599999999998,0.21593600000000002
0.513664,0.095424,0.28998399999999996,0.176512,0.088128,0.761344
0.13888,0.08524799999999999,1.025728,0.38783999999999996,0.081536,0.11859199999999999
0.29292799999999997,0.182976,0.909056,0.054079999999999996,0.129216,0.060992
0.105984,0.41171199999999997,0.093056,0.04704,0.22425599999999998,0.49868799999999996
0.29984,0.21798399999999998,0.26028799999999996,0.059072,0.060672,0.146432
0.23699199999999998,0.18508799999999997,0.40159999999999996,0.0992,0.110528,0.13312
0.045503999999999996,0.08768,0.36531199999999997,0.13344,0.087744,0.13408
0.151744,0.494272,0.155136,0.167104,0.6494719999999999,0.051008
0.6231679999999999,0.27776,0.36352,0.112192,0.14592,0.122752
0.068544,0.088768,0.2112,0.158464,0.147968,0.12928
0.25945599999999996,0.36774399999999996,0.08012799999999999,0.07961599999999999,0.1104,0.081024
0.091392,0.043136,0.29184,0.28876799999999997,0.16736,0.160384
0.433984,0.128128,0.07929599999999999,0.231296,0.28448,0.083008
0.063744,0.107136,0.337024,0.12255999999999999,0.341568,0.12371199999999999
0.19494399999999998,0.30534399999999995,0.259008,0.059904,0.688896,0.338944
0.042688,0.226176,0.12006399999999999,0.118528,0.194688,0.07385599999999999
0.073728,0.06924799999999999,0.24262399999999998,0.057408,0.24703999999999998,0.24620799999999998
0.454208,0.07392,0.150784,0.415616,0.08723199999999999,0.22675199999999998
0.16,0.072448,0.055743999999999995,0.113664,0.059264,0.10521599999999999
0.270464,0.038592,1.023744,0.262336,0.14784,1.246669616
0.127488,0.060096,0.198592,0.071168,0.187968,0.092608
0.129408,0.149568,0.294464,0.09151999999999999,0.092224,0.28038399999999997
0.122496,0.15424,0.174208,0.261696,0.078016,0.114432
0.106816,0.25740799999999997,0.15488,0.115392,0.08473599999999999,0.360768
0.296832,0.42207999999999996,0.11974399999999999,0.321984,0.088128,0.18553599999999998
0.325632,0.7542399999999999,0.30169599999999996,0.24972799999999998,0.08409599999999999,0.163008
0.049727999999999994,0.167552,0.092096,0.041152,0.190208,0.065728
0.44684799999999997,0.287552,0.080384,0.061183999999999995,0.091456,0.16153599999999999
0.164928,0.18911999999999998,0.671616,0.186752,0.181056,0.09580799999999999
0.340928,0.131968,0.038335999999999995,0.137536,0.145024,0.27827199999999996
0.734272,0.147776,0.29568,0.034304,0.056704,0.065536
0.20224,0.26662399999999997,0.667264,0.107392,0.282944,0.073088
0.15711999999999998,0.085696,0.291456,0.06873599999999999,0.065344,0.08703999999999999
0.31104,0.129664,0.140288,0.11724799999999999,0.087104,0.103616
0.339648,0.06444799999999999,0.22688,0.119168,0.060544,0.164928
0.61152,0.094208,0.46649599999999997,0.27743999999999996,0.055231999999999996,0.17664
0.207552,0.15545599999999998,0.15443199999999999,0.106752,0.121664,0.119296
0.092224,0.136512,0.466688,0.12889599999999998,0.105664,0.21952
0.059904,0.16544,0.19622399999999998,0.078592,0.07564799999999999,0.16633599999999998
0.111232,0.381248,0.176448,0.18745599999999998,0.11488,0.159552
0.643072,0.09151999999999999,0.186432,0.060863999999999994,0.27712,0.093952
0.120512,0.095936,0.215936,0.520832,0.182336,0.135232
0.275904,0.18048,0.174016,0.135104,0.12544,0.17907199999999998
0.105472,0.26035200000000003,0.127936,0.249856,0.15776,0.50688
0.14784,0.221248,0.073408,0.096704,0.12319999999999999,0.34188799999999997
0.073472,0.19807999999999998,0.124224,0.148864,0.156544,0.15001599999999998
0.105344,0.247936,0.144192,0.06912,0.068096,0.09727999999999999
0.353728,0.083072,0.235264,0.07264,0.074816,0.094912
0.21900799999999998,0.294656,0.107968,0.060416,0.057791999999999996,0.208
0.2224,0.13472,0.183808,0.892736,0.116544,0.3328
0.27743999999999996,0.086976,0.34112,0.218496,0.087104,0.226496
0.184832,0.279488,0.250176,0.19168,0.11526399999999999,0.183232
0.22489599999999998,0.086144,0.07744,0.114688,0.042047999999999995,0.25068799999999997
0.1504,0.16550399999999998,0.09824,0.24659199999999998,0.046528,0.132096
0.187072,0.09235199999999999,0.199936,0.25056,0.159488,0.21151999999999999
0.133824,0.16288,0.046528,0.16319999999999998,0.140096,0.065472
0.069504,0.620672,0.42668799999999996,0.192384,0.08256,0.09759999999999999
0.13088,0.156352,0.085824,0.223296,0.039616,0.181632
0.061248,0.590656,0.34604799999999997,0.092288,0.07302399999999999,0.214272
0.149568,0.10175999999999999,0.564928,0.058752,0.11616,0.060096
0.25792,0.524096,0.134784,0.372288,0.233536,0.229568
0.219328,0.449152,0.60992,0.188736,0.11244799999999999,1.1934719999999999
0.07878399999999999,0.043264,0.16505599999999998,0.26304,0.066688,0.20582399999999998
0.322112,0.162688,0.646976,0.26118399999999997,0.258368,2.18086382
0.088896,0.10656,0.219392,0.241472,0.06368,0.12595199999999998
0.146304,0.071296,0.12096,0.06643199999999999,0.085504,0.136128
0.07615999999999999,0.202816,0.3954559999999999,0.504064,0.33932799999999996,0.12454399999999999
0.08838399999999999,0.15417599999999998,0.517952,0.394688,0.326464,0.21401599999999998
0.14079999999999998,0.1744,0.21567999999999998,0.42092799999999997,0.121088,0.230144
0.047424,0.10867199999999999,0.18752,0.06643199999999999,0.21536,0.145344
0.019455999999999998,0.23884799999999998,0.844352,0.22943999999999998,0.0928,0.122816
0.680832,0.082176,0.052287999999999994,0.127168,0.345408,0.48953599999999997
0.059135999999999994,0.320256,0.118848,0.08787199999999999,0.06329599999999999,0.323712
0.5088,0.1872,0.5696,0.169088,0.13344,0.213888
0.138688,0.092544,0.130688,0.146432,0.057727999999999995,0.229824
0.23577599999999999,0.108608,0.22111999999999998,0.180864,0.118144,0.485376
0.10470399999999999,0.06476799999999999,0.34854399999999996,0.270592,0.516032,0.200704
0.354112,0.053888,1.2364159999999997,0.16275199999999998,0.281536,0.18470399999999998
0.11987199999999999,0.06393599999999999,0.44639999999999996,0.29568,0.276032,0.11711999999999999
0.087488,0.306112,0.224192,0.166144,0.172224,0.08768
0.57344,0.162432,0.5456639999999999,0.053824,0.09414399999999999,0.18239999999999998
0.08544,0.107648,0.10592,0.053376,0.241024,0.105792
0.212032,0.164096,0.571904,0.25574399999999997,0.039744,0.099072
0.6586879999999999,0.127552,0.187776,0.096256,0.1472,0.266944
0.416128,0.126784,0.17740799999999998,0.065728,0.16070399999999999,0.13100799999999999
0.7690239999999999,0.41414399999999996,0.092032,0.366912,0.1888,0.166848
0.174016,0.045696,0.207808,0.040192,0.05536,0.248192
0.071808,0.273344,0.146304,0.12006399999999999,0.085824,0.142592
0.037632,0.135104,0.331968,0.030719999999999997,0.137216,1.265088
0.17664,0.501632,0.08921599999999999,0.075584,0.06016,0.31257599999999996
0.11692799999999999,0.077248,0.0496,0.349696,0.063168,0.2304
0.22777599999999998,0.268928,0.360064,0.428736,0.363456,0.707008
0.258752,0.07039999999999999,0.387136,0.224704,0.058688,0.051519999999999996
0.154304,0.12140799999999999,0.410112,0.259584,0.103808,0.18764799999999998
0.20838399999999999,0.056768,0.111424,0.19078399999999998,0.0192,0.284416
0.478336,0.21696,0.331904,0.12300799999999999,0.06643199999999999,0.12128
0.26592,0.483712,0.708352,0.245504,0.027072,0.409024
0.065024,0.38579199999999997,0.079744,0.11660799999999999,0.24518399999999999,0.18367999999999998
0.335488,0.06822399999999999,0.142336,0.155136,0.091968,0.12102399999999999
0.183936,0.344832,0.6512,0.17964799999999997,0.088512,0.080832
0.29081599999999996,0.262784,0.17574399999999998,0.20959999999999998,0.966976,0.128192
0.08473599999999999,0.169152,0.599488,0.057024,0.187968,0.30457599999999996
0.055231999999999996,0.29497599999999996,0.460288,0.123776,0.089664,0.1392
0.178176,0.03744,0.21209599999999998,0.192576,0.10175999999999999,0.061248
0.22028799999999998,0.378432,0.423168,0.312,0.117952,0.122752
0.33676799999999996,0.12140799999999999,0.47993600000000003,0.262336,0.10815999999999999,0.278208
0.326464,0.11660799999999999,1.166016,0.258304,0.240192,0.090432
0.195968,0.11161599999999999,0.41375999999999996,0.237248,0.135744,0.24672
0.023743999999999998,0.065984,0.353472,0.0672,0.12499199999999999,0.11628799999999999
0.27033599999999997,0.147392,0.134784,0.439936,0.092288,0.05312
0.19916799999999998,0.177152,0.2496,0.10092799999999999,0.103296,0.247104
0.08390399999999999,0.29984,0.034623999999999995,0.20992,0.116992,0.142144
0.070528,0.188608,0.255552,1.0136319999999999,0.080896,0.130944
0.08211199999999999,0.25984,0.116672,0.176704,0.09414399999999999,0.258496
0.21312,0.192512,1.27712,0.11488,0.181312,0.040576
1.1126399999999999,0.213632,0.22169599999999998,0.204096,0.353024,0.20307199999999997
0.271808,0.098176,0.29497599999999996,0.07456,0.103488,0.323712
0.427712,0.142464,0.043328,0.118144,0.103488,0.208704
0.121344,0.16550399999999998,0.222656,0.290752,0.24,0.448768
0.232768,0.104448,0.8627199999999999,0.175232,0.071936,0.504128
0.157824,0.232704,0.191104,0.24678399999999998,0.107136,0.188352
0.11859199999999999,0.079872,0.126528,0.31616,0.08032,0.28870399999999996
0.216128,0.26451199999999997,0.50784,0.194304,0.063104,0.08275199999999999
0.063744,0.200768,0.348736,0.082688,0.29625599999999996,0.14246399999999998
0.105984,0.10918399999999999,0.06912,0.12415999999999999,0.109248,0.379264
0.100224,0.079424,0.27743999999999996,0.16569599999999998,0.061439999999999995,0.33964799999999995
0.27232,0.26144,0.173184,0.12172799999999999,0.06559999999999999,0.188608
0.327552,0.3008,0.289216,0.1504,0.086016,0.102016
0.29580799999999996,0.26624000000000003,0.196096,0.104128,0.145088,0.19833599999999998
0.095872,0.094912,0.21292799999999998,0.16588799999999998,0.12992,0.11295999999999999
0.084672,0.21337599999999998,0.192768,0.046976,0.09612799999999999,0.161856
0.322368,0.2256,0.42259199999999997,0.07551999999999999,0.145344,0.086656
0.620352,0.24620799999999998,0.229184,0.09318399999999999,0.084992,0.21484799999999998
0.099008,0.075712,0.08691199999999999,0.123584,0.110784,0.106752
0.09568,0.11129599999999999,0.174976,0.1168,0.04544,0.071744
0.072576,0.206848,0.16550399999999998,0.23584,0.058879999999999995,0.087488
0.048192,0.159296,0.44102399999999997,0.24192,0.313408,0.288896
0.154304,0.101632,0.45216,0.16358399999999998,0.09952,0.042688
0.329152,0.326272,0.088256,0.08896,0.242112,0.17823999999999998
0.375168,0.121664,0.20543999999999998,0.238336,0.141568,0.06393599999999999
0.456448,0.056319999999999995,0.603904,0.313792,0.164736,1.143616
0.25734399999999996,0.06976,0.11628799999999999,0.326656,0.118336,0.169088
0.135424,0.334592,0.37324799999999997,0.246976,0.171392,0.147008
0.31552,0.132096,0.24051199999999998,0.158016,0.067328,0.053632
0.176448,0.13024,0.201792,0.298432,0.192704,0.09663999999999999
0.124096,0.075072,0.13119999999999998,0.093952,0.096384,0.100288
0.265856,0.130752,0.088832,0.289664,0.161408,0.2672
0.295296,0.126976,0.09350399999999999,0.20582399999999998,0.311488,0.097152
0.10259199999999999,0.44089599999999995,0.16287999999999997,0.35686399999999996,0.22912,0.17856
0.049536,0.29171199999999997,0.253376,0.170304,0.109952,0.103104
0.208192,0.13433599999999998,0.400128,0.089472,0.370496,0.25529599999999997
0.7551359999999999,0.502976,0.835648,0.035775999999999995,0.33599999999999997,0.057791999999999996
0.466368,0.416064,0.406144,0.15129599999999999,0.187712,0.06956799999999999
0.18387199999999998,0.18656,0.16255999999999998,0.106624,0.17574399999999998,0.167296
0.063168,0.47980799999999996,0.778048,0.12768,0.10848,0.045376
0.059648,0.414272,0.137856,0.1136,0.18944,0.031807999999999996
0.153216,0.12556799999999999,0.26655999999999996,0.143488,0.12255999999999999,0.037568
0.32556799999999997,0.035008,0.07929599999999999,0.07270399999999999,0.772736,0.14112
0.51456,0.10668799999999999,0.357824,0.145664,0.067392,0.19999999999999998
0.10803199999999999,0.126464,0.48275199999999996,0.069696,0.043392,0.07968
0.15744,0.128512,0.13580799999999998,0.21107199999999998,0.132736,0.06675199999999999
0.1936,0.11046399999999999,0.271104,0.34912,0.0368,0.114176
0.191168,0.08358399999999999,0.23136,0.258368,0.24159999999999998,0.863488
0.06048,0.07232,0.21952,0.13958399999999999,0.129664,0.197632
0.31423999999999996,0.117504,0.09267199999999999,0.077184,0.081344,0.46444799999999997
0.217216,0.18867199999999998,0.323328,0.17491199999999998,0.072832,0.056063999999999996
0.109952,0.139712,0.709376,0.41798399999999997,0.071168,0.147968
0.140672,0.31756799999999996,0.09529599999999999,0.06822399999999999,0.082176,0.06912
0.146816,0.2384,0.225344,0.313216,0.8077439999999999,0.250112
0.428288,0.23052799999999998,0.10374399999999999,0.128192,0.7185919999999999,0.095232
0.21824,0.158272,0.07782399999999999,0.248768,0.139712,0.383424
0.12889599999999998,0.21043199999999998,0.228736,0.40371199999999996,0.10624,0.12268799999999999
0.471616,0.07353599999999999,0.069824,0.505664,0.048256,0.091776
0.330304,0.104128,0.086144,0.253888,0.10303999999999999,0.312768
0.3072,0.094848,0.29375999999999997,0.054079999999999996,0.362688,0.17427199999999998
0.09984,0.068352,0.21420799999999998,0.551808,0.218688,0.047167999999999995
0.147456,0.16339199999999998,0.25990399999999997,0.432,0.076736,0.10803199999999999
0.245824,0.015743999999999998,0.204224,0.28499199999999997,0.112768,0.29408
0.11315199999999999,0.098368,0.026303999999999998,0.274048,0.33728,0.19769599999999998
0.193408,0.136576,0.46060799999999996,0.084992,0.0608,1.188224
0.308032,0.18265599999999999,0.269568,0.190656,0.11014399999999999,0.046911999999999995
0.130688,0.160192,0.06412799999999999,0.09068799999999999,0.18828799999999998,0.096512
0.08736,0.285568,0.204544,0.113216,0.20940799999999998,0.138432
0.081152,0.13139199999999998,0.068544,0.03168,0.113024,0.194176
0.47897599999999996,0.185472,0.175168,0.139392,0.09100799999999999,0.040768
0.125696,0.120128,0.14918399999999998,0.59264,0.193344,0.2176
0.39948799999999995,0.32844799999999996,0.278144,0.154496,0.08492799999999999,0.5436799999999999
0.08326399999999999,0.115392,0.6079359999999999,0.346176,0.11014399999999999,0.059199999999999996
0.12415999999999999,0.100352,0.400704,0.140288,0.319744,0.088768
0.13766399999999998,0.06559999999999999,0.10815999999999999,0.12121599999999999,0.0608,0.21312
0.26048,0.060096,0.061119999999999994,0.354112,0.35027200000000003,0.10489599999999999
0.17312,0.072512,0.06848,0.15584,0.187584,0.088576
0.25823999999999997,0.08556799999999999,0.19411199999999998,0.27116799999999996,0.040576,0.043392
0.523008,0.072768,0.29216,0.34355199999999997,0.06368,0.201728
0.111872,0.146432,0.34431999999999996,0.090944,0.1088,0.142656
0.098048,0.11212799999999999,0.374272,0.291456,0.21459199999999998,0.110272
0.160576,0.052863999999999994,0.442304,0.118464,0.17907199999999998,0.39136
0.091264,0.322496,0.546304,0.108544,0.228992,0.11212799999999999
0.29536,0.245696,0.535424,0.13644799999999999,0.070848,0.153536
0.11673599999999999,0.040639999999999996,0.502912,0.036608,0.5929599999999999,0.115904
0.0928,0.210176,0.5101439999999999,0.107392,0.112192,0.057088
0.07488,0.046911999999999995,0.535616,0.074944,0.14784,0.09036799999999999
0.373312,0.01984,0.582016,0.5142399999999999,0.07782399999999999,0.067392
0.17804799999999998,0.12192,0.619456,0.6526719999999999,0.297344,0.064192
0.042943999999999996,0.282112,0.848448,0.151616,0.117376,0.48198399999999997
0.24851199999999998,0.0944,0.8891519999999999,0.054015999999999995,0.0624,0.076544
0.057536,0.14112,0.383424,0.33139199999999996,0.379264,0.145728
0.20940799999999998,0.058112,0.042367999999999996,0.074624,0.067328,0.382336
0.518016,0.434496,0.23347199999999999,0.2176,0.101952,0.15212799999999999
0.253248,0.39206399999999997,0.056768,0.113408,0.233984,0.087424
0.292352,0.17049599999999998,0.072832,0.10617599999999999,0.102976,0.42816
0.113216,0.175488,0.246912,0.11891199999999999,0.710272,0.7936639999999999
0.431616,0.64576,0.26976,0.02144,0.15167999999999998,0.063232
0.176512,0.36607999999999996,0.06988799999999999,0.118016,0.059775999999999996,0.076352
0.11987199999999999,0.044927999999999996,0.226048,0.10303999999999999,0.075392,0.11609599999999999
0.224704,0.082624,0.055167999999999995,0.112832,0.23808,0.0832
0.370112,0.153216,0.33408,0.117824,0.055743999999999995,0.063168
0.22496,0.35270399999999996,0.322688,0.099968,0.154304,0.092032
0.338368,0.1456,0.22943999999999998,0.141568,0.213248,0.178816
0.46105599999999997,0.154368,0.752128,0.427264,0.48384,0.047872
0.638208,0.087168,0.29036799999999996,0.37619199999999997,0.1536,0.166464
0.06988799999999999,0.109632,0.628672,0.109568,0.18201599999999998,0.323968
0.116352,0.24761599999999998,0.36863999999999997,0.09952,0.16588799999999998,0.062335999999999996
0.168896,0.099712,0.173568,0.29836799999999997,0.093952,0.18054399999999998
0.27424,0.06873599999999999,0.126848,0.20294399999999999,0.27584,0.19622399999999998
0.279424,0.22111999999999998,0.6848,0.188864,0.17312,0.056639999999999996
0.06496,0.04256,0.223744,0.199936,0.17529599999999998,0.13369599999999998
0.079488,0.46067199999999997,0.303616,0.149504,0.086656,0.31199999999999994
0.260416,0.11859199999999999,0.117184,0.19014399999999998,0.63776,0.135936
1.214016,0.129216,0.032,0.266368,0.07353599999999999,0.154496
0.28083199999999997,0.107264,0.288256,0.24281599999999998,0.161792,0.073216
0.393984,0.079232,0.071296,0.200064,0.191872,0.184448
0.182464,0.107584,0.098496,0.051519999999999996,0.04928,0.059904
0.283008,0.162688,0.07488,0.06611199999999999,0.16966399999999998,0.116544
0.25529599999999997,0.08191999999999999,0.5009279999999999,0.52608,0.132544,0.078592
0.12064,0.920384,0.21952,0.342912,0.075392,0.28742399999999996
0.207552,0.193664,0.115648,0.131968,0.194816,0.10092799999999999
0.079744,0.145024,0.052224,0.41881599999999997,0.091904,0.07424
0.221248,0.024447999999999998,0.034367999999999996,0.17926399999999998,0.0992,0.13536
0.218112,0.061888,1.1315199999999999,0.195008,0.5799679999999999,0.113408
0.423232,0.05248,0.42675199999999996,0.271936,0.300928,0.11724799999999999
0.20063999999999999,0.17856,0.47731199999999996,0.154368,0.167872,0.274688
0.11014399999999999,0.8288,0.07417599999999999,0.0288,0.09465599999999999,0.13075199999999998
0.921024,0.060224,0.1248,0.19616,0.212672,0.077824
0.08352,0.166656,0.050432,0.117824,0.052544,0.096896
0.13535999999999998,0.199488,0.142208,0.066624,0.454208,0.050879999999999995
0.07187199999999999,0.121344,0.45638399999999996,0.061119999999999994,0.431168,0.050047999999999995
0.077056,0.112256,0.383552,0.38790399999999997,0.208512,0.336896
0.17868799999999999,0.10976,0.590592,0.09344,0.152896,0.068096
0.105344,0.42758399999999996,0.137984,0.060031999999999995,0.097664,0.270272
0.025984,0.147136,0.06873599999999999,0.6624639999999999,0.105472,0.08934399999999999
0.346624,0.145728,0.262656,0.028735999999999998,0.15968,0.177088
0.40192,0.192512,0.078528,0.106752,0.128576,0.278592
0.11180799999999999,0.10982399999999999,0.08288,0.190336,0.332416,1.070336
0.27827199999999996,0.09727999999999999,0.15808,0.100992,0.112768,0.141696
0.116352,0.141888,0.865216,0.138368,0.197376,0.204672
0.170176,0.08256,0.184192,0.145024,0.141376,0.11955199999999999
0.21190399999999998,0.12832,0.5532159999999999,0.187712,0.336064,0.082624
0.15744,0.127104,0.29836799999999997,0.073728,0.046784,0.142784
0.237248,0.136576,0.10899199999999999,0.197824,0.33183999999999997,0.198016
0.163584,0.20288,0.222272,0.119808,0.072448,0.18303999999999998
0.101952,0.34105599999999997,0.128576,0.11532799999999999,0.107072,0.09945599999999999
0.070784,0.100544,0.223552,0.317248,0.21689599999999998,0.23385599999999998
0.811584,0.01824,0.254784,0.306944,0.20627199999999998,0.06272
0.27532799999999996,0.08224,0.061695999999999994,0.192704,0.02752,0.06643199999999999
0.250432,0.249856,0.531328,0.108096,0.04288,0.083072
0.08179199999999999,0.278208,0.37491199999999997,0.400064,0.19935999999999998,0.217664
0.090112,0.109376,1.026496,0.52736,0.054976,0.293056
0.117184,0.244416,0.19136,0.08256,0.138752,0.216448
0.06924799999999999,0.040063999999999995,0.150976,0.068928,0.107456,0.09446399999999999
0.277952,0.121472,0.86912,0.37407999999999997,0.066496,0.207168
0.09984,0.18144,0.209472,0.100544,0.11641599999999999,0.584704
0.11468799999999998,0.18656,0.081088,0.452032,0.162688,0.141824
0.12057599999999999,0.40422399999999997,0.2016,0.192832,0.046911999999999995,1.1788159999999999
0.409344,0.088832,0.252928,0.10271999999999999,0.017216,0.070144
0.374272,0.10528,0.11392,0.17759999999999998,0.24761599999999998,0.079744
0.144704,0.588096,0.116544,0.072,0.097664,0.171456
0.21753599999999998,0.148288,0.29420799999999997,0.051775999999999996,0.162496,0.13894399999999998
0.307776,0.10112,0.162496,0.101184,0.071488,0.141952
0.5498879999999999,0.065856,0.262144,0.067776,0.09779199999999999,0.34848
0.26393599999999995,0.037888,0.485056,0.95424,0.106304,0.10406399999999999
0.06790399999999999,0.070656,0.051712,0.63296,0.23551999999999998,0.13312
0.162112,0.21728,0.523776,0.149184,0.1936,0.17030399999999998
0.055872,0.06444799999999999,0.13632,0.121344,0.22591999999999998,0.054464
0.16416,0.213824,0.127616,0.38144,0.092096,0.08294399999999999
0.073664,0.220416,0.08448,0.218112,0.456512,0.134848
0.096512,0.13696,0.28831999999999997,0.20230399999999998,0.120192,0.17529599999999998
0.214464,0.245824,0.265152,0.115136,0.340416,0.064576
0.41023999999999994,0.06278399999999999,0.143232,0.201408,0.27136,0.155328
0.329856,0.141376,0.546432,0.102528,0.30848000000000003,0.25408
0.5068159999999999,0.062528,0.278848,0.427008,0.22399999999999998,0.09824
0.160384,0.150784,0.065024,0.560384,0.534592,0.125696
0.09344,0.043008,0.091776,0.096576,0.024191999999999998,0.14976
0.170624,0.060672,0.11411199999999999,0.16704,0.112256,0.052031999999999995
0.170432,0.030847999999999997,0.252992,0.263168,0.203072,0.23423999999999998
0.08275199999999999,0.12454399999999999,0.11891199999999999,0.168768,0.319552,0.126272
0.15878399999999998,0.057856,0.17631999999999998,0.061119999999999994,0.122112,0.076544
0.100672,0.118784,0.386368,0.11756799999999999,0.507136,0.092032
0.054655999999999996,0.15814399999999998,0.226688,0.29056,0.11673599999999999,0.43257599999999996
0.508928,0.117504,0.191552,0.073152,0.358272,0.109568
0.104768,0.150272,0.07667199999999999,0.401408,0.06361599999999999,0.179904
0.137344,0.027392,0.09056,0.343744,0.104832,0.2848
0.294272,0.742464,0.26111999999999996,0.03616,0.137856,0.37068799999999996
0.059135999999999994,0.11046399999999999,0.106816,0.14937599999999998,0.2112,0.100544
0.14656,0.100672,0.174528,0.213888,0.129216,0.18892799999999998
0.22566399999999998,0.08755199999999999,0.228288,0.233536,0.162048,0.184256
0.196544,0.258368,0.21939199999999998,0.078208,0.225152,1.1696639999999998
0.25728,0.025151999999999997,0.08588799999999999,0.09312,0.11033599999999999,0.13913599999999998
0.15129599999999999,0.255552,0.11347199999999999,0.20748799999999998,0.34931199999999996,0.126144
0.070656,0.13036799999999998,0.134784,0.288512,0.212608,0.06752
0.137792,1.257664,0.076352,0.144832,0.166656,0.323392
0.070016,0.121984,0.284352,0.13632,0.08639999999999999,0.11865599999999998
0.225536,0.081536,0.050432,0.12511999999999998,0.461696,0.13894399999999998
0.29408,0.064704,0.11839999999999999,0.062912,0.11545599999999999,0.195904
0.32006399999999996,0.412736,0.393856,0.091968,0.039487999999999995,0.076096
1.4062719999999997,0.1616,0.272768,0.101504,0.087296,0.642944
0.26284799999999997,0.12319999999999999,0.25312,0.23020800000000002,0.08671999999999999,0.08230399999999999
0.162176,0.061695999999999994,0.20704,0.117056,0.076864,0.11488
0.12192,0.228672,0.123264,0.09408,0.039616,0.452928
0.49862399999999996,0.21631999999999998,0.7011839999999999,0.039296,0.19750399999999999,0.162176
0.152256,0.155264,0.064704,0.14464,0.0832,0.275904
0.348224,0.213632,0.116544,0.361856,0.22143999999999997,0.19705599999999998
0.43104,0.042752,0.27283199999999996,0.210304,0.248896,0.101312
0.09990399999999999,0.135104,0.242304,0.21004799999999998,0.068288,0.36281599999999997
0.169216,0.030591999999999998,0.591168,0.15456,0.097984,0.193984
0.28224,0.225408,0.6109439999999999,0.17856,0.10112,0.20396799999999998
0.46220799999999995,0.05728,0.090624,0.26515199999999994,0.10624,0.16127999999999998
0.07155199999999999,0.245504,0.494336,0.105088,0.081344,0.401408
0.19142399999999998,0.13152,0.126848,0.115968,0.130688,0.16089599999999998
0.247616,0.06297599999999999,0.112704,0.7268479999999999,0.282624,0.075136
0.25900799999999996,0.081472,0.08934399999999999,0.18342399999999998,0.193472,0.059775999999999996
0.167296,0.40415999999999996,0.064704,0.16832,0.08492799999999999,0.172096
0.22009599999999999,0.10700799999999999,0.25740799999999997,0.03872,0.07782399999999999,0.100544
0.267712,0.14041599999999999,0.200768,0.34764799999999996,0.11430399999999999,0.13139199999999998
0.314432,0.116032,0.082816,0.083456,0.179456,0.106304
0.48691199999999996,0.013951999999999999,0.07417599999999999,0.21715199999999998,0.12006399999999999,0.064512
0.424896,0.06790399999999999,0.04416,0.04,0.064064,0.072576
0.271296,0.22860799999999998,0.126464,0.094784,0.208192,0.11219199999999999
0.40384,0.091136,0.140032,0.07865599999999999,0.126144,0.9538559999999999
0.052672,0.280064,0.033024,0.060416,0.238528,0.059904
0.43455999999999995,0.085376,1.1399679999999999,0.24736,0.16211199999999998,0.080064
0.09631999999999999,0.16947199999999998,0.384,0.11660799999999999,0.15212799999999999,0.069312
0.447424,0.26367999999999997,0.083328,0.10175999999999999,0.149056,0.073728
0.126656,0.47103999999999996,0.076928,0.288896,0.316864,0.129216
0.280704,0.193344,0.069504,0.133376,0.291456,0.520768
0.23340799999999998,0.11462399999999999,0.13312,0.16044799999999998,0.092416,0.238144
0.09408,0.200896,0.46227199999999996,0.249472,0.144704,0.31999999999999995
0.18239999999999998,0.086784,0.098368,0.396736,0.10668799999999999,0.187776
0.455872,0.123776,0.12192,0.18944,0.087296,0.13727999999999999
0.24972799999999998,0.06393599999999999,0.299904,0.054208,0.142976,0.040448
0.037952,0.196544,0.117376,0.08224,0.128512,0.14271999999999999
0.18975999999999998,0.08288,1.8563199999999997,0.334144,0.0944,0.308992
0.0784,0.625216,0.434816,0.20102399999999998,0.08512,0.29420799999999997
0.833152,0.13830399999999998,0.19641599999999998,0.114816,0.163136,0.26739199999999996
0.054144,0.203584,0.08787199999999999,0.2336,0.134784,0.11891199999999999
0.032704,0.09056,0.218112,0.058112,0.094848,0.08063999999999999
0.136384,0.11398399999999999,0.257216,0.13580799999999998,0.061695999999999994,0.10112
0.256768,0.5216,0.136704,0.053503999999999996,0.0832,0.177088
0.080064,0.077568,0.071424,0.044927999999999996,0.033472,0.30956799999999995
0.15878399999999998,0.051328,0.11609599999999999,0.18809599999999999,0.31904,0.235648
0.281088,0.104576,0.109888,0.21190399999999998,0.067392,0.38246399999999997
0.226752,0.096704,0.10457599999999999,0.080256,0.09247999999999999,1.156544
0.08819199999999999,0.151744,1.1609599999999998,0.044031999999999995,0.06841599999999999,0.210304
0.37824,0.192128,0.8593919999999999,0.275968,0.12448,0.052544
0.26655999999999996,0.108096,0.24537599999999998,0.060927999999999996,0.10009599999999999,0.055616
0.033984,0.138048,0.296192,0.221248,0.195136,0.135872
0.189248,0.096704,0.084288,0.079424,0.12192,0.12742399999999998
0.163008,0.065152,0.072064,0.20096,0.31584,0.142528
0.24409599999999998,0.584128,0.414784,0.114176,0.236096,0.166912
0.018496,0.159104,0.149056,0.49785599999999997,0.374592,0.152576
0.364992,0.18464,0.10912,0.09856,0.483904,0.38464
0.193216,0.184,0.09024,0.268608,0.0784,0.436992
0.16505599999999998,0.062592,0.12383999999999999,0.17856,0.092224,0.157056
0.474304,0.09151999999999999,0.485824,0.102656,0.081536,0.165824
0.24825599999999998,1.302016,0.08896,0.150272,0.259584,0.306944
0.4688,0.192768,0.08095999999999999,0.188032,0.218752,0.19142399999999998
0.19763199999999997,0.059584,0.262272,0.12371199999999999,0.178496,0.751808
0.096064,0.441152,0.12992,0.24204799999999999,0.075456,0.5169279999999999
0.193344,0.35775999999999997,0.51232,0.100672,0.112768,0.40902399999999994
0.111744,0.27116799999999996,0.737408,0.15859199999999998,0.184576,0.1856
0.042816,0.045759999999999995,0.039424,0.271936,0.18387199999999998,0.127104
0.247296,0.052607999999999995,0.671488,0.030272,0.061952,0.054976
0.113344,0.42752,0.30342399999999997,0.34227199999999997,0.152192,0.13849599999999998
0.161984,0.230848,0.125184,0.290176,0.710784,0.060031999999999995
0.152064,2.424384,0.09414399999999999,0.10105599999999999,0.388416,0.30969599999999997
0.025344,0.08512,0.085504,0.075776,0.072448,0.094528
0.396416,0.20768,0.11231999999999999,0.10323199999999999,0.104768,0.360448
0.5790719999999999,0.083456,0.09004799999999999,0.7474559999999999,0.138432,0.46476799999999996
0.159872,0.312,0.064832,0.107776,0.099648,0.17363199999999998
0.250944,0.06476799999999999,0.199872,0.11609599999999999,0.196928,0.49324799999999996
0.10259199999999999,0.18752,0.110592,0.124736,0.083136,0.208192
0.095744,0.37529599999999996,0.156608,0.177728,0.058559999999999994,0.05728
0.094208,0.207808,0.19008,0.06624,0.163456,0.24307199999999998
0.12556799999999999,0.098496,0.187328,0.406592,0.160768,0.12723199999999998
0.067648,0.416896,0.1792,0.338816,0.036032,0.162688
0.5112319999999999,0.179776,0.16863999999999998,0.12351999999999999,0.239232,0.168256
0.213504,0.26617599999999997,0.07667199999999999,0.06272,0.13344,0.136384
0.21375999999999998,0.062079999999999996,0.28064,0.055231999999999996,0.220544,0.10175999999999999
0.21664,0.065344,0.096832,0.12768,0.19142399999999998,0.182784
0.240896,0.32332799999999995,0.836992,0.073984,0.26272,0.35187199999999996
0.361024,0.11616,0.23449599999999998,0.109696,0.212416,0.10636799999999999
0.16255999999999998,0.155072,0.169152,0.12319999999999999,0.103296,0.07750399999999999
0.09119999999999999,0.297024,0.559808,0.48991999999999997,0.07897599999999999,0.239424
0.18112,0.7259519999999999,0.158336,0.34054399999999996,0.06822399999999999,0.06272
0.096256,0.10982399999999999,0.08076799999999999,0.30547199999999997,0.050496,0.30425599999999997
0.151552,0.174336,0.174976,0.112704,0.122944,0.154496
0.062015999999999995,0.120832,0.12025599999999999,0.34438399999999997,0.077376,0.07564799999999999
0.14816,0.05504,0.828672,0.056639999999999996,0.45683199999999996,0.19263999999999998
0.19206399999999998,0.286336,0.330304,0.168448,0.08787199999999999,0.084288
0.10521599999999999,0.161792,0.09088,0.20665599999999998,0.055936,0.083456
0.24095999999999998,0.078592,0.07155199999999999,0.20230399999999998,0.23628799999999997,0.11584
0.082816,0.072256,0.208896,0.275456,0.052031999999999995,0.22169599999999998
0.295744,0.101696,0.13683199999999998,0.06278399999999999,0.153088,0.12742399999999998
0.186432,0.36288,0.23974399999999998,0.110272,0.216768,0.127744
0.299904,0.083712,0.117824,0.278528,0.10528,0.17574399999999998
0.286144,0.266048,0.12383999999999999,0.171648,0.07135999999999999,0.149248
0.22886399999999998,0.127936,0.241728,0.24390399999999998,0.030336,0.396544
0.156544,0.039807999999999996,0.24179199999999998,0.138624,0.07155199999999999,0.143168
0.100352,0.140672,0.083328,0.20518399999999998,0.441856,0.08256
0.258688,0.263872,0.069824,0.07564799999999999,0.089664,0.09088
0.07187199999999999,0.051072,0.33011199999999996,0.077376,0.22214399999999998,0.5180159999999999
0.14291199999999998,0.062656,0.126528,0.7505919999999999,0.304896,0.08544
0.17152,0.14496,0.66464,0.10553599999999999,0.40998399999999996,0.313664
0.202176,0.1168,0.11807999999999999,,0.052544,0.624192
0.251776,0.7720319999999999,0.274368,,0.12723199999999998,0.21248
0.269312,0.065728,0.06393599999999999,,0.06336,0.19072
0.052287999999999994,0.102528,0.33843199999999996,,0.091968,0.060927999999999996
0.10464,0.20812799999999998,0.175168,,0.06726399999999999,0.09759999999999999
0.066368,0.16127999999999998,0.45260799999999995,,0.09548799999999999,0.42751999999999996
0.042752,0.058367999999999996,0.160512,,0.28499199999999997,0.7880959999999999
0.10656,0.31532799999999994,0.7852159999999999,,0.10009599999999999,0.158848
0.11859199999999999,0.336064,0.319424,,0.052927999999999996,0.299328
0.263744,0.10143999999999999,0.211648,,0.15968,0.369728
0.12768,0.14041599999999999,0.38048,,0.21375999999999998,1.3637537279999998
0.11577599999999999,0.161856,0.114048,,0.17510399999999998,0.125248
0.087936,0.587904,0.229184,,0.08832,0.065792
0.10009599999999999,0.13350399999999998,0.050623999999999995,,0.14604799999999998,0.320832
0.1056,0.445312,0.067648,,0.26432,0.27494399999999997
0.15795199999999998,0.090752,0.08416,,0.047552,0.264768
0.055616,0.21228799999999998,0.104256,,0.130048,0.18847999999999998
0.656192,0.170304,0.157504,,0.28191999999999995,0.137984
0.20876799999999998,0.0768,0.236096,,0.075456,0.126528
0.141888,0.08870399999999999,0.280704,,0.408576,0.06329599999999999
0.21023999999999998,0.083008,0.344896,,0.177664,0.22304
0.22803199999999998,0.300544,0.06432,,0.22848,0.162048
0.4272,0.114816,0.36614399999999997,,0.12934400000000001,0.10041599999999999
0.402688,0.17299199999999998,0.09036799999999999,,0.10656,0.046848
0.058688,0.125696,0.12787199999999999,,0.110528,0.068672
0.43475199999999997,0.30380799999999997,0.169344,,0.122944,0.07667199999999999
0.5824,0.754176,0.21273599999999998,,0.138048,0.14016
0.090304,0.11859199999999999,0.141952,,0.13952,0.669184
0.305792,0.354112,0.168192,,0.125696,1.412608
0.061568,0.587008,0.13024,,0.09119999999999999,0.110272
0.235648,0.088576,0.140288,,0.102144,0.13644799999999999
0.095936,0.403584,0.190528,,0.11475199999999999,0.270464
0.28064,0.229312,0.5523199999999999,,0.041664,0.3104
0.6313599999999999,0.26208,0.160192,,0.090304,0.105984
0.039487999999999995,0.63296,0.09888,,0.097344,0.25376
0.17472,0.14112,0.07731199999999999,,0.108416,0.097408
0.37606399999999995,0.115072,0.056448,,0.149568,0.18112
0.089088,0.388032,0.083648,,0.281024,0.124928
0.14707199999999998,0.023488,0.09235199999999999,,0.29043199999999997,0.076736
0.053759999999999995,0.352192,0.20185599999999998,,0.07302399999999999,0.16025599999999998
0.130048,0.031296,0.11295999999999999,,0.13248,0.3568
0.095232,0.22028799999999998,0.0624,,0.058047999999999995,0.22688
0.795264,0.33932799999999996,0.190208,,0.055616,0.13632
0.313344,0.31104,0.109056,,0.084544,0.092928
0.217216,0.27008,0.20691199999999998,,0.067648,0.086528
0.20287999999999998,0.548352,0.33376,,0.160512,0.18265599999999999
0.087616,0.107264,0.225024,,0.17657599999999998,0.205568
0.488512,0.081536,0.387392,,0.059008,0.204672
0.28959999999999997,0.344704,0.11462399999999999,,0.069952,0.49107199999999995
0.098368,0.50752,0.064384,,0.096384,0.27283199999999996
0.09017599999999999,0.116864,0.218496,,0.06527999999999999,0.74496
0.06675199999999999,0.052672,0.076864,,0.11839999999999999,0.248704
0.372544,0.126784,0.265088,,0.242944,0.050112
0.066368,0.271744,0.253568,,0.09843199999999999,0.381504
0.52864,0.071488,0.12383999999999999,,0.163904,0.116352
0.087936,0.10848,0.48672,,0.20793599999999998,0.135616
0.246336,0.27788799999999997,0.240384,,0.206528,0.350848
0.13183999999999998,0.19744,0.184,,0.051392,0.100864
0.815488,0.097984,0.135552,,0.163456,0.08992
0.30624,0.22527999999999998,0.16108799999999998,,0.22272,0.19135999999999997
0.055231999999999996,0.17984,0.038016,,0.050303999999999995,0.08870399999999999
0.142848,0.111744,0.13683199999999998,,0.083456,0.160192
0.11148799999999999,0.08275199999999999,0.135872,,0.22905599999999998,0.08288
0.19935999999999998,0.148096,0.38636799999999993,,0.28959999999999997,0.10239999999999999
0.22323199999999999,0.056575999999999994,0.137792,,0.13913599999999998,0.207488
0.461312,0.091264,0.401984,,0.08806399999999999,0.765504
0.283008,0.384384,0.383616,,0.137088,0.09331199999999999
0.081856,0.183808,0.36863999999999997,,0.165376,0.18911999999999998
0.056575999999999994,0.06822399999999999,0.291584,,0.10105599999999999,0.20895999999999998
0.155136,0.1008,0.43084799999999995,,0.091264,0.302528
0.303104,0.144064,0.567168,,0.036224,0.16172799999999998
0.166144,0.29696,0.064064,,0.348224,0.107776
0.378944,0.11462399999999999,0.263872,,0.35980799999999996,0.088832
0.127616,0.110784,0.9210879999999999,,0.06841599999999999,0.869888
0.23449599999999998,0.113856,0.279616,,0.22848,1.768768
0.23199999999999998,0.133952,0.226624,,0.09318399999999999,0.12032
0.097088,0.081536,1.24384,,0.188608,0.116544
0.360768,0.193984,1.515904,,0.249664,0.087296
0.172736,0.235392,0.138816,,0.046464,0.071616
0.22342399999999998,0.096384,0.525504,,0.313344,0.3616
0.34355199999999997,0.140032,0.14464,,0.145472,0.19039999999999999
0.533312,0.135552,0.214912,,0.12371199999999999,0.163904
0.155392,0.152448,0.20384,,0.21375999999999998,0.12
0.137088,0.225024,0.139648,,0.17759999999999998,0.185216
0.29375999999999997,0.242944,0.197952,,0.43628799999999995,0.16512
0.206976,0.08377599999999999,0.097536,,0.215104,0.107456
0.266816,0.069504,0.312832,,0.041471999999999995,0.41344
0.040576,0.12928,0.115648,,0.2688,0.264192
0.383424,0.166592,0.281152,,0.096,0.31251199999999996
0.056063999999999996,0.031296,0.402368,,0.104256,0.251328
0.314432,0.063872,0.4224,,0.071808,0.23596799999999998
0.48102399999999995,0.101824,0.051968,,0.147328,0.141312
0.17536,0.167296,0.122432,,0.12825599999999998,0.265472
0.167424,0.285568,0.171648,,0.2864,0.09862399999999999
0.49407999999999996,0.18783999999999998,0.173504,,0.193408,0.08736
0.07699199999999999,0.14476799999999998,0.091456,,0.055872,0.031104
0.465728,0.105408,1.205312,,0.15251199999999998,0.12192
0.530624,0.136192,0.080704,,0.150528,0.132736
0.439744,0.869184,0.30176,,0.08384,0.7280639999999999
1.025216,0.168512,0.068992,,0.0688,0.091456
0.44716799999999995,0.198144,0.242304,,0.363392,0.5850879999999999
0.2128,0.17472,0.2096,,0.09088,0.129792
0.13952,0.229312,0.139456,,0.15839999999999999,0.09382399999999999
0.318912,0.222208,0.654976,,0.543808,0.19289599999999998
0.17279999999999998,0.145152,0.162432,,0.053439999999999994,0.065408
0.055423999999999994,0.101632,0.018175999999999998,,0.22688,0.085696
0.04,0.087168,0.432512,,0.26336,0.291968
0.143808,0.120128,0.201344,,0.142208,0.163008
0.152896,0.09382399999999999,0.43967999999999996,,0.052416,0.12140799999999999
0.096256,0.543872,0.174208,,0.058432,0.140672
0.708672,0.256064,0.086976,,0.1296,0.087424
0.24806399999999998,0.31174399999999997,0.09312,,0.16,0.132672
0.25248,0.102016,0.101312,,0.096576,0.135296
0.44345599999999996,0.061439999999999995,0.10470399999999999,,0.156608,0.198144
0.12217599999999999,0.09408,0.13452799999999998,,0.23551999999999998,0.057664
0.139264,0.085184,0.0928,,0.125376,0.20915199999999998
0.1568,0.19712,0.11648,,0.10982399999999999,0.115008
0.484672,0.22547199999999998,0.13139199999999998,,0.033856,1.117376
0.181248,0.378944,0.055552,,0.39532799999999996,0.24608
0.024128,0.24076799999999998,1.442624,,0.183616,0.10668799999999999
0.145088,0.208512,0.19289599999999998,,0.22873599999999997,0.293312
0.958208,0.20793599999999998,0.184192,,0.13312,0.118144
0.140992,0.094528,0.06726399999999999,,0.11545599999999999,0.12556799999999999
0.097216,0.363264,0.050752,,0.210688,0.072576
0.468672,0.060224,0.09376,,0.11513599999999999,0.087104
0.091968,0.21311999999999998,0.151808,,0.115904,0.071168
0.260608,0.11839999999999999,0.654656,,0.135744,0.146112
0.10912,0.228544,0.126272,,0.136512,0.08441599999999999
0.175744,0.343616,0.250816,,0.07020799999999999,0.339584
0.034432,0.08556799999999999,0.331456,,0.071232,0.117632
0.660416,0.158976,0.14656,,0.598464,0.06624
0.259712,0.6481279999999999,0.238592,,0.317184,0.18086399999999997
0.09875199999999999,0.213888,0.227904,,0.9647359999999999,0.0944
0.261504,0.063744,0.18054399999999998,,0.283136,0.184256
0.181504,0.75488,0.209664,,0.193856,0.148032
0.462528,0.066304,0.34271999999999997,,0.130496,0.420736
0.021759999999999998,0.045056,0.517632,,0.143488,0.199488
0.104768,0.325376,1.259072,,0.044095999999999996,0.151552
0.086848,0.16799999999999998,0.11648,,0.066048,0.136768
0.238144,0.134848,0.462784,,0.41491199999999995,0.09926399999999999
0.265152,0.129856,0.12153599999999999,,0.133248,0.146368
0.06361599999999999,0.37446399999999996,0.071808,,0.019776,0.216448
0.20940799999999998,0.261632,0.071744,,0.325248,0.086144
0.15072,0.177472,0.094912,,0.14336,0.111872
0.49779199999999996,0.15692799999999998,0.123456,,0.15731199999999998,0.191744
0.21043199999999998,0.38950399999999996,0.39577599999999996,,0.07583999999999999,0.20940799999999998
0.08243199999999999,0.061952,0.121088,,0.075392,0.117504
0.46022399999999997,0.261632,0.198784,,0.057151999999999994,0.450688
0.433984,0.07532799999999999,0.40710399999999997,,0.21023999999999998,0.071936
0.272576,0.045248,0.36319999999999997,,0.12864,0.075584
0.09267199999999999,0.149632,0.133632,,0.059199999999999996,0.28460799999999997
0.394624,0.199616,0.44102399999999997,,0.089152,0.060672
0.148416,0.158016,0.7285119999999999,,0.17657599999999998,0.132736
0.45593599999999995,0.12128,0.7096319999999999,,0.069312,0.035519999999999996
0.118528,0.234176,0.065216,,0.8769279999999999,0.052736
0.16716799999999998,0.13075199999999998,0.06297599999999999,,0.121088,0.18944
0.25318399999999996,0.06956799999999999,0.172928,,0.66688,0.705472
0.138752,0.531648,0.22336,,0.22547199999999998,0.205568
0.138368,0.145024,0.17638399999999999,,0.089792,0.34431999999999996
0.7661439999999999,0.113536,0.159168,,0.363456,0.29836799999999997
0.082176,0.080384,0.075456,,0.08243199999999999,0.10041599999999999
0.267328,0.541056,0.324352,,0.273984,0.25228799999999996
0.105664,0.72576,0.282176,,0.081536,0.897856
0.6538879999999999,0.15878399999999998,0.120832,,0.233984,0.202432
0.288576,1.0780159999999999,0.23699199999999998,,0.139904,0.17664
0.426816,0.10771199999999999,0.24121599999999999,,0.212032,0.10041599999999999
0.31212799999999996,0.09235199999999999,0.122304,,0.21292799999999998,0.09843199999999999
0.195072,0.50176,0.181952,,0.18886399999999998,0.20768
0.456576,0.260928,0.25472,,0.279232,0.35308799999999996
0.05728,0.5720959999999999,0.436864,,0.15795199999999998,0.121088
0.307264,0.466624,0.180224,,0.120128,0.06368
0.058112,0.070464,0.142208,,0.21900799999999998,0.080256
0.629952,0.131904,0.082688,,0.240192,0.1328
0.308288,0.28768,0.062335999999999996,,0.21344,0.325248
0.288128,0.18553599999999998,0.27168,,0.24736,0.322048
0.686592,0.239552,0.16896,,0.14668799999999999,0.22777599999999998
0.229376,0.430592,0.10188799999999999,,0.124416,0.127808
0.071104,0.606976,0.177152,,0.046208,0.195904
0.11180799999999999,0.147328,0.235392,,0.18944,0.227904
0.221568,0.28454399999999996,0.062912,,0.173184,0.141184
0.167104,0.34483199999999997,0.11513599999999999,,0.13472,0.14700799999999997
0.273216,0.283136,0.23872,,0.356608,0.243392
0.258496,0.081408,0.30131199999999997,,0.10867199999999999,1.182061764
0.03712,0.529984,0.316032,,0.08607999999999999,0.095104
0.312512,0.14176,0.12025599999999999,,0.146304,0.146752
0.13990399999999997,0.192768,0.086336,,0.050623999999999995,0.456256
0.254336,0.49990399999999996,0.32704,,0.051199999999999996,0.15667199999999998
0.724224,0.616448,0.27936,,0.182592,0.322112
0.480768,0.122112,0.10982399999999999,,0.104128,0.161408
0.102976,0.052927999999999996,0.087616,,0.261504,0.14937599999999998
0.11743999999999999,0.048256,0.29247999999999996,,0.074752,0.11987199999999999
0.6131199999999999,0.186752,0.39449599999999996,,0.23776,0.093888
0.22732799999999997,0.106816,0.6484479999999999,,0.17695999999999998,0.060992
0.0416,0.753088,0.69472,,0.216,0.132992
0.067648,0.22905599999999998,0.224768,,0.19327999999999998,0.09376
0.706816,0.11552,0.206144,,0.0896,0.195008
1.074496,0.36991999999999997,0.451584,,0.09363199999999999,0.537856
0.660736,0.134016,0.73952,,0.162496,0.096832
0.127936,0.097728,0.203712,,0.086016,0.233088
0.785408,0.15328,0.398656,,0.10489599999999999,0.13472
0.359488,0.135744,0.12415999999999999,,0.17868799999999999,0.051008
0.21945599999999998,0.118976,0.09580799999999999,,0.09312,0.22105599999999997
0.10848,0.189248,0.13747199999999998,,0.140288,0.22675199999999998
0.23865599999999998,0.501888,0.053696,,0.516608,0.18272
0.599232,0.135616,0.393088,,0.19289599999999998,0.053696
0.07500799999999999,0.25279999999999997,0.094848,,,0.08063999999999999
0.074368,0.323264,0.087296,,,0.045568
0.21728,0.40780799999999995,0.287296,,,0.322304
0.339584,0.1504,0.074112,,,0.361408
0.43545599999999995,0.386752,0.29715199999999997,,,0.071168
0.169216,0.252992,0.6030719999999999,,,0.12672
0.295168,0.309504,0.140864,,,0.277696
0.412608,0.18425599999999998,0.617856,,,0.059072
0.057984,0.743296,0.0576,,,0.061248
0.71424,0.102784,0.305344,,,0.315776
0.22777599999999998,0.7985279999999999,0.24544,,,0.096896
0.209664,0.12371199999999999,0.34310399999999996,,,0.22323199999999999
0.086464,0.10783999999999999,0.22713599999999998,,,0.163136
0.183552,0.10835199999999999,0.06496,,,0.121792
0.174976,0.045312,0.573888,,,0.25823999999999997
0.18662399999999998,0.049408,0.32352,,,0.328192
0.059199999999999996,0.20287999999999998,0.142592,,,0.09561599999999999
0.168384,0.647488,0.14976,,,0.107392
0.39647999999999994,0.10918399999999999,0.11392,,,0.09312
0.11001599999999999,0.139712,0.45177599999999996,,,0.07187199999999999
0.16044799999999998,0.055807999999999996,0.560448,,,0.26662399999999997
0.21696,0.130176,0.257856,,,0.102464
0.236224,0.08524799999999999,0.8069759999999999,,,0.07814399999999999
0.12128,0.165632,0.132608,,,0.15808
0.47865599999999997,0.06988799999999999,2.153984,,,0.041152
0.230848,0.33088,0.255424,,,0.26361599999999996
0.317888,0.144448,0.235392,,,0.20691199999999998
0.48697599999999996,0.23615999999999998,0.7164799999999999,,,0.073472
0.23776,0.0672,0.35872,,,0.053376
0.262592,0.057151999999999994,0.290112,,,0.48851199999999995
0.48396799999999995,0.12319999999999999,0.511104,,,0.082176
0.11148799999999999,0.37216,0.226432,,,0.173696
0.120192,0.37177599999999994,0.177088,,,0.281088
0.210816,0.26527999999999996,0.10835199999999999,,,0.082048
1.091712,0.22752,0.688512,,,0.082624
0.097152,0.14521599999999998,0.079936,,,0.26572799999999996
0.082496,0.31264,0.592896,,,0.20313599999999998
0.49785599999999997,0.188032,0.6309119999999999,,,0.12953599999999998
0.183296,0.10124799999999999,0.09894399999999999,,,0.208832
0.135424,0.051072,0.2784,,,0.043264
0.112064,0.06707199999999999,0.029567999999999997,,,0.062015999999999995
0.140992,0.067968,0.040063999999999995,,,0.22886399999999998
0.109376,0.1616,0.2912,,,0.327104
0.541184,0.334848,1.158912,,,0.15424
0.8835839999999999,0.10944,0.050303999999999995,,,0.126656
0.174976,0.26144,0.232768,,,0.140288
0.63552,0.230976,0.166912,,,0.150272
0.047167999999999995,0.310336,0.0624,,,0.7838719999999999
0.081664,0.23763199999999998,0.12096,,,0.081024
0.067328,0.165376,0.7561599999999999,,,0.310784
0.283456,0.125184,0.107392,,,0.061888
0.101312,0.63456,0.20192,,,0.363712
0.312512,0.37312,0.285504,,,0.11379199999999999
0.302656,0.24831999999999999,0.20479999999999998,,,0.093952
0.227904,0.058367999999999996,0.13516799999999998,,,0.349568
0.750016,0.055231999999999996,0.31673599999999996,,,0.082048
1.154432,0.628736,0.125376,,,0.073984
0.5219199999999999,0.066496,0.246528,,,0.3984
0.255168,0.065408,0.13344,,,0.080384
0.0576,0.280064,0.263808,,,0.09363199999999999
0.5648639999999999,0.31007999999999997,0.352576,,,0.068672
0.11987199999999999,0.149888,0.249856,,,0.07699199999999999
0.350848,0.147456,0.720448,,,0.040448
0.12089599999999999,0.6219520000000001,0.25536,,,0.31135999999999997
0.127744,0.29728,0.166912,,,0.146432
0.060096,0.066304,0.088768,,,0.519168
0.15001599999999998,0.158912,0.207232,,,0.48780799999999996
0.08870399999999999,0.40864,0.296128,,,0.168576
0.120512,0.04928,0.092416,,,0.174592
0.14912,0.064576,0.15808,,,0.14028799999999997
0.7765119999999999,0.053952,0.12140799999999999,,,0.08992
0.41824,0.045632,0.29344000000000003,,,0.05024
0.082816,0.155584,0.085376,,,0.129664
0.405248,0.060224,0.482048,,,0.122304
0.077056,0.11552,0.20390399999999997,,,0.304192
0.251776,0.268864,0.242368,,,0.233536
0.55104,0.29958399999999996,0.055936,,,0.07699199999999999
0.36928,0.099648,0.103424,,,0.316032
0.221568,0.152768,0.11673599999999999,,,0.085824
0.142336,0.571456,0.23283199999999998,,,0.171264
0.44556799999999996,0.17638399999999999,0.057088,,,0.34515199999999996
0.221376,1.05824,1.1086719999999999,,,0.16985599999999998
0.36224,0.405952,0.12908799999999998,,,0.486016
0.28902399999999995,0.096,0.08838399999999999,,,0.09926399999999999
0.256832,0.18195199999999997,0.225664,,,0.12140799999999999
0.59232,0.087168,0.278976,,,0.07039999999999999
0.040639999999999996,0.242176,0.102016,,,0.11244799999999999
0.74368,0.053568,0.409984,,,0.142016
0.112576,0.25888,0.46188799999999997,,,0.131904
0.27455999999999997,0.233536,0.159296,,,0.17568
0.050432,0.13888,0.096832,,,0.078592
0.05312,0.21638399999999997,0.252544,,,0.470592
0.135424,0.12140799999999999,0.14112,,,0.178176
0.06988799999999999,0.201536,0.27699199999999996,,,0.42963199999999996
0.522496,0.18431999999999998,0.7853439999999999,,,0.037759999999999995
0.46067199999999997,0.18144,0.10124799999999999,,,0.260032
0.124224,0.5503359999999999,0.23430399999999998,,,0.134912
0.29856,0.190336,0.069632,,,0.565952
0.522752,0.262528,0.826624,,,0.043584
0.43820799999999993,0.329792,0.142784,,,0.48819199999999996
0.39878399999999997,0.288384,0.079936,,,0.5616639999999999
0.049727999999999994,0.444416,0.756736,,,0.1456
0.45273599999999997,0.092032,0.46444799999999997,,,0.097152
0.03232,0.5152,0.17248,,,0.10156799999999999
0.073472,0.209344,0.156352,,,0.160768
0.087808,0.6401279999999999,0.081344,,,0.10502399999999999
0.30496,0.22758399999999998,0.26048,,,0.086528
1.0681599999999998,0.14585599999999999,0.32064,,,0.458688
0.107136,0.902656,0.130816,,,0.132544
0.56896,0.17676799999999998,0.8113919999999999,,,0.196544
0.242112,0.09862399999999999,0.311808,,,0.187776
0.3936,0.16588799999999998,0.228992,,,0.17472
0.33952000000000004,0.060224,0.366592,,,0.12217599999999999
0.11526399999999999,0.411008,0.181056,,,0.19168
0.08358399999999999,0.058943999999999996,0.161408,,,0.7658879999999999
0.383744,0.147648,0.044607999999999995,,,0.13644799999999999
0.174848,0.20351999999999998,0.028607999999999998,,,0.09958399999999999
0.679808,0.287552,0.155136,,,0.064256
0.364928,0.045503999999999996,0.117184,,,0.304
0.167232,0.044927999999999996,0.350464,,,0.15839999999999999
0.34681599999999996,0.07936,0.114176,,,0.33516799999999997
0.347008,0.38304,0.11616,,,0.103104
0.24140799999999998,0.08832,0.37068799999999996,,,0.155136
0.37983999999999996,0.272064,0.11526399999999999,,,0.30201599999999995
0.06956799999999999,0.076608,0.217472,,,0.35705599999999993
0.28249599999999997,0.2784,0.212672,,,0.21523199999999998
0.426624,0.100992,0.102848,,,0.147264
0.143616,0.05216,0.258112,,,0.29888000000000003
0.21606399999999998,0.251712,0.11104,,,0.081536
0.18656,0.070016,0.317824,,,0.272
0.204736,0.170752,0.24601599999999998,,,0.10751999999999999
0.17990399999999998,0.130048,0.330432,,,0.08902399999999999
0.20992,0.13331199999999999,0.09759999999999999,,,0.375488
0.21983999999999998,0.19552,0.07551999999999999,,,0.09100799999999999
0.5548799999999999,0.35782400000000003,0.18368,,,0.23423999999999998
0.025408,0.057856,0.30214399999999997,,,0.144896
0.110272,0.171392,0.378496,,,0.46099199999999996
0.201792,0.163264,0.7008639999999999,,,0.22086399999999998
0.212032,0.689024,0.079552,,,0.0448
0.3248,0.12319999999999999,0.084032,,,0.41888
0.056639999999999996,0.044671999999999996,0.118144,,,0.096832
0.20927999999999997,0.362176,0.242112,,,0.129344
0.18828799999999998,0.076288,0.220032,,,0.121152
0.6689919999999999,0.233984,0.10303999999999999,,,0.09318399999999999
0.11756799999999999,0.106816,0.09504,,,0.20256
0.279744,0.11488,0.049791999999999996,,,0.138368
0.35443199999999997,0.291584,0.069696,,,0.139072
0.29043199999999997,0.213952,0.24639999999999998,,,1.17152
0.3424,0.15628799999999998,0.179776,,,0.052095999999999996
0.045248,0.304832,0.405184,,,0.22047999999999998
0.27904,0.061759999999999995,0.307264,,,0.083712
0.758528,0.102848,0.5092479999999999,,,0.034048
0.269184,0.045696,0.109632,,,0.349568
0.21004799999999998,0.645696,1.729344,,,0.112512
0.185216,0.090624,0.07763199999999999,,,0.094016
0.42175999999999997,0.7251839999999999,0.168768,,,0.107584
0.570048,0.43801599999999996,0.19891199999999998,,,0.48844799999999994
0.028416,0.323968,0.791744,,,0.038144
0.526592,0.032768,0.14521599999999998,,,0.095744
0.13856,0.029567999999999997,0.060416,,,0.134912
0.8568959999999999,0.079552,0.346624,,,0.169088
0.44812799999999997,0.297024,0.22310399999999997,,,0.103808
0.056768,0.275968,0.32288,,,0.149632
0.183552,0.1488,0.117504,,,0.131776
0.100352,0.125504,0.163072,,,0.240832
0.054015999999999995,0.206336,0.18726399999999999,,,0.109952
0.10239999999999999,0.270528,0.09862399999999999,,,0.149568
0.080256,0.047424,0.186048,,,0.113408
0.121088,0.24511999999999998,0.084224,,,0.225408
0.193408,0.126208,0.120512,,,0.621312
0.191744,0.251584,0.116224,,,0.05792
0.132544,0.096512,0.19776,,,0.18303999999999998
0.12140799999999999,0.052351999999999996,0.17504,,,0.20230399999999998
0.22175999999999998,0.33632,0.176,,,0.08921599999999999
0.216832,0.091648,0.20460799999999998,,,0.227072
0.022848,0.9970559999999999,0.12435199999999999,,,0.11296
0.17024,0.11315199999999999,0.070848,,,0.366464
0.374784,0.19552,0.07878399999999999,,,0.269632
0.22572799999999998,0.280704,0.070848,,,0.374144
0.39136,0.045503999999999996,0.042176,,,0.08032
0.114496,0.059264,0.249792,,,0.185472
0.043584,0.163264,0.118208,,,0.199104
0.23865599999999998,0.11462399999999999,0.082176,,,0.239872
0.12153599999999999,0.13152,0.173952,,,0.032576
0.185024,0.108416,0.053312,,,0.202752
0.318144,0.090496,0.225152,,,0.098304
0.17664,0.10323199999999999,0.12415999999999999,,,0.430336
0.254784,0.246336,0.11065599999999999,,,0.09183999999999999
0.246912,0.19558399999999998,0.186048,,,0.09408
0.390272,0.462912,0.196608,,,0.26496
0.066624,0.316928,0.27968,,,0.19308799999999998
0.077056,0.071104,0.21126399999999998,,,0.086592
0.39916799999999997,0.083392,0.329216,,,0.149952
0.3232,0.072064,0.373824,,,0.166656
0.38451199999999996,0.21817599999999998,0.125056,,,0.099008
0.121088,0.060992,0.17536,,,0.301632
0.098368,0.24,0.105344,,,0.325056
0.34112,0.5504,0.091584,,,0.37094399999999994
0.26361599999999996,0.063104,0.263616,,,0.089792
0.101696,0.80704,0.235008,,,0.17472
0.48652799999999996,0.10368,1.085184,,,2.534317528
0.120448,0.44806399999999996,0.123776,,,0.37241599999999997
0.208832,0.9531519999999999,0.162176,,,0.120128
0.078848,0.10009599999999999,0.08576,,,0.04672
0.110272,0.180992,0.100288,,,0.121984
0.059072,0.188608,0.09004799999999999,,,0.18284799999999998
0.018496,0.040832,1.192064,,,0.37779199999999996
0.187904,0.126336,0.10009599999999999,,,0.240128
0.15295999999999998,0.129984,0.052095999999999996,,,0.266368
0.30496,0.150592,0.176448,,,0.06361599999999999
0.09100799999999999,0.12435199999999999,0.056895999999999995,,,0.367168
0.14496,0.08076799999999999,0.072576,,,0.055487999999999996
0.557376,0.305792,0.36441599999999996,,,0.065216
0.302208,0.141568,0.114368,,,0.185856
1.524224,0.10719999999999999,0.113664,,,0.108096
0.513216,0.30291199999999996,0.20351999999999998,,,0.243392
0.43724799999999997,0.108224,0.072256,,,0.32032
0.0672,0.228736,0.072832,,,0.021056
0.13977599999999998,0.302848,0.15424,,,0.18975999999999998
0.2544,0.18054399999999998,0.081728,,,0.127104
0.37606399999999995,0.061503999999999996,0.22489599999999998,,,0.1088
0.11161599999999999,1.030272,0.328064,,,0.053952
0.57536,0.429184,0.081152,,,0.11168
0.22803199999999998,0.490048,0.18208,,,0.11014399999999999
0.260928,0.148416,0.401792,,,0.053248
0.06688,0.083648,0.17843199999999998,,,0.16735999999999998
0.08787199999999999,0.247744,0.304384,,,0.13203199999999998
0.016576,0.311808,0.145024,,,0.31232
1.10752,0.118976,0.475776,,,0.12454399999999999
0.072896,0.125632,1.35616,,,0.58016
0.552384,0.06624,0.278784,,,0.46643199999999996
0.519872,0.08902399999999999,0.07532799999999999,,,0.12806399999999998
0.258752,0.074752,0.09759999999999999,,,0.225984
0.147264,0.18367999999999998,0.10950399999999999,,,0.426176
0.068672,0.519296,0.29791999999999996,,,0.10092799999999999
0.04224,0.056704,0.083072,,,0.10617599999999999
0.237952,0.08832,0.8308479999999999,,,0.115904
0.109568,0.12896,0.164096,,,0.39769599999999994
0.25491199999999997,0.48396799999999995,0.25446399999999997,,,0.303488
0.592128,0.108096,0.080256,,,0.3776
0.590656,0.10982399999999999,0.45689599999999997,,,0.347968
0.303488,0.12608,0.086272,,,0.119488
0.57056,0.297024,0.05984,,,0.330048
0.210816,0.059328,0.111872,,,0.46912
0.12723199999999998,0.139904,0.112064,,,0.44992
0.097024,0.06272,0.14291199999999998,,,0.060992
0.103296,0.20211199999999999,0.059648,,,0.39494399999999996
0.6736639999999999,0.18867199999999998,0.19161599999999998,,,0.44959999999999994
0.124416,0.08275199999999999,0.193856,,,0.234752
1.5552000000000001,0.078208,0.301504,,,0.15020799999999998
0.22406399999999999,0.21190399999999998,0.16288,,,0.07449599999999999
0.058112,0.735296,0.385408,,,0.985984
0.605376,0.358784,0.23609599999999997,,,0.098496
0.21779199999999999,0.22278399999999998,0.144256,,,0.20166399999999998
0.215616,0.08819199999999999,0.099712,,,0.07328
0.37235199999999996,0.21087999999999998,0.09267199999999999,,,0.090816
0.060224,0.132288,0.08256,,,0.18764799999999998
0.06278399999999999,0.09088,0.124608,,,0.071744
0.243392,0.656384,0.17177599999999998,,,0.10105599999999999
0.09811199999999999,0.09318399999999999,0.097344,,,0.21523199999999998
0.385408,0.111744,0.264,,,0.897216
0.958144,0.10368,0.5063679999999999,,,0.068096
0.5681919999999999,0.315392,0.19935999999999998,,,0.16352
0.41036799999999996,0.075584,0.07750399999999999,,,0.137088
0.083648,0.172544,1.486208,,,0.40703999999999996
0.0992,0.055487999999999996,0.15692799999999998,,,0.11392
0.384832,0.204544,0.9304319999999999,,,0.074752
0.10815999999999999,0.060863999999999994,0.17740799999999998,,,0.5560959999999999
0.258688,0.11692799999999999,0.227072,,,0.16383999999999999
0.320384,0.252544,0.100864,,,0.582912
0.05472,0.16704,0.11673599999999999,,,0.16755199999999998
,0.1104,0.16985599999999998,,,0.183744
,0.07865599999999999,0.219136,,,0.14310399999999998
,0.044224,0.06944,,,0.160128
,0.210304,0.050943999999999996,,,0.16108799999999998
,0.27283199999999996,0.38828799999999997,,,1.5132160000000001
,0.072256,0.21792,,,0.415104
,0.061248,0.349376,,,1.4447359999999998
,0.142592,0.079168,,,0.209856
,0.272256,0.51072,,,0.10259199999999999
,0.198144,0.22297599999999998,,,0.197952
,0.07929599999999999,0.305984,,,0.21689599999999998
,0.178368,0.067008,,,0.05472
,0.162816,0.9003519999999999,,,0.102464
,0.259136,0.208896,,,0.96448
,0.06329599999999999,0.061376,,,0.194688
,0.198464,0.173632,,,0.15552
,0.10009599999999999,0.1744,,,0.099072
,0.19104,0.07353599999999999,,,0.036671999999999996
,0.052927999999999996,0.24831999999999999,,,0.85664
,0.142208,0.11974399999999999,,,0.43744
,0.17177599999999998,0.081984,,,0.185536
,0.428736,0.187072,,,0.180864
,0.117056,0.916096,,,0.143104
,0.218688,0.211328,,,0.079488
,0.204096,0.053952,,,0.22803199999999998
,0.263168,0.77088,,,0.02592
,0.356416,0.24192,,,0.250112
,0.10374399999999999,0.22086399999999998,,,0.08390399999999999
,0.270336,0.30419199999999996,,,0.16652799999999998
,0.25216,0.06476799999999999,,,0.52896
,0.202624,0.217408,,,0.07583999999999999
,0.18534399999999998,0.779072,,,0.14912
,0.10143999999999999,0.110272,,,0.146304
,0.038848,0.302272,,,0.28166399999999997
,0.143616,0.08896,,,0.1472
,0.232128,0.080896,,,0.34227199999999997
,0.049088,0.257216,,,0.16319999999999998
,0.275968,0.32608,,,0.29145599999999994
,0.472896,0.36275199999999996,,,0.12339199999999999
,0.03232,0.6853119999999999,,,0.085184
,0.287424,0.076608,,,0.5415679999999999
,0.23263999999999999,0.17132799999999998,,,0.24076799999999998
,0.09017599999999999,0.062656,,,0.133376
,0.062079999999999996,0.299264,,,0.14528
,0.08095999999999999,0.080192,,,0.149888
,0.31513599999999997,0.19667199999999999,,,0.229184
,0.13632,0.7936,,,0.08787199999999999
,0.104512,0.18464,,,0.161472
,0.039616,0.139008,,,0.439296
,0.34687999999999997,0.063488,,,0.18995199999999998
,0.22195199999999998,0.11673599999999999,,,0.145088
,0.303616,0.123328,,,0.28371199999999996
,0.42169599999999996,0.073408,,,0.10271999999999999
,0.24473599999999998,0.09529599999999999,,,0.376832
,0.110528,0.6676479999999999,,,0.11411199999999999
,0.239424,0.123968,,,0.087936
,0.15564799999999998,0.19577599999999998,,,0.116032
,0.15584,0.7592320000000001,,,0.128128
,0.19424,0.17324799999999999,,,0.144192
,0.178752,0.300288,,,0.4848
,0.08723199999999999,0.181568,,,0.28159999999999996
,0.088,0.08953599999999999,,,0.275136
,0.13644799999999999,0.1712,,,1.0807039999999999
,0.162112,0.131776,,,0.16108799999999998
,0.072064,0.079232,,,0.21542399999999998
,0.15379199999999998,0.108288,,,0.359232
,0.18239999999999998,0.17638399999999999,,,0.213376
,0.044607999999999995,0.27072,,,0.0768
,0.153536,0.272192,,,0.329792
,0.058879999999999995,0.13766399999999998,,,0.205376
,0.404672,0.16716799999999998,,,0.613248
,0.26694399999999996,0.080832,,,0.27999999999999997
,0.050943999999999996,0.097536,,,0.18688
,0.096576,0.18656,,,0.10374399999999999
,0.40492799999999995,0.13408,,,0.08032
,0.17407999999999998,0.08224,,,0.21862399999999999
,0.075584,0.333696,,,0.131072
,0.5254399999999999,0.071424,,,0.38329599999999997
,0.12140799999999999,0.304896,,,0.22214399999999998
,0.046272,0.101312,,,0.28467200000000004
,0.27136,0.075584,,,0.054976
,0.22547199999999998,0.13183999999999998,,,0.06656
,0.178496,0.07417599999999999,,,0.196608
,0.195968,0.40460799999999997,,,0.106944
,0.135488,0.060992,,,0.09235199999999999
,0.34854399999999996,0.12659199999999998,,,0.16383999999999999
,0.123904,0.208064,,,0.14227199999999998
,0.16652799999999998,0.30380799999999997,,,0.198016
,0.13055999999999998,0.097728,,,0.26444799999999996
,0.27136,0.22527999999999998,,,0.311872
,0.136704,0.070144,,,0.143168
,0.6703359999999999,0.132992,,,0.55104
,0.66048,0.125184,,,0.326144
,0.160384,0.198592,,,0.059775999999999996
,0.27615999999999996,0.077952,,,0.248576
,0.209088,0.10783999999999999,,,0.094592
,0.059711999999999994,0.082496,,,0.072448
,0.304384,0.37856,,,0.09132799999999999
,0.21375999999999998,0.260992,,,0.213632
,0.09888,1.49632,,,0.553856
,0.089408,0.351168,,,0.185664
,0.15552,0.53984,,,0.165248
,0.257536,0.46982399999999996,,,0.094848
,0.281344,0.361152,,,0.273152
,0.40454399999999996,0.32511999999999996,,,0.07449599999999999
,0.24575999999999998,0.072512,,,0.1696
,0.460288,0.136384,,,0.943936
,0.11488,0.24447999999999998,,,0.090112
,0.096832,0.203712,,,0.568704
,0.337024,0.233088,,,0.11648
,0.491328,0.742464,,,0.089472
,0.863296,0.327936,,,0.07846399999999999
,0.74624,0.29497599999999996,,,0.13580799999999998
,0.37574399999999997,0.123904,,,0.343424
,0.523392,0.237312,,,0.07712
,0.365568,0.097984,,,0.044864
,0.395456,0.16224,,,0.066816
,0.09318399999999999,2.7027200000000002,,,0.168128
,0.052287999999999994,0.074368,,,0.11711999999999999
,0.100352,0.09747199999999999,,,0.160768
,0.039104,0.16544,,,0.072256
,0.141312,0.220608,,,0.234624
,0.113664,0.081216,,,0.26208
,0.21964799999999998,0.061439999999999995,,,0.036224
,0.49695999999999996,0.08448,,,0.153472
,0.505664,0.116864,,,0.08691199999999999
,0.252992,0.549568,,,0.072576
,0.289216,0.08377599999999999,,,0.36627199999999993
,0.078336,1.167296,,,0.028992
,0.23904,0.139648,,,0.24428799999999998
,0.216384,0.15961599999999998,,,0.1216
,0.091392,0.22784,,,0.061632
,0.202624,0.571008,,,0.098688
,0.166592,0.21401599999999998,,,0.20147199999999998
,0.07020799999999999,0.092736,,,0.207872
,0.161344,0.19539199999999998,,,0.096832
,0.17113599999999998,0.08832,,,0.106112
,0.5018239999999999,0.101952,,,0.064256
,0.617536,0.302336,,,0.041984
,,0.06905599999999999,,,0.413184
,,0.09446399999999999,,,0.136768
,,0.07334399999999999,,,0.065152
,,0.111104,,,0.066688
,,0.16665599999999997,,,0.39187199999999994
,,0.09299199999999999,,,0.14163199999999998
,,0.120128,,,0.890944
,,0.184128,,,0.15872
,,0.40499199999999996,,,0.03232
,,0.110784,,,0.140032
,,0.101952,,,0.308544
,,0.070784,,,0.047616
,,0.36473599999999995,,,0.15379199999999998
,,0.27692799999999995,,,0.057984
,,0.057151999999999994,,,0.045056
,,0.317952,,,0.278592
,,0.802688,,,0.16780799999999998
,,0.28768,,,0.562624
,,0.14496,,,0.10592
,,0.07456,,,0.272512
,,0.128512,,,0.475072
,,0.110784,,,0.13824
,,0.10982399999999999,,,0.045056
,,0.19519999999999998,,,0.93952
,,0.30156799999999995,,,0.223488
,,0.090752,,,0.141824
,,0.45407999999999993,,,0.186112
,,0.232512,,,0.049024
,,0.158976,,,0.245696
,,0.29331199999999996,,,0.0416
,,0.261824,,,0.080832
,,0.17343999999999998,,,0.33375999999999995
,,0.33017599999999997,,,0.253568
,,0.137216,,,0.219136
,,0.383488,,,0.15008
,,0.10732799999999999,,,0.071488
,,0.126528,,,0.0384
,,0.081664,,,0.14540799999999998
,,0.074112,,,0.129856
,,0.16780799999999998,,,0.2448
,,0.11244799999999999,,,0.041471999999999995
,,0.244608,,,0.073984
,,0.31257599999999996,,,0.17984
,,0.09926399999999999,,,0.499264
,,0.078016,,,0.0688
,,0.6523519999999999,,,0.20524799999999999
,,0.152192,,,0.093248
,,0.078016,,,0.23615999999999998
,,0.300608,,,0.058432
,,0.17964799999999997,,,0.897792
,,0.188864,,,0.21107199999999998
,,0.095744,,,0.554176
,,0.21312,,,0.17427199999999998
,,0.26700799999999997,,,0.182144
,,0.111424,,,0.067456
,,0.23648000000000002,,,0.17446399999999998
,,0.122752,,,0.044864
,,0.711808,,,0.132608
,,0.271744,,,0.117952
,,0.07865599999999999,,,0.09465599999999999
,,0.10803199999999999,,,0.519104
,,0.209024,,,0.20627199999999998
,,0.068864,,,0.16486399999999998
,,0.10259199999999999,,,0.15577599999999997
,,0.109696,,,0.0928
,,0.27136,,,0.23033599999999999
,,0.212224,,,0.44012799999999996
,,0.19584000000000001,,,0.08275199999999999
,,1.02496,,,0.507904
,,0.198208,,,0.126784
,,0.373888,,,0.080256
,,0.338368,,,0.18764799999999998
,,0.146112,,,0.110592
,,0.37324799999999997,,,0.25651199999999996
,,0.422976,,,0.13331199999999999
,,0.278912,,,0.054335999999999995
,,0.06643199999999999,,,0.189184
,,0.07564799999999999,,,0.129408
,,0.096192,,,0.3104
,,0.088128,,,0.19488
,,0.09727999999999999,,,0.350528
,,0.18924799999999997,,,0.46131199999999994
,,0.109632,,,0.45638399999999996
,,0.096576,,,0.150528
,,0.162944,,,0.18495999999999999
,,0.097728,,,0.11033599999999999
,,0.668928,,,0.208896
,,0.2848,,,0.198784
,,0.163072,,,0.15231999999999998
,,0.6405759999999999,,,0.19168
,,0.109248,,,0.262336
,,0.07980799999999999,,,0.183168
,,0.07264,,,0.49830399999999997
,,0.18387199999999998,,,0.41036799999999996
,,0.181696,,,0.14143999999999998
,,0.29113599999999995,,,0.625792
,,0.158912,,,1.148672
,,0.229952,,,0.40454399999999996
,,0.09363199999999999,,,0.13139199999999998
,,0.076544,,,0.12403199999999999
,,0.149312,,,0.19475199999999998
,,0.116032,,,0.147136
,,0.207808,,,0.168448
,,0.09856,,,0.353856
,,0.244992,,,0.391104
,,0.175808,,,0.217408
,,0.1936,,,0.284224
,,0.11129599999999999,,,0.03744
,,0.079936,,,0.299328
,,0.2256,,,0.205376
,,0.160192,,,0.401728
,,0.191872,,,0.164096
,,0.15711999999999998,,,0.286592
,,0.15833599999999998,,,0.30675199999999997
,,0.098176,,,0.09811199999999999
,,0.126656,,,0.11974399999999999
,,0.07878399999999999,,,0.24659199999999998
,,0.10188799999999999,,,0.24428799999999998
,,0.12070399999999998,,,0.261888
,,0.16064,,,0.23891199999999999
,,0.19219199999999997,,,0.251584
,,0.104832,,,0.076864
,,0.12006399999999999,,,0.243328
,,0.280896,,,0.166976
,,0.113088,,,0.0624
,,0.18073599999999998,,,0.095872
,,0.106112,,,0.620416
,,0.104,,,0.137856
,,0.40620799999999996,,,0.141504
,,0.198208,,,0.076928
,,0.08691199999999999,,,0.11660799999999999
,,0.8137599999999999,,,0.127936
,,0.188736,,,0.359552
,,0.544768,,,0.251392
,,0.28448,,,0.244032
,,0.14464,,,0.387904
,,0.16966399999999998,,,0.149248
,,0.24998399999999998,,,0.14143999999999998
,,0.057471999999999995,,,0.085696
,,0.08512,,,0.176192
,,0.150976,,,0.19807999999999998
,,0.44185599999999997,,,0.38271999999999995
,,0.08864,,,0.10528
,,0.137408,,,0.071296
,,0.10406399999999999,,,0.319936
,,0.1648,,,0.661312
,,0.10105599999999999,,,0.111744
,,0.08985599999999999,,,0.083328
,,0.17804799999999998,,,0.06988799999999999
,,0.522304,,,0.21862399999999999
,,0.190848,,,0.10931199999999999
,,0.142144,,,0.126656
,,0.044544,,,0.264832
,,0.351552,,,0.10553599999999999
,,0.097344,,,0.259648
,,0.07270399999999999,,,0.528192
,,0.07936,,,0.200448
,,0.17094399999999998,,,0.208896
,,0.33017599999999997,,,0.16352
,,0.148864,,,0.047616
,,0.052224,,,0.065408
,,0.091584,,,0.085184
,,0.12448,,,0.21753599999999998
,,0.073792,,,0.13824
,,0.41049599999999997,,,0.21273599999999998
,,0.20287999999999998,,,0.19014399999999998
,,0.26950399999999997,,,0.099712
,,0.099008,,,0.11104
,,0.652032,,,0.608448
,,0.294656,,,0.186496
,,0.5461119999999999,,,0.1472
,,0.39776,,,0.372672
,,0.273472,,,0.10060799999999999
,,0.097856,,,0.11327999999999999
,,0.21356799999999998,,,0.26572799999999996
,,0.12351999999999999,,,0.251328
,,0.398464,,,0.183168
,,0.022976,,,0.074048
,,0.393856,,,0.17631999999999998
,,0.396672,,,0.087744
,,0.17555199999999999,,,0.45964799999999995
,,0.030015999999999998,,,0.064
,,0.0944,,,0.24787199999999998
,,0.14656,,,0.663616
,,0.11046399999999999,,,0.11180799999999999
,,0.053824,,,0.012992
,,0.134016,,,0.076736
,,0.132928,,,0.117312
,,0.066688,,,0.267776
,,0.15424,,,0.21855999999999998
,,0.188416,,,0.12992
,,0.163776,,,0.12659199999999998
,,0.630016,,,0.39238399999999996
,,0.32864,,,0.066624
,,0.066368,,,0.18016
,,0.072832,,,0.097088
,,0.163136,,,0.148096
,,0.130176,,,0.21267199999999997
,,0.223744,,,0.12287999999999999
,,0.096256,,,0.08992
,,0.10931199999999999,,,0.066624
,,0.10950399999999999,,,0.059328
,,0.09017599999999999,,,0.263872
,,0.19584,,,0.080832
,,0.13472,,,0.37312
,,0.207808,,,0.11110400000000001
,,0.12339199999999999,,,0.088768
,,0.57248,,,0.07615999999999999
,,0.21248,,,0.24492799999999998
,,0.202944,,,0.10323199999999999
,,0.357952,,,0.176192
,,0.44934399999999997,,,0.592704
,,0.11014399999999999,,,0.068672
,,0.26848,,,0.20524799999999999
,,0.22688,,,0.245888
,,0.241856,,,0.10438399999999999
,,0.36191999999999996,,,0.153408
,,0.10464,,,0.063168
,,0.44992,,,0.178944
,,0.12742399999999998,,,0.5314559999999999
,,0.365952,,,0.091968
,,0.1808,,,0.26976
,,0.10207999999999999,,,0.292416
,,0.148672,,,0.22406399999999999
,,0.29958399999999996,,,0.049471999999999995
,,0.4256,,,0.102336
,,0.140544,,,0.07814399999999999
,,0.19289599999999998,,,0.11148799999999999
,,0.39283199999999996,,,0.182144
,,0.713216,,,0.12953599999999998
,,0.129984,,,0.130688
,,0.098048,,,0.155328
,,0.056192,,,0.17951999999999999
,,0.5988479999999999,,,0.125632
,,0.18662399999999998,,,0.28076799999999996
,,0.41632,,,0.093888
,,0.291072,,,0.252416
,,0.09024,,,0.071936
,,0.181888,,,0.130688
,,0.104512,,,0.16704
,,0.273344,,,0.225536
,,0.10950399999999999,,,0.461632
,,0.138688,,,0.092288
,,0.177344,,,0.19430399999999998
,,0.12787199999999999,,,0.09247999999999999
,,0.17299199999999998,,,0.154368
,,0.07135999999999999,,,0.13376
,,0.187904,,,0.143232
,,0.07647999999999999,,,0.147008
,,0.379328,,,0.107776
,,0.263296,,,1.2411519999999998
,,0.25952,,,0.091136
,,0.168128,,,0.15616
,,0.13408,,,0.16172799999999998
,,0.161344,,,0.11046399999999999
,,0.158528,,,0.10425599999999999
,,0.574144,,,0.262592
,,0.577792,,,0.126464
,,0.09088,,,0.21862399999999999
,,0.130432,,,0.056704
,,0.164096,,,0.061376
,,0.483712,,,0.126784
,,0.1088,,,0.100672
,,0.163328,,,0.965696
,,0.096,,,0.256704
,,0.5060479999999999,,,0.20524799999999999
,,0.452352,,,0.13414399999999999
,,0.130112,,,0.13267199999999998
,,0.197376,,,0.17759999999999998
,,0.227072,,,0.2128
,,0.163328,,,0.24620799999999998
,,0.12371199999999999,,,0.179392
,,0.136256,,,0.06559999999999999
,,0.107648,,,0.225792
,,0.144832,,,0.091456
,,0.106112,,,0.032512
,,0.394752,,,0.194816
,,0.27648,,,0.085696
,,0.878336,,,0.090432
,,0.8167039999999999,,,0.190912
,,0.261056,,,0.07008
,,0.33593599999999996,,,0.20185599999999998
,,0.23648,,,0.362112
,,0.16883199999999998,,,0.166912
,,0.160768,,,0.319168
,,0.474688,,,0.649984
,,0.091648,,,0.298304
,,0.091456,,,0.148608
,,0.26073599999999997,,,0.25632
,,0.534976,,,0.161152
,,0.457472,,,0.23699199999999998
,,0.30496,,,0.30668799999999996
,,0.159552,,,0.082816
,,0.596096,,,0.633024
,,0.5288959999999999,,,0.127104
,,0.855104,,,0.210944
,,0.261632,,,0.137408
,,0.13984,,,0.13599999999999998
,,0.09958399999999999,,,0.25344
,,0.244032,,,0.09824
,,0.08806399999999999,,,0.17971199999999998
,,0.43097599999999997,,,0.083968
,,0.18464,,,0.088128
,,0.26073599999999997,,,0.136384
,,0.49663999999999997,,,0.26950399999999997
,,0.20287999999999998,,,0.184384
,,0.020992,,,0.07296
,,0.522304,,,0.14355199999999999
,,0.6135039999999999,,,0.136256
,,0.19577599999999998,,,0.36928
,,0.143808,,,0.236224
,,0.107072,,,0.165248
,,0.159744,,,0.4224
,,0.070016,,,0.17593599999999998
,,0.1552,,,0.124416
,,0.364224,,,0.082048
,,0.104512,,,0.07071999999999999
,,1.414912,,,0.190656
,,0.16576,,,0.068608
,,0.078592,,,0.20992
,,0.17088,,,0.188224
,,0.77984,,,0.059775999999999996
,,0.117632,,,0.680512
,,0.334848,,,0.251776
,,0.100352,,,0.020607999999999998
,,0.140352,,,0.17132799999999998
,,1.929536,,,0.090112
,,0.18284799999999998,,,0.10899199999999999
,,0.12659199999999998,,,0.43552
,,0.147968,,,0.09331199999999999
,,0.582784,,,0.7336320000000001
,,0.09382399999999999,,,0.077376
,,0.20704,,,0.582912
,,0.065152,,,0.350016
,,0.137536,,,0.10368
,,0.210112,,,0.256896
,,0.084544,,,0.303104
,,0.368512,,,0.140224
,,0.169408,,,0.21484799999999998
,,0.10470399999999999,,,0.275648
,,1.111936,,,0.20838399999999999
,,0.373824,,,0.19180799999999998
,,0.093696,,,0.123136
,,0.058688,,,0.125248
,,0.141376,,,0.171904
,,0.088576,,,0.09267199999999999
,,0.19372799999999998,,,0.148032
,,0.191104,,,0.272576
,,0.198016,,,0.154496
,,0.080256,,,0.140352
,,0.152896,,,0.131648
,,0.08576,,,0.076352
,,0.42534399999999994,,,0.07865599999999999
,,0.444992,,,0.145152
,,0.257664,,,0.17324799999999999
,,0.340864,,,0.19539199999999998
,,1.428864,,,0.089792
,,0.139456,,,0.475136
,,0.117504,,,0.236672
,,0.23904,,,0.19968
,,0.17049599999999998,,,0.11180799999999999
,,0.08639999999999999,,,0.11628799999999999
,,0.12140799999999999,,,0.132288
,,0.449024,,,0.085376
,,0.12,,,0.40902399999999994
,,0.07219199999999999,,,0.128512
,,0.124288,,,0.055552
,,0.056768,,,0.11807999999999999
,,0.32057599999999997,,,0.20294399999999999
,,0.062528,,,0.560064
,,0.12544,,,0.10112
,,0.264576,,,0.30457599999999996
,,0.7242879999999999,,,0.46649599999999997
,,0.118976,,,0.084352
,,0.44608,,,0.4556159999999999
,,0.14816,,,0.169984
,,0.139456,,,0.381568
,,0.099072,,,0.283968
,,0.133888,,,0.14124799999999998
,,0.082176,,,0.155776
,,0.07468799999999999,,,0.15795199999999998
,,0.376256,,,0.080512
,,0.337664,,,0.278912
,,0.09862399999999999,,,0.288192
,,0.28703999999999996,,,0.207808
,,0.118976,,,0.216192
,,0.193984,,,0.07776
,,0.253504,,,0.15609599999999998
,,0.17177599999999998,,,0.21273599999999998
,,0.225152,,,0.061824
,,0.159936,,,0.153024
,,0.256,,,0.145344
,,0.09331199999999999,,,0.36774399999999996
,,0.14668799999999999,,,0.081344
,,0.177664,,,0.066368
,,0.32288,,,0.09753599999999998
,,0.307392,,,0.188544
,,0.153408,,,0.21689599999999998
,,0.12864,,,0.159552
,,0.22092799999999999,,,0.23071999999999998
,,0.160192,,,0.127296
,,0.251776,,,0.087616
,,0.20211199999999999,,,0.132416
,,0.110912,,,0.137024
,,0.26284799999999997,,,0.14457599999999998
,,0.281152,,,0.067328
,,0.40953599999999996,,,0.221632
,,0.833344,,,0.132544
,,0.017984,,,0.246144
,,0.236864,,,0.098176
,,0.320448,,,0.082368
,,0.183616,,,0.14790399999999998
,,0.080832,,,0.21606399999999998
,,0.081664,,,0.051519999999999996
,,0.360704,,,0.521344
,,0.27359999999999995,,,1.041664
,,0.11609599999999999,,,0.06527999999999999
,,0.110208,,,0.11065599999999999
,,0.178624,,,0.06790399999999999
,,0.03584,,,0.27366399999999996
,,0.13248,,,0.339584
,,0.149312,,,0.07776
,,0.076224,,,0.15814399999999998
,,0.26284799999999997,,,0.23507199999999998
,,0.527296,,,0.070976
,,0.10207999999999999,,,0.363456
,,0.186432,,,0.11648
,,0.12185599999999999,,,0.103296
,,0.42368,,,0.133056
,,0.372928,,,0.471808
,,0.29856,,,0.053056
,,0.074624,,,0.059008
,,0.165568,,,0.09408
,,0.061248,,,0.218304
,,0.09631999999999999,,,0.07776
,,0.11001599999999999,,,0.09875199999999999
,,0.349632,,,0.193664
,,0.699456,,,0.348736
,,0.6310399999999999,,,0.125184
,,0.147264,,,0.532224
,,0.20230399999999998,,,0.47052799999999995
,,0.590976,,,0.103808
,,0.272384,,,0.0784
,,0.13644799999999999,,,0.224704
,,0.27232,,,0.09894399999999999
,,0.133376,,,0.28665599999999997
,,0.071232,,,0.27955199999999997
,,0.082624,,,0.091968
,,0.16127999999999998,,,0.12486399999999999
,,0.163712,,,0.33683199999999996
,,0.134464,,,0.34208
,,0.156416,,,0.09497599999999999
,,0.085376,,,0.17248
,,0.072768,,,0.19968
,,0.7962879999999999,,,0.198272
,,0.10815999999999999,,,0.219968
,,1.061696,,,0.6549119999999999
,,1.075008,,,0.08224
,,0.853632,,,0.131136
,,0.046655999999999996,,,0.20672
,,0.081088,,,0.11584
,,0.06624,,,0.130496
,,0.037759999999999995,,,0.107456
,,0.25823999999999997,,,0.23737599999999998
,,0.187328,,,0.22355199999999997
,,0.07699199999999999,,,0.201984
,,0.181056,,,0.182144
,,0.04288,,,0.106432
,,0.12371199999999999,,,0.13644799999999999
,,0.431232,,,0.085504
,,0.138688,,,0.356736
,,0.5029119999999999,,,0.138368
,,0.0528,,,0.095232
,,0.16716799999999998,,,0.109952
,,0.139328,,,0.12454399999999999
,,0.26662399999999997,,,0.29056
,,0.140096,,,0.135232
,,0.166656,,,0.057344
,,0.126528,,,0.11046399999999999
,,0.310784,,,0.153472
,,0.486784,,,0.23532799999999998
,,0.095424,,,0.24518399999999999
,,0.311232,,,0.29472
,,0.40448,,,0.071808
,,0.6346879999999999,,,0.081472
,,0.08544,,,0.042688
,,0.159296,,,0.103104
,,0.108736,,,0.1216
,,0.10156799999999999,,,0.14284799999999997
,,0.12300799999999999,,,0.7176959999999999
,,0.209024,,,0.0928
,,0.31168,,,0.133056
,,0.388032,,,0.256448
,,0.150144,,,0.35168
,,0.094528,,,0.077376
,,0.070784,,,0.24678399999999998
,,0.095872,,,0.15334399999999998
,,0.104512,,,0.08012799999999999
,,0.12972799999999998,,,0.074432
,,0.33971199999999996,,,0.08934399999999999
,,0.20415999999999998,,,0.036351999999999995
,,0.088,,,0.07238399999999999
,,0.13376,,,0.11673599999999999
,,0.114816,,,0.19039999999999999
,,0.30272,,,0.069312
,,0.165568,,,0.172864
,,0.19289599999999998,,,1.0976000000000001
,,0.380096,,,0.23820799999999998
,,0.10092799999999999,,,0.20793599999999998
,,0.43423999999999996,,,0.340608
,,0.14310399999999998,,,0.064832
,,0.31776,,,0.757504
,,0.053439999999999994,,,0.301824
,,0.283456,,,0.212672
,,0.059519999999999997,,,0.12736
,,0.181888,,,0.051008
,,0.046655999999999996,,,0.09977599999999999
,,0.52512,,,0.053503999999999996
,,0.332096,,,0.10668799999999999
,,0.200064,,,0.062592
,,0.69856,,,0.048895999999999995
,,0.588992,,,0.107648
,,0.10470399999999999,,,0.190208
,,0.259776,,,0.106624
,,0.32057599999999997,,,0.13183999999999998
,,0.462016,,,0.088832
,,0.24825599999999998,,,0.13747199999999998
,,0.269824,,,0.15488
,,0.103168,,,0.185408
,,0.161024,,,0.115904
,,0.22636799999999999,,,0.41049599999999997
,,0.380992,,,0.293056
,,0.11968,,,0.312384
,,0.065728,,,0.052031999999999995
,,0.023488,,,0.127808
,,0.11711999999999999,,,0.0992
,,0.191488,,,0.191488
,,0.203072,,,0.127808
,,1.131456,,,0.195968
,,0.278464,,,0.094272
,,0.09247999999999999,,,0.128384
,,0.13824,,,0.101632
,,0.203712,,,0.292352
,,0.479296,,,0.07392
,,0.275712,,,0.34496
,,0.166016,,,0.113408
,,0.616128,,,0.179648
,,0.062848,,,0.144512
,,0.17823999999999998,,,0.094016
,,0.590464,,,0.46982399999999996
,,0.122816,,,0.642816
,,0.083648,,,0.060351999999999996
,,0.154944,,,0.079296
,,0.316544,,,0.239808
,,0.501696,,,0.65888
,,0.278784,,,0.33932799999999996
,,0.23776,,,0.34483199999999997
,,0.18239999999999998,,,0.0784
,,0.166208,,,0.167296
,,0.160512,,,0.089088
,,0.20313599999999998,,,0.037632
,,0.17056,,,0.084352
,,0.5736319999999999,,,0.20396799999999998
,,0.09631999999999999,,,0.11424
,,0.174208,,,0.430848
,,0.22169599999999998,,,0.28256
,,0.286912,,,0.0528
,,0.148032,,,0.14355199999999999
,,0.140096,,,0.05728
,,0.086656,,,0.414016
,,0.846336,,,0.21862399999999999
,,0.066304,,,0.25984
,,0.24780799999999997,,,0.07270399999999999
,,0.352832,,,0.175296
,,0.19558399999999998,,,0.07750399999999999
,,0.259648,,,0.08
,,0.20460799999999998,,,1.325631716
,,0.19705599999999998,,,0.246784
,,0.080832,,,0.077056
,,0.222656,,,0.061056
,,0.132928,,,0.117632
,,0.104,,,0.09350399999999999
,,0.340032,,,0.308032
,,0.6032,,,0.204416
,,0.275648,,,0.15148799999999998
,,0.053439999999999994,,,0.197632
,,0.105408,,,0.45894399999999996
,,0.27833600000000003,,,0.04224
,,0.105792,,,0.21472
,,0.13830399999999998,,,0.29568
,,0.091712,,,0.12351999999999999
,,0.14790399999999998,,,0.078272
,,0.144128,,,0.031232
,,0.270208,,,0.146112
,,0.20294399999999999,,,0.1424
,,0.056895999999999995,,,0.244672
,,0.16652799999999998,,,0.264384
,,0.33727999999999997,,,0.157888
,,0.159104,,,0.07744
,,0.12268799999999999,,,0.050752
,,0.21964799999999998,,,0.06688
,,0.24928,,,0.10502399999999999
,,0.0896,,,0.132608
,,0.21043199999999998,,,0.149056
,,0.06656,,,0.27455999999999997
,,0.058688,,,0.24268800000000001
,,0.461312,,,0.320384
,,0.6543359999999999,,,0.086848
,,0.197184,,,0.076416
,,0.912704,,,0.164288
,,0.053824,,,0.5282560000000001
,,0.055872,,,0.071104
,,0.10438399999999999,,,0.229568
,,0.17427199999999998,,,0.23232
,,0.227008,,,0.193984
,,0.17446399999999998,,,0.41708799999999996
,,0.246144,,,0.09382399999999999
,,0.04704,,,0.21683199999999997
,,0.139008,,,0.088256
,,0.135424,,,0.44339199999999995
,,0.132736,,,0.18911999999999998
,,0.111232,,,0.220416
,,0.525888,,,0.062271999999999994
,,0.073792,,,0.12768
,,0.39392,,,0.137792
,,0.27296,,,0.17804799999999998
,,0.235264,,,1.142272
,,0.13472,,,0.136896
,,0.165248,,,0.07814399999999999
,,0.11788799999999999,,,0.07353599999999999
,,0.097216,,,0.24991999999999998
,,0.086784,,,0.15744
,,0.09382399999999999,,,0.267904
,,0.25849599999999995,,,0.042496
,,0.128576,,,0.057536
,,0.42457599999999995,,,0.30777599999999994
,,0.8815999999999999,,,0.183808
,,0.238336,,,0.06758399999999999
,,0.120192,,,0.69312
,,0.061888,,,0.029887999999999998
,,0.080256,,,0.034432
,,0.12089599999999999,,,0.11923199999999999
,,0.192576,,,0.20211199999999999
,,0.21664,,,0.177024
,,0.092416,,,0.151936
,,0.087808,,,0.29171199999999997
,,0.25734399999999996,,,0.076416
,,0.130176,,,0.9984639999999999
,,0.378944,,,0.090752
,,0.18847999999999998,,,0.046528
,,0.099008,,,0.15564799999999998
,,0.119104,,,0.22943999999999998
,,0.213824,,,0.12742399999999998
,,0.058432,,,0.074944
,,0.14336,,,0.41152
,,0.17491199999999998,,,0.068992
,,0.11161599999999999,,,0.04
,,0.104128,,,0.134208
,,0.053696,,,0.12972799999999998
,,0.11628799999999999,,,0.257856
,,0.670592,,,0.119488
,,0.253888,,,0.040832
,,0.38323199999999996,,,0.12415999999999999
,,0.057215999999999996,,,0.14393599999999998
,,0.05792,,,0.221376
,,0.207552,,,0.126272
,,0.06784,,,0.33427199999999996
,,0.18931199999999998,,,0.270656
,,0.19686399999999998,,,0.180672
,,0.102336,,,0.6629759999999999
,,0.12415999999999999,,,0.16064
,,0.143488,,,0.14207999999999998
,,0.110528,,,0.782144
,,0.026816,,,0.1392
,,0.10771199999999999,,,0.22553600000000001
,,0.164992,,,0.07155199999999999
,,0.071936,,,0.6983039999999999
,,0.26496,,,0.07219199999999999
,,0.430272,,,0.068864
,,0.13856,,,0.602432
,,0.126208,,,0.5287040000000001
,,0.109056,,,
,,0.10592,,,
,,0.521728,,,
,,0.547072,,,
,,0.41625599999999996,,,
,,0.036608,,,
,,0.112384,,,
,,0.271872,,,
,,0.195136,,,
,,0.168384,,,
,,0.193472,,,
,,0.22912,,,
,,0.8334079999999999,,,
,,0.06393599999999999,,,
,,0.353216,,,
,,0.288512,,,
,,0.135616,,,
,,0.328192,,,
,,0.139328,,,
,,0.130944,,,
,,0.227456,,,
,,0.06591999999999999,,,
,,0.07328,,,
,,0.24953599999999998,,,
,,0.10387199999999999,,,
,,0.053056,,,
,,0.044288,,,
,,0.032,,,
,,0.104448,,,
,,0.41843199999999997,,,
,,0.21631999999999998,,,
,,0.10060799999999999,,,
,,0.168896,,,
,,0.562816,,,
,,0.160576,,,
,,0.5453439999999999,,,
,,0.205952,,,
,,0.294016,,,
,,0.082816,,,
,,0.051328,,,
,,0.17132799999999998,,,
,,0.085184,,,
,,0.377664,,,
,,0.651264,,,
,,0.132096,,,
,,0.150528,,,
,,0.072576,,,
,,0.044095999999999996,,,
,,0.47264,,,
,,0.09811199999999999,,,
,,0.135296,,,
,,0.053503999999999996,,,
,,0.12012799999999998,,,
,,0.10387199999999999,,,
,,0.17996799999999996,,,
,,0.49868799999999996,,,
,,0.11008,,,
,,0.103808,,,
,,0.271232,,,
,,0.39039999999999997,,,
,,0.46176,,,
,,0.42688,,,
,,0.43904,,,
,,0.125184,,,
,,0.246336,,,
,,0.265024,,,
,,0.176832,,,
,,0.38367999999999997,,,
,,0.365376,,,
,,0.344704,,,
,,0.163904,,,
,,0.45088,,,
,,0.500992,,,
,,0.157376,,,
,,0.364224,,,
,,0.157248,,,
,,0.394688,,,
,,0.18265599999999999,,,
,,0.031039999999999998,,,
,,0.115328,,,
,,0.326656,,,
,,0.6330239999999999,,,
,,0.12908799999999998,,,
,,0.116352,,,
,,0.5415679999999999,,,
,,0.3008,,,
,,0.159168,,,
,,0.09004799999999999,,,
,,0.43507199999999996,,,
,,0.36275199999999996,,,
,,0.080064,,,
,,0.16096,,,
,,0.130496,,,
,,0.21664,,,
,,0.37407999999999997,,,
,,0.6693119999999999,,,
,,0.17887999999999998,,,
,,0.15462399999999998,,,
,,0.106496,,,
,,0.15936,,,
,,0.309504,,,
,,0.146816,,,
,,0.11923199999999999,,,
,,0.157056,,,
,,0.130752,,,
,,0.09990399999999999,,,
,,0.8183039999999999,,,
,,0.427712,,,
,,0.253888,,,
,,0.539392,,,
,,0.138688,,,
,,0.11839999999999999,,,
,,0.193344,,,
,,0.219136,,,
,,0.058623999999999996,,,
,,0.146816,,,
,,0.276288,,,
,,0.03424,,,
,,0.931136,,,
,,0.011392,,,
,,0.179456,,,
,,0.07328,,,
,,0.12121599999999999,,,
,,0.645312,,,
,,0.190336,,,
,,0.12223999999999999,,,
,,0.37324799999999997,,,
,,0.345856,,,
,,0.545856,,,
,,0.212032,,,
,,0.172288,,,
,,0.15628799999999998,,,
,,0.11513599999999999,,,
,,0.550464,,,
,,0.311488,,,
,,0.206976,,,
,,0.125184,,,
,,0.9721599999999999,,,
,,0.666304,,,
,,0.188736,,,
,,0.143808,,,
,,0.16422399999999998,,,
,,0.130944,,,
,,0.114368,,,
,,0.289664,,,
,,0.405952,,,
,,0.043519999999999996,,,
,,0.037503999999999996,,,
,,0.055296,,,
,,0.08953599999999999,,,
,,0.671616,,,
,,0.081408,,,
,,0.052095999999999996,,,
,,0.118016,,,
,,0.43616,,,
,,0.40377599999999997,,,
,,0.13663999999999998,,,
,,0.463296,,,
,,0.21631999999999998,,,
,,0.139712,,,
,,0.14041599999999999,,,
,,0.17823999999999998,,,
,,0.102976,,,
,,0.338944,,,
,,0.17279999999999998,,,
,,0.071296,,,
,,0.282816,,,
,,0.152704,,,
,,0.535296,,,
,,0.223936,,,
,,0.172224,,,
,,0.14835199999999998,,,
,,0.117504,,,
,,0.22816,,,
,,0.085952,,,
,,0.219712,,,
,,0.064384,,,
,,0.135232,,,
,,0.206976,,,
,,0.36351999999999995,,,
,,0.176192,,,
,,0.04384,,,
,,0.41625599999999996,,,
,,0.172288,,,
,,0.043775999999999995,,,
,,0.787328,,,
,,0.421568,,,
,,0.071168,,,
,,0.405632,,,
,,0.5511039999999999,,,
,,0.262336,,,
,,0.186496,,,
,,0.651264,,,
,,0.09862399999999999,,,
,,0.220224,,,
,,0.663808,,,
,,1.003904,,,
,,0.188032,,,
,,0.158144,,,
,,0.17324799999999999,,,
,,0.232448,,,
,,0.637824,,,
,,0.22950399999999999,,,
,,0.305408,,,
,,0.750656,,,
,,0.252608,,,
,,0.08179199999999999,,,
,,0.054784,,,
,,1.321024,,,
,,0.06912,,,
,,0.060416,,,
,,0.141184,,,
,,0.22777599999999998,,,
,,0.138048,,,
,,0.308608,,,
,,0.30335999999999996,,,
,,1.0757759999999998,,,
,,0.188352,,,
,,0.09561599999999999,,,
,,0.08416,,,
,,0.046591999999999995,,,
,,0.1792,,,
,,0.030847999999999997,,,
,,0.055872,,,
,,0.219904,,,
,,0.717568,,,
,,0.304064,,,
,,0.4950399999999999,,,
,,0.287232,,,
,,0.485248,,,
,,0.137536,,,
,,0.05696,,,
,,0.41728,,,
,,0.617408,,,
,,0.194496,,,
,,0.082624,,,
,,0.29696,,,
,,0.269312,,,
,,0.336064,,,
,,0.084224,,,
,,0.21023999999999998,,,
,,0.196288,,,
,,0.041984,,,
,,0.109568,,,
,,0.33849599999999996,,,
,,0.370112,,,
,,0.181504,,,
,,0.16096,,,
,,0.161664,,,
,,0.170368,,,
,,0.094272,,,
,,0.081984,,,
,,0.18892799999999998,,,
,,0.323392,,,
,,1.1072,,,
,,0.177984,,,
,,0.108928,,,
,,0.419392,,,
,,0.257536,,,
,,1.2239360000000001,,,
,,0.041536,,,
,,0.06297599999999999,,,
,,0.103424,,,
,,0.12032,,,
,,0.1712,,,
,,0.24672,,,
,,0.097088,,,
,,0.21983999999999998,,,
,,0.17132799999999998,,,
,,0.078592,,,
,,0.63328,,,
,,0.386368,,,
,,0.21881599999999998,,,
,,0.384192,,,
,,0.13696,,,
,,0.081408,,,
,,0.131648,,,
,,0.35775999999999997,,,
,,0.20928,,,
,,0.349632,,,
,,0.10124799999999999,,,
,,0.4770559999999999,,,
,,0.220352,,,
,,0.310208,,,
,,0.055231999999999996,,,
,,0.296128,,,
,,0.40127999999999997,,,
,,0.268032,,,
,,0.72736,,,
,,0.28524799999999995,,,
,,0.142784,,,
,,0.413632,,,
,,0.287168,,,
,,0.269248,,,
,,0.475968,,,
,,0.4688,,,
,,0.048448,,,
,,0.115968,,,
,,0.09843199999999999,,,
,,0.11411199999999999,,,
,,0.12339199999999999,,,
,,0.081408,,,
,,0.157248,,,
,,0.38118399999999997,,,
,,0.23904,,,
,,0.16352,,,
,,0.311424,,,
,,0.08384,,,
,,0.561344,,,
,,0.323328,,,
,,0.092224,,,
,,0.13248,,,
,,0.434304,,,
,,0.36806399999999995,,,
,,0.35526399999999997,,,
,,0.374592,,,
,,0.09568,,,
,,0.08992,,,
,,0.06368,,,
,,0.07232,,,
,,0.21503999999999998,,,
,,0.211584,,,
,,0.31232,,,
,,0.030015999999999998,,,
,,0.789312,,,
,,0.12102399999999999,,,
,,0.34892799999999996,,,
,,0.110592,,,
,,0.098048,,,
,,0.069504,,,
,,0.11097599999999999,,,
,,0.147648,,,
,,0.206336,,,
,,0.07302399999999999,,,
,,0.225856,,,
,,0.151616,,,
,,0.252608,,,
,,0.895872,,,
,,0.13568,,,
,,0.21420799999999998,,,
,,0.22624,,,
,,0.033408,,,
,,0.12768,,,
,,0.388544,,,
,,0.14291199999999998,,,
,,0.6060159999999999,,,
,,0.20691199999999998,,,
,,0.531776,,,
,,0.174144,,,
,,0.41132799999999997,,,
,,0.186496,,,
,,0.053376,,,
,,0.08556799999999999,,,
,,0.20672,,,
,,0.298432,,,
,,0.09215999999999999,,,
,,0.103808,,,
,,0.060992,,,
,,0.176064,,,
,,0.156224,,,
,,0.06905599999999999,,,
,,0.074112,,,
,,0.076032,,,
,,0.094272,,,
,,0.086656,,,
,,0.46496,,,
,,0.081024,,,
,,0.17113599999999998,,,
,,0.11488,,,
,,0.126656,,,
,,0.17363199999999998,,,
,,0.1888,,,
,,0.533632,,,
,,0.125248,,,
,,0.055231999999999996,,,
,,0.20889599999999997,,,
,,0.32416,,,
,,0.072064,,,
,,0.09977599999999999,,,
,,0.164096,,,
,,0.0416,,,
,,0.250752,,,
,,0.332032,,,
,,0.09414399999999999,,,
,,0.339008,,,
,,0.337536,,,
,,0.35609599999999997,,,
,,0.06752,,,
,,0.26239999999999997,,,
,,0.13644799999999999,,,
,,0.12038399999999999,,,
,,0.077696,,,
,,0.11859199999999999,,,
,,0.131264,,,
,,0.171584,,,
,,0.0928,,,
,,0.166016,,,
,,0.055872,,,
,,0.137472,,,
,,0.101824,,,
,,0.162496,,,
,,0.24774399999999996,,,
,,0.134848,,,
,,0.053312,,,
,,0.070272,,,
,,0.06841599999999999,,,
,,0.112064,,,
,,0.059199999999999996,,,
,,0.078208,,,
,,0.12287999999999999,,,
,,0.232448,,,
,,0.203712,,,
,,0.299264,,,
,,0.100032,,,
,,0.292224,,,
,,0.10553599999999999,,,
,,0.15001599999999998,,,
,,0.066816,,,
,,0.051968,,,
,,0.07712,,,
,,0.060607999999999995,,,
,,0.064896,,,
,,0.240384,,,
,,0.873728,,,
,,0.137088,,,
,,0.253888,,,
,,0.141056,,,
,,0.62304,,,
,,0.288064,,,
,,0.49273599999999995,,,
,,0.089408,,,
,,0.265792,,,
,,0.41984,,,
,,0.224768,,,
,,0.433728,,,
,,0.124224,,,
,,0.11161599999999999,,,
,,0.140928,,,
,,0.288,,,
,,0.136064,,,
,,0.315008,,,
,,0.135552,,,
,,0.12889599999999998,,,
,,0.078592,,,
,,0.157248,,,
,,0.235584,,,
,,0.127936,,,
,,0.158848,,,
,,0.103424,,,
,,0.259008,,,
,,0.20287999999999998,,,
,,0.078528,,,
,,0.093248,,,
,,0.04512,,,
,,0.183616,,,
,,0.23648,,,
,,0.12403199999999999,,,
,,0.089792,,,
,,0.342784,,,
,,0.035904,,,
,,0.070592,,,
,,0.45644799999999996,,,
,,1.4175360000000001,,,
,,0.142016,,,
,,0.226688,,,
,,0.40083199999999997,,,
,,0.16671999999999998,,,
,,0.09695999999999999,,,
,,0.259264,,,
,,0.97952,,,
,,0.025536,,,
,,0.17196799999999998,,,
,,0.234752,,,
,,0.08326399999999999,,,
,,0.041664,,,
,,0.30214399999999997,,,
,,0.13894399999999998,,,
,,1.215744,,,
,,0.285696,,,
,,0.038016,,,
,,0.070464,,,
,,0.22688,,,
,,0.283904,,,
,,0.107072,,,
,,0.13952,,,
,,0.12025599999999999,,,
,,0.164352,,,
,,0.451648,,,
,,0.086976,,,
,,0.092096,,,
,,0.18726399999999999,,,
,,0.048639999999999996,,,
,,0.057215999999999996,,,
,,0.1536,,,
,,0.1552,,,
,,0.255232,,,
,,0.10732799999999999,,,
,,0.059711999999999994,,,
,,0.06336,,,
,,0.072768,,,
,,0.100544,,,
,,0.17664,,,
,,0.196928,,,
,,0.0784,,,
,,0.16108799999999998,,,
,,0.038911999999999995,,,
,,0.35142399999999996,,,
,,0.082304,,,
,,0.334848,,,
,,0.683904,,,
,,0.50048,,,
,,0.354688,,,
,,0.177024,,,
,,0.151168,,,
,,0.12025599999999999,,,
,,0.28121599999999997,,,
,,0.962816,,,
,,0.13055999999999998,,,
,,0.15961599999999998,,,
,,0.12889599999999998,,,
,,0.282368,,,
,,0.161024,,,
,,0.118336,,,
,,0.18636799999999998,,,
,,0.122432,,,
,,0.098816,,,
,,0.612224,,,
,,0.076736,,,
,,0.092224,,,
,,1.388736,,,
,,0.14848,,,
,,0.126016,,,
,,0.10419199999999999,,,
,,0.17843199999999998,,,
,,0.162368,,,
,,0.070464,,,
,,0.135872,,,
,,0.151168,,,
,,0.151936,,,
,,0.053056,,,
,,0.20147199999999998,,,
,,0.34464,,,
,,0.37241599999999997,,,
,,0.268992,,,
,,0.056768,,,
,,0.14457599999999998,,,
,,0.145024,,,
,,0.41081599999999996,,,
,,0.16985599999999998,,,
,,1.106496,,,
,,0.509056,,,
,,0.213952,,,
,,0.267072,,,
,,0.24537599999999998,,,
,,0.598272,,,
,,0.393472,,,
,,0.117184,,,
,,0.1552,,,
,,0.16288,,,
,,0.10783999999999999,,,
,,0.06297599999999999,,,
,,0.080512,,,
,,0.162304,,,
,,0.07878399999999999,,,
,,0.076544,,,
,,0.37651199999999996,,,
,,0.163648,,,
,,0.365824,,,
,,0.318784,,,
,,0.094848,,,
,,0.26316799999999996,,,
,,0.12806399999999998,,,
,,0.075136,,,
,,0.243328,,,
,,0.329664,,,
,,0.420416,,,
,,0.17574399999999998,,,
,,0.35673599999999994,,,
,,0.197184,,,
,,0.24115199999999998,,,
,,0.181312,,,
,,0.234432,,,
,,0.209024,,,
,,0.25574399999999997,,,
,,0.158464,,,
,,1.525632,,,
,,0.39008,,,
,,0.794624,,,
,,0.152576,,,
,,0.124608,,,
,,0.058496,,,
,,0.077376,,,
,,0.084608,,,
,,0.12608,,,
,,0.30912,,,
,,0.07744000000000001,,,
,,0.086336,,,
,,0.162624,,,
,,0.122624,,,
,,0.12032,,,
,,0.24518399999999999,,,
,,0.25504,,,
,,0.13504,,,
,,0.570112,,,
,,0.11724799999999999,,,
,,0.336256,,,
,,0.15500799999999998,,,
,,0.1056,,,
,,0.060096,,,
,,0.5896319999999999,,,
,,0.112832,,,
,,0.132544,,,
,,0.179776,,,
,,0.23423999999999998,,,
,,0.43641599999999997,,,
,,0.12953599999999998,,,
,,0.179072,,,
,,0.08377599999999999,,,
,,0.170368,,,
,,0.11955199999999999,,,
,,0.377472,,,
,,0.413632,,,
,,0.100544,,,
,,0.309952,,,
,,0.296768,,,
,,0.16070399999999999,,,
,,0.28076799999999996,,,
,,0.335424,,,
,,0.189824,,,
,,0.35609599999999997,,,
,,0.082816,,,
,,0.41888,,,
,,0.13952,,,
,,0.137408,,,
,,0.079488,,,
,,0.08902399999999999,,,
,,0.051968,,,
,,0.057088,,,
,,0.114816,,,
,,0.17568,,,
,,0.298176,,,
,,0.650176,,,
,,0.079552,,,
,,0.07270399999999999,,,
,,1.239808,,,
,,0.78848,,,
,,0.448064,,,
,,0.125632,,,
,,0.12832,,,
,,0.21945599999999998,,,
,,0.30591999999999997,,,
,,0.20396799999999998,,,
,,0.713472,,,
,,0.152832,,,
,,0.25728,,,
,,0.236928,,,
,,0.274176,,,
,,0.311872,,,
,,0.263808,,,
,,0.580928,,,
,,0.11001599999999999,,,
,,0.23551999999999998,,,
,,0.24287999999999998,,,
,,0.062912,,,
,,0.081088,,,
,,0.167104,,,
,,0.14476799999999998,,,
,,0.112832,,,
,,0.30784,,,
,,0.757056,,,
,,0.30272,,,
,,0.11347199999999999,,,
,,0.170176,,,
,,0.034688,,,
,,0.044992,,,
,,0.24915199999999998,,,
,,0.04224,,,
,,0.20448,,,
,,0.16863999999999998,,,
,,0.103104,,,
,,0.10521599999999999,,,
,,0.270912,,,
,,1.042176,,,
,,0.9062399999999999,,,
,,0.10112,,,
,,0.354944,,,
,,0.167488,,,
,,0.29753599999999997,,,
,,0.360768,,,
,,0.36441599999999996,,,
,,0.176448,,,
,,0.13824,,,
,,0.08063999999999999,,,
,,0.220992,,,
,,0.177728,,,
,,0.477632,,,
,,0.086528,,,
,,0.126848,,,
,,0.143296,,,
,,0.13612799999999997,,,
,,0.22016,,,
,,0.09408,,,
,,0.07334399999999999,,,
,,0.36985599999999996,,,
,,0.164736,,,
,,0.178112,,,
,,0.070464,,,
,,0.062144,,,
,,0.1008,,,
,,0.152192,,,
,,0.213632,,,
,,0.371264,,,
,,0.236928,,,
,,0.052095999999999996,,,
,,0.17856,,,
,,1.306432,,,
,,0.047104,,,
,,0.21292799999999998,,,
,,0.13216,,,
,,0.36364799999999997,,,
,,0.231808,,,
,,0.07865599999999999,,,
,,0.229568,,,
,,0.395968,,,
,,0.427712,,,
,,0.328384,,,
,,0.136064,,,
,,0.141952,,,
,,0.5006079999999999,,,
,,0.10060799999999999,,,
,,0.08416,,,
,,0.131136,,,
,,0.228544,,,
,,0.246336,,,
,,0.256896,,,
,,0.32716799999999996,,,
,,0.163264,,,
,,0.096,,,
,,0.2512,,,
,,0.381056,,,
,,0.264128,,,
,,0.063744,,,
,,0.20339200000000002,,,
,,0.6331519999999999,,,
,,0.260352,,,
,,0.496832,,,
,,0.089152,,,
,,0.061119999999999994,,,
,,0.084288,,,
,,0.045824,,,
,,0.090816,,,
,,0.435648,,,
,,0.11475199999999999,,,
,,0.14790399999999998,,,
,,0.33632,,,
,,0.175872,,,
,,0.508416,,,
,,0.29459199999999996,,,
,,0.249472,,,
,,0.782592,,,
,,0.297536,,,
,,0.214336,,,
,,0.19519999999999998,,,
,,0.118784,,,
,,0.212672,,,
,,0.35065599999999997,,,
,,0.1296,,,
,,0.8008959999999999,,,
,,0.781952,,,
,,0.14079999999999998,,,
,,0.33408,,,
,,1.894016,,,
,,0.080832,,,
,,0.195712,,,
,,0.200576,,,
,,0.325056,,,
,,0.41344,,,
,,0.225408,,,
,,0.5671679999999999,,,
,,0.41152,,,
,,0.067136,,,
,,0.256896,,,
,,0.393536,,,
,,0.12006399999999999,,,
,,0.16006399999999998,,,
,,0.594752,,,
,,0.130624,,,
,,0.241472,,,
,,0.144448,,,
,,0.38655999999999996,,,
,,0.067136,,,
,,0.133568,,,
,,0.1792,,,
,,0.157504,,,
,,0.6736,,,
,,0.283648,,,
,,0.267136,,,
,,0.251264,,,
,,0.428672,,,
,,0.838336,,,
,,0.27411199999999997,,,
,,0.44345599999999996,,,
,,0.488448,,,
,,0.718528,,,
,,0.08691199999999999,,,
,,0.16339199999999998,,,
,,0.0992,,,
,,0.227328,,,
,,2.555008,,,
,,0.22016,,,
,,0.78304,,,
,,0.465792,,,
,,0.0832,,,
,,0.058432,,,
,,0.110528,,,
,,0.173056,,,
,,0.773504,,,
,,0.13376,,,
,,0.45536,,,
,,0.1168,,,
,,0.187776,,,
,,0.275776,,,
,,0.208,,,
,,0.032256,,,
,,0.308288,,,
,,0.065792,,,
,,0.365184,,,
,,0.31884799999999996,,,
,,0.252096,,,
,,0.523072,,,
,,0.198208,,,
,,0.065536,,,
,,0.235904,,,
,,0.146944,,,
,,0.10604799999999999,,,
,,0.105792,,,
,,0.076544,,,
,,0.136832,,,
,,0.18931199999999998,,,
,,0.179392,,,
,,0.1376,,,
,,0.08127999999999999,,,
,,0.255232,,,
,,0.24851199999999998,,,
,,0.10976,,,
,,0.423616,,,
,,0.038848,,,
,,0.073664,,,
,,0.131584,,,
,,0.129664,,,
,,0.048256,,,
,,0.08377599999999999,,,
,,0.32633599999999996,,,
,,0.6,,,
,,0.514752,,,
,,0.118784,,,
,,0.117696,,,
,,0.086848,,,
,,0.8048,,,
,,0.362688,,,
,,0.147968,,,
,,0.100224,,,
,,0.622336,,,
,,0.393088,,,
,,0.438784,,,
,,0.35654399999999997,,,
,,0.5569919999999999,,,
,,0.583872,,,
,,0.126464,,,
,,0.09235199999999999,,,
,,0.401024,,,
,,0.38822399999999996,,,
,,0.247552,,,
,,0.226816,,,
,,0.170304,,,
,,0.095936,,,
,,0.15328,,,
,,0.38617599999999996,,,
,,0.154688,,,
,,0.356864,,,
,,0.134016,,,
,,0.179328,,,
,,0.118976,,,
,,1.022016,,,
,,0.33254399999999995,,,
,,0.076864,,,
,,0.21228799999999998,,,
,,0.261376,,,
,,0.17887999999999998,,,
,,0.10572799999999999,,,
,,0.12153599999999999,,,
,,0.149504,,,
,,0.253952,,,
,,0.16832,,,
,,0.509312,,,
,,0.372992,,,
,,0.295296,,,
,,0.38239999999999996,,,
,,0.8815999999999999,,,
,,0.352512,,,
,,0.14016,,,
,,0.294528,,,
,,0.519872,,,
,,0.201152,,,
,,0.9166719999999999,,,
,,0.12595199999999998,,,
,,0.10464,,,
,,0.352576,,,
,,0.071808,,,
,,0.15808,,,
,,0.386752,,,
,,0.645312,,,
,,0.06297599999999999,,,
,,0.12403199999999999,,,
,,0.08806399999999999,,,
,,0.111552,,,
,,0.339072,,,
,,0.07744,,,
,,0.327104,,,
,,0.18579199999999998,,,
,,0.428992,,,
,,0.22950399999999999,,,
,,0.155968,,,
,,0.205888,,,
,,0.7643519999999999,,,
,,0.10771199999999999,,,
,,0.257664,,,
,,0.17728,,,
,,0.26688,,,
,,0.483904,,,
,,0.637056,,,
,,0.140544,,,
,,0.262912,,,
,,0.094592,,,
,,0.171072,,,
,,0.14585599999999999,,,
,,0.168064,,,
,,0.30291199999999996,,,
,,0.153472,,,
,,0.35769599999999996,,,
,,0.118336,,,
,,0.09580799999999999,,,
,,0.782208,,,
,,0.15462399999999998,,,
,,0.235904,,,
,,0.121344,,,
,,0.33177599999999996,,,
,,0.25030399999999997,,,
,,0.255168,,,
,,0.054272,,,
,,0.279872,,,
,,0.196736,,,
,,0.18118399999999998,,,
,,0.511936,,,
,,0.096512,,,
,,0.299456,,,
,,0.074368,,,
,,0.108096,,,
,,0.09465599999999999,,,
,,0.39244799999999996,,,
,,0.108608,,,
,,0.22624,,,
,,0.173312,,,
,,0.167296,,,
,,1.694208,,,
,,0.16735999999999998,,,
,,0.43257599999999996,,,
,,0.5414399999999999,,,
,,0.428544,,,
,,0.38752,,,
,,0.1872,,,
,,0.262144,,,
,,0.42272,,,
,,0.6055039999999999,,,
,,0.058112,,,
,,0.406016,,,
,,1.544896,,,
,,0.31488,,,
,,0.08211199999999999,,,
,,0.822592,,,
,,0.155712,,,
,,0.385088,,,
,,0.062144,,,
,,0.34099199999999996,,,
,,0.11942399999999999,,,
,,0.7235199999999999,,,
,,0.155072,,,
,,0.228928,,,
,,0.13632,,,
,,0.292544,,,
,,0.148928,,,
,,0.283776,,,
,,0.10060799999999999,,,
,,0.352,,,
,,0.561472,,,
,,0.027327999999999998,,,
,,0.922944,,,
,,0.059008,,,
,,0.48857599999999995,,,
,,0.035648,,,
,,0.41625599999999996,,,
,,0.333696,,,
,,0.246272,,,
,,0.289472,,,
,,0.4896,,,
,,0.15795199999999998,,,
,,0.539968,,,
,,0.295936,,,
,,0.16064,,,
,,0.21798399999999998,,,
,,0.14944,,,
,,0.187392,,,
,,0.262208,,,
,,0.164608,,,
,,0.22905599999999998,,,
,,0.47475199999999995,,,
,,0.5637759999999999,,,
,,0.7824639999999999,,,
,,0.11104,,,
,,0.670528,,,
,,0.121088,,,
,,0.292992,,,
,,0.221056,,,
,,0.484992,,,
,,0.123648,,,
,,0.06412799999999999,,,
,,0.238208,,,
,,0.11871999999999999,,,
,,0.084992,,,
,,0.369216,,,
,,1.057984,,,
,,0.207808,,,
,,0.342592,,,
,,0.163712,,,
,,0.260864,,,
,,0.10656,,,
,,0.282368,,,
,,0.075392,,,
,,0.373376,,,
,,0.126208,,,
,,0.23296,,,
,,0.161792,,,
,,0.121984,,,
,,0.523776,,,
,,0.137728,,,
,,0.265216,,,
,,0.126272,,,
,,0.029376,,,
,,0.033728,,,
,,0.074816,,,
,,0.495616,,,
,,0.190848,,,
,,0.051584,,,
,,0.373504,,,
,,0.091264,,,
,,0.294784,,,
,,0.40377599999999997,,,
,,0.211776,,,
,,0.632064,,,
,,0.82048,,,
,,0.264256,,,
,,1.442176,,,
,,0.320192,,,
,,0.446592,,,
,,0.14355199999999999,,,
,,0.194048,,,
,,0.285312,,,
,,0.14937599999999998,,,
,,0.264768,,,
,,0.306624,,,
,,0.37535999999999997,,,
,,0.376256,,,
,,0.225664,,,
,,0.117504,,,
,,0.451328,,,
,,0.13747199999999998,,,
,,0.188224,,,
,,0.46515199999999995,,,
,,0.063872,,,
,,0.857216,,,
,,0.207232,,,
,,0.118656,,,
,,0.169984,,,
,,0.26195199999999996,,,
,,0.10387199999999999,,,
,,0.32128,,,
,,0.18387199999999998,,,
,,0.103424,,,
,,0.393024,,,
,,0.34464,,,
,,1.6113279999999999,,,
,,0.16652799999999998,,,
,,0.152,,,
,,0.367616,,,
,,0.220736,,,
,,0.056063999999999996,,,
,,0.146752,,,
,,0.27071999999999996,,,
,,0.12499199999999999,,,
,,0.571328,,,
,,0.133184,,,
,,0.19232,,,
,,0.576768,,,
,,0.060224,,,
,,0.19072,,,
,,0.113856,,,
,,0.187904,,,
,,0.399808,,,
,,0.194816,,,
,,0.56672,,,
,,0.450816,,,
,,0.394816,,,
,,0.162944,,,
,,0.8368,,,
,,0.079488,,,
,,0.205312,,,
,,0.316864,,,
,,0.19142399999999998,,,
,,0.24787199999999998,,,
,,0.345792,,,
,,0.40454399999999996,,,
,,0.37401599999999996,,,
,,0.142592,,,
,,0.162816,,,
,,0.46220799999999995,,,
,,0.061568,,,
,,0.246144,,,
,,0.20627199999999998,,,
,,0.24192,,,
,,0.16927999999999999,,,
,,0.097408,,,
,,0.201408,,,
,,0.050432,,,
,,0.08,,,
,,0.40044799999999997,,,
,,0.41836799999999996,,,
,,0.039872,,,
,,0.22758399999999998,,,
,,0.110784,,,
,,0.348288,,,
,,0.63488,,,
,,0.17856,,,
,,0.367552,,,
,,0.05056,,,
,,0.220992,,,
,,0.08275199999999999,,,
,,0.048639999999999996,,,
,,0.113024,,,
,,0.52,,,
,,0.32608,,,
,,0.49529599999999996,,,
,,0.295232,,,
,,0.143808,,,
,,0.081984,,,
,,0.421056,,,
,,0.82112,,,
,,0.275072,,,
,,0.48364799999999997,,,
,,0.17171199999999998,,,
,,0.317248,,,
,,0.20857599999999998,,,
,,0.045248,,,
,,0.098176,,,
,,0.432768,,,
,,0.346368,,,
,,0.15167999999999998,,,
,,0.170048,,,
,,0.486336,,,
,,0.590144,,,
,,0.042623999999999995,,,
,,0.062912,,,
,,0.16044799999999998,,,
,,0.136576,,,
,,0.351296,,,
,,0.1168,,,
,,0.35712,,,
,,0.271424,,,
,,0.12300799999999999,,,
,,0.122112,,,
,,0.066304,,,
,,0.5423359999999999,,,
,,0.067328,,,
,,0.076608,,,
,,0.041664,,,
,,0.157504,,,
,,0.094592,,,
,,0.086784,,,
,,0.0576,,,
,,0.14310399999999998,,,
,,0.725312,,,
,,0.076416,,,
,,0.086144,,,
,,0.244992,,,
,,0.547904,,,
,,0.185408,,,
,,0.08934399999999999,,,
,,0.079424,,,
,,0.620736,,,
,,0.267904,,,
,,0.545152,,,
,,0.338176,,,
,,0.06944,,,
,,0.106432,,,
,,0.184832,,,
,,0.6881919999999999,,,
,,0.16735999999999998,,,
,,0.129984,,,
,,0.07776,,,
,,0.24928,,,
,,0.248576,,,
,,0.6142719999999999,,,
,,0.46015999999999996,,,
,,0.115392,,,
,,0.103488,,,
,,0.23929599999999998,,,
,,0.27366399999999996,,,
,,0.51968,,,
,,0.278144,,,
,,0.477056,,,
,,0.36985599999999996,,,
,,0.339968,,,
,,0.16735999999999998,,,
,,0.5167999999999999,,,
,,0.10521599999999999,,,
,,0.584896,,,
,,0.08044799999999999,,,
,,0.10214399999999998,,,
,,0.29919999999999997,,,
,,0.566912,,,
,,0.5964799999999999,,,
,,0.096512,,,
,,0.352896,,,
,,0.44799999999999995,,,
,,0.174144,,,
,,0.075776,,,
,,0.11379199999999999,,,
,,0.074048,,,
,,0.146752,,,
,,0.443136,,,
,,1.6004479999999999,,,
,,0.164096,,,
,,0.09888,,,
,,0.139072,,,
,,0.457344,,,
,,0.20851199999999998,,,
,,0.126656,,,
,,0.24601599999999998,,,
,,0.8380799999999999,,,
,,0.32864,,,
,,0.38329599999999997,,,
,,0.16697599999999999,,,
,,0.059199999999999996,,,
,,0.145664,,,
,,0.204096,,,
,,0.20576,,,
,,0.20332799999999998,,,
,,0.14623999999999998,,,
,,0.27488,,,
