CA2,CA2,CA2,CA1,CA1,CA1
Basal,Proximal,Distal,Basal,Proximal,Distal
0.379816,0.696736,1.017794,0.942416,0.663702,0.346208
0.908802,0.631382,1.35413,0.620454,0.624362,1.0728499999999999
0.23914,0.691158,0.709662,0.9182960000000001,0.2934,0.713272
0.367614,0.35208999999999996,0.439058,0.980908,0.440654,0.749798
2.7164720000000004,0.328444,0.752382,0.450564,0.587006,0.358022
1.013164,0.792316,0.59427,0.684002,0.675234,0.633672
0.33624400000000004,0.6319819999999999,1.401372,0.485572,1.326,0.490244
0.332296,0.9810220000000001,0.968836,0.49594,1.088016,0.45681
0.944848,0.9247820000000001,0.9624900000000001,0.5381440000000001,0.5423239999999999,0.563848
0.5490539999999999,0.547156,0.503492,0.51255,0.73129,0.7448600000000001
0.5748920000000001,1.416906,0.543784,0.5313,0.865842,0.39661
0.5606319999999999,0.551072,0.673076,0.935694,0.4328,0.5374800000000001
0.728,0.6321939999999999,1.311576,0.801172,0.412626,0.464414
0.47833800000000004,0.527394,0.694058,0.633066,0.496858,0.5897279999999999
0.514308,0.76285,0.567566,0.882344,0.74846,0.430758
0.38625400000000004,1.2131800000000001,0.787828,0.29415600000000003,0.483176,0.480804
0.66818,0.384832,1.988254,0.878728,0.411252,0.39468400000000003
0.729704,0.785644,0.934264,0.318496,0.428802,1.071412
0.45113600000000004,0.398156,0.764158,0.790342,0.412646,0.626804
0.31802600000000003,0.822172,0.629212,0.83605,0.521294,0.514948
0.660876,1.1088019999999998,0.5368379999999999,1.8819780000000002,0.9868020000000001,0.778164
0.605194,0.448896,1.229174,0.52093,0.369388,0.776064
0.712408,3.561518,0.697882,0.351392,0.357328,1.79707
0.990694,0.6922,0.526908,0.700472,0.367614,0.621742
0.5165299999999999,0.514996,1.204924,0.423368,0.363236,0.811424
0.54847,2.8734800000000003,1.828346,1.25437,0.6311420000000001,0.81851
0.867052,2.067934,2.1162460000000003,0.569678,0.404638,0.574168
0.322894,1.368692,0.869908,0.39727,0.8254,1.020832
0.595022,0.780802,0.839354,0.441438,0.557078,0.409414
0.39517,0.42643200000000003,1.0023980000000001,0.485242,0.777506,0.487016
0.6276079999999999,0.452548,1.080084,0.590596,0.6687580000000001,0.970674
0.61072,0.42415600000000003,1.108166,0.37608600000000003,0.39719,0.3644
0.7874140000000001,0.261602,0.355848,0.446268,0.515958,0.47816800000000004
0.807528,0.827566,0.6956,0.31321,0.36499400000000004,0.5786359999999999
0.427692,0.40154199999999995,0.754636,0.939548,0.51648,0.475046
0.632608,0.35777,0.478752,0.384666,0.76483,0.587732
1.3358320000000001,1.2105940000000002,0.79271,0.7291880000000001,0.441438,0.40826
0.813616,2.25396,1.2238060000000002,0.786804,0.427906,0.89303
0.26585000000000003,0.7685879999999999,1.599432,0.6043339999999999,0.39836200000000005,0.54799
0.436664,0.664678,0.766042,0.9581520000000001,1.409138,0.481664
0.41083800000000004,0.5700000000000001,1.7198660000000001,1.165684,0.595964,0.845506
0.29944600000000005,0.221278,4.01726,0.93352,0.5392319999999999,0.408044
1.002734,0.478464,0.350342,0.708308,0.757638,0.29944600000000005
1.574162,1.332404,2.992408,1.228784,1.675958,0.359962
0.284486,0.54231,0.422412,0.522552,0.406964,0.506616
0.41951,0.55956,0.491202,0.635688,0.575726,0.861954
1.025314,1.39729,1.657478,0.392902,0.7501680000000001,0.652922
0.4257,0.709932,0.275856,0.47711200000000004,0.49914,0.775848
0.567492,0.36096,1.3454300000000001,0.495084,0.44481400000000004,0.8483980000000001
0.284008,0.440876,1.95059,0.505018,0.492476,0.68567
0.89346,1.0362339999999999,0.902852,0.771722,0.382942,0.534452
1.087558,0.8612200000000001,0.29288200000000003,0.40826,1.393126,0.717908
1.1156780000000002,0.42177800000000004,2.013758,0.483144,0.294054,0.33906400000000003
1.092988,0.49938,0.263492,1.022516,1.038424,0.935418
1.61806,1.014252,0.321726,0.501714,0.372542,2.289254
0.7198479999999999,0.910174,0.412238,0.80222,1.09165,0.484086
0.348006,0.644236,0.44158400000000003,0.507594,0.33624400000000004,0.737564
0.7489439999999999,0.677492,0.403292,0.552568,0.47977,0.39517
0.642572,0.705354,0.538906,0.583112,0.433848,0.46896
0.3528,0.838524,1.002176,0.6287,0.40208,0.330412
0.7342200000000001,0.342706,0.94671,0.333928,3.8619499999999998,0.360272
0.421166,0.676618,0.577584,0.6912480000000001,2.3041799999999997,0.43352
0.478752,1.000482,0.58153,0.6129439999999999,0.50259,0.598014
0.680132,0.357692,1.777668,0.8760359999999999,0.51241,0.757366
0.46113400000000004,0.6596960000000001,1.202472,0.707656,0.7060460000000001,1.174012
0.33486200000000005,0.431114,0.559142,0.503746,0.799212,0.6247720000000001
0.53464,3.4577600000000004,0.190378,0.982274,0.833204,0.43527
0.645232,0.511988,0.21523,0.7668740000000001,0.628028,0.7356
0.545468,1.27504,0.501394,0.566194,0.7969940000000001,1.7916880000000002
0.452428,0.684082,0.9683959999999999,1.3119100000000001,0.9046040000000001,1.1595540000000002
0.28895,0.407686,0.724566,0.780126,0.607322,0.627764
0.389178,0.6235539999999999,1.6800760000000001,0.32756599999999997,0.468158,0.43584
1.187484,0.7220420000000001,0.470426,0.359556,0.580776,0.57355
0.402632,1.226138,0.521034,0.43473200000000006,0.613088,0.372864
0.52197,0.951346,0.71988,1.56898,0.351368,0.82369
0.34160199999999996,0.424948,0.724832,0.987606,1.018314,1.627012
0.481332,0.6162240000000001,1.0788140000000002,0.448398,0.619936,0.696486
0.323976,0.919478,0.9628300000000001,0.772582,0.6214339999999999,0.498546
0.837054,0.359694,0.9774740000000001,1.611736,0.825806,0.42643200000000003
0.600536,0.410644,0.784652,1.013192,0.45845,0.494792
0.422568,0.977338,0.92479,0.538014,0.629568,0.476642
0.49526200000000004,1.823064,0.47168200000000005,0.948914,1.460936,0.485078
0.388062,1.0907339999999999,0.32890800000000003,1.7787739999999999,0.7542340000000001,2.643076
0.910772,0.64005,0.45452800000000004,0.503658,2.180378,0.700722
0.962174,0.6031380000000001,0.69368,0.524004,0.33930000000000005,2.6302220000000003
0.590268,0.36339,0.39283999999999997,0.761506,1.492758,1.6974680000000002
0.717016,0.7892480000000001,1.081896,1.843464,0.58641,0.766426
0.41937599999999997,0.692682,0.665266,0.506596,0.5671860000000001,0.675352
2.4799140000000004,0.677082,1.587846,0.5661280000000001,0.614186,0.796756
0.493478,0.45110000000000006,0.702012,0.5055419999999999,0.707314,0.46234600000000003
1.2370940000000001,0.392902,0.6914020000000001,0.418306,0.621974,0.236686
0.368896,0.545046,0.466274,2.17839,0.372542,0.561616
0.9582999999999999,0.42513,0.908378,1.375018,0.390036,0.513062
0.498546,0.570406,0.782594,0.363186,0.5340860000000001,0.75675
0.8764500000000001,4.265283999999999,2.790992,1.155518,0.898638,1.187454
0.40857400000000005,0.690858,0.49944400000000005,0.5727720000000001,0.916136,0.83128
0.45113600000000004,0.36339,0.45258800000000005,0.721146,0.4272,0.563904
1.19846,0.908802,0.663808,1.22251,0.43562,0.472746
0.5813780000000001,0.53235,1.05868,1.7395360000000002,0.8551040000000001,0.5617260000000001
0.49673,0.557512,0.684144,0.44289999999999996,0.7422799999999999,0.9523020000000001
0.49697,0.606646,0.543342,0.546806,1.191256,0.71493
0.36776600000000004,0.739538,0.711766,0.541794,0.532634,0.381182
0.57238,1.471664,1.0724420000000001,0.494194,0.81132,1.079202
0.660522,0.90658,0.580294,0.45035000000000003,0.550726,1.486372
0.7611380000000001,1.1515039999999999,0.42294600000000004,0.446268,0.284344,0.409238
0.7919600000000001,1.096396,0.6500220000000001,0.27119,0.571486,0.34505
1.674468,0.8298260000000001,0.5079400000000001,0.834536,0.324172,0.28917200000000004
0.688538,0.702012,0.475988,0.706386,0.450564,0.828206
0.22585,0.45407000000000003,0.488,1.8921780000000001,0.6010019999999999,0.39548000000000005
0.571234,0.635232,0.721944,0.946542,0.9683959999999999,0.30837000000000003
0.931338,0.579492,0.550726,1.481422,0.772126,0.59443
0.335004,1.038424,0.712902,0.810176,0.8725700000000001,0.700472
0.669928,1.034804,1.2316099999999999,0.48741,0.91989,2.155516
0.375238,0.47711200000000004,1.875676,0.34176,0.58288,0.5725460000000001
0.328736,1.0261099999999999,1.34676,0.347246,1.435054,0.7781420000000001
1.100932,1.64158,0.8656140000000001,0.261726,0.5052679999999999,0.527002
0.8818,0.40937599999999996,0.5452480000000001,0.643394,0.607596,0.621602
0.5263,0.553206,0.690508,0.23352,0.677784,0.466068
0.82229,0.34176,0.755506,0.464314,0.76154,0.516608
0.6061559999999999,0.815414,0.5496219999999999,0.5270940000000001,0.8916799999999999,0.658376
0.9777619999999999,0.86885,0.526654,0.871968,0.416792,0.29233600000000004
0.251078,0.446788,0.9877340000000001,0.527412,0.6176079999999999,0.319782
0.606106,1.373976,0.961966,0.540166,0.5275639999999999,0.49156400000000006
0.93962,0.518088,0.86827,0.34393599999999996,0.8327140000000001,0.590592
0.805354,0.905752,0.524324,0.382942,0.637824,0.35187
0.85673,0.508802,0.8543540000000001,0.47781599999999996,1.323366,0.348856
0.94813,0.588506,1.5717919999999999,0.5422319999999999,0.977968,0.359288
1.013684,0.672408,0.7849,0.417852,0.921124,0.392326
0.741364,0.39517,0.605578,0.321726,0.537226,0.40718000000000004
1.090404,1.263924,0.682188,0.5676100000000001,1.35278,0.752768
0.39176,0.6172880000000001,0.910244,0.359226,0.482476,1.4313420000000001
0.8122659999999999,0.384832,1.238762,0.390036,0.676678,0.613088
1.4907460000000001,0.5503640000000001,0.63879,0.492686,0.671618,0.29899200000000004
0.558702,0.9178780000000001,0.34656000000000003,0.425456,0.74751,0.529154
1.052752,0.877918,4.6858580000000005,0.4844,0.544058,0.311082
0.41677400000000003,0.41704199999999997,0.984358,0.490832,0.559804,0.39517
0.586788,0.8367680000000001,0.611898,0.657344,0.513062,0.5338959999999999
1.2704300000000002,0.402632,0.535764,0.39440600000000003,0.41687,0.372864
0.341976,0.391372,0.555932,0.31923,1.684078,0.42977600000000005
0.61791,0.990646,1.420086,1.41357,0.754972,0.47922000000000003
0.5763780000000001,0.44369400000000003,0.965352,1.131274,0.926412,0.604546
0.9528,1.051204,0.483794,2.06296,0.48887200000000003,1.714672
0.89718,0.563848,1.248828,0.63506,1.241252,0.518942
0.632608,0.289254,0.875918,0.6493840000000001,1.03567,0.32400599999999996
0.851476,1.154774,1.6384,0.55449,0.496488,0.354176
0.6085320000000001,0.657608,1.02472,0.70835,1.55473,0.485962
0.696842,0.653768,1.1800760000000001,0.22265600000000002,2.575274,0.421544
0.326534,0.516034,0.66534,0.29944600000000005,0.640516,0.427818
0.621586,1.13352,0.6765700000000001,0.7283540000000001,0.35506,0.8291520000000001
0.315164,1.6372080000000002,0.799002,0.32249,0.412646,0.7522260000000001
0.865924,0.5407580000000001,0.489506,0.37226400000000004,0.725218,0.4556
0.31719400000000003,0.966746,0.8605119999999999,1.461414,1.0271199999999998,0.590592
0.671658,0.7288479999999999,1.112174,1.49075,0.638352,0.469132
0.175236,0.85949,0.582604,2.21444,0.7316520000000001,0.8977480000000001
0.8981760000000001,1.604732,0.452306,0.538818,0.728044,0.6364299999999999
0.400524,0.61165,0.7377619999999999,0.361734,0.639014,0.618208
0.578218,0.900918,0.6447480000000001,0.43352,0.9801660000000001,0.390718
0.665924,0.59738,0.939976,0.600564,0.438544,0.568168
0.436716,0.366196,0.5994299999999999,0.6113099999999999,1.039664,0.353638
0.38463400000000003,0.289254,0.705024,0.29976600000000003,0.48352,0.42012
0.5949679999999999,0.420462,1.0585,0.237024,1.007682,0.32329
0.880938,0.35057,0.651496,0.56211,0.695612,0.46769600000000006
1.128114,0.435698,0.748132,1.04739,0.367722,0.9228500000000001
1.317186,0.978408,0.243704,1.227028,0.470982,0.398156
0.403584,0.906862,1.101912,0.45113600000000004,0.73864,0.6865720000000001
0.70259,0.32703,0.234648,0.367744,0.551014,0.322094
0.853756,0.77501,0.714716,0.6019160000000001,0.552568,0.32622
1.184568,0.469552,0.23769800000000002,0.583798,0.736198,0.315094
0.8586520000000001,0.8,1.746514,0.5700000000000001,0.5394840000000001,0.437306
0.539332,0.8845900000000001,0.6972659999999999,0.27212400000000003,0.418688,0.30787000000000003
0.4728,1.4779900000000001,0.546058,0.9903540000000001,0.5431760000000001,0.342024
0.8122659999999999,0.8199120000000001,0.88352,0.760308,0.6720499999999999,1.6928
0.660212,1.511128,0.963006,0.957682,0.979684,1.174674
0.797258,1.3870280000000001,0.974074,0.242924,1.1603299999999999,0.33455
0.780236,0.6546000000000001,0.31435,1.088118,0.6162240000000001,0.562086
1.2241579999999999,0.543342,0.533846,0.48325599999999996,0.446664,0.79204
0.900482,0.7623780000000001,0.236686,0.3885,0.579092,0.33320800000000006
1.30584,1.576702,1.001058,0.494842,0.38998000000000005,0.41804399999999997
0.832868,0.7337899999999999,0.56962,1.9731040000000002,0.8389059999999999,0.860384
0.83296,1.06928,0.5725460000000001,0.32129800000000003,0.7044539999999999,0.7416
0.234136,0.781242,0.38181200000000004,0.9824700000000001,0.460538,1.582548
0.928694,0.419796,0.35057,0.547654,0.752382,0.474236
0.6787540000000001,0.6946680000000001,0.37215,0.49793200000000004,0.634656,0.6338619999999999
0.41299,0.464522,0.442596,0.463436,0.29192399999999996,0.481664
0.466274,1.1970239999999999,0.387412,0.8817440000000001,0.410818,0.40631599999999995
0.610364,0.7611380000000001,0.31249400000000005,0.9862759999999999,1.2809000000000001,0.456562
0.7458060000000001,0.702408,2.030204,0.49176,0.51,0.344052
0.601492,0.6762720000000001,0.897466,0.39962400000000003,0.47873200000000005,0.48087
0.311802,0.749666,0.26163400000000003,0.519312,0.47168200000000005,0.7059059999999999
1.119542,0.568862,0.77666,0.600376,0.8428260000000001,0.347702
0.393024,0.487414,0.806436,0.351392,0.459914,0.570406
0.806772,0.694104,0.43825200000000003,1.2060060000000001,0.336868,0.43081400000000003
0.383416,0.248128,0.762514,0.57171,0.45326,0.514618
0.373894,3.574958,0.5468160000000001,0.589526,0.550408,0.378866
0.445892,0.21246199999999998,0.707664,1.4714120000000002,0.803416,0.51125
0.734084,0.688968,0.688316,0.934154,0.946742,1.156684
0.448642,1.1038720000000002,0.932354,0.504876,0.443878,0.41951
0.835148,0.7604980000000001,0.27687599999999996,0.48155200000000004,0.5546920000000001,1.169152
0.37226400000000004,0.503352,0.75213,0.823068,0.7532340000000001,0.57238
0.41011200000000003,0.858428,0.36162400000000006,0.370842,0.703434,0.5401079999999999
0.421046,0.599216,1.94176,0.6056699999999999,0.516086,1.062346
0.543504,0.495176,0.87675,0.984822,0.5922999999999999,0.526654
0.639552,0.584208,0.8165420000000001,1.069686,0.6218579999999999,0.44158400000000003
0.811578,0.577442,1.1691040000000001,0.534194,2.743522,0.37064800000000003
0.491724,0.5236799999999999,0.394036,0.315296,0.603774,0.8613500000000001
0.6097380000000001,0.780966,1.04752,0.572298,0.61854,0.5312619999999999
0.5492859999999999,0.511812,0.39517599999999997,0.6447480000000001,0.33553,0.551072
0.76648,0.38369200000000003,0.45042200000000004,0.339046,0.270702,0.498894
0.446664,1.08352,0.588506,0.568074,0.559646,0.428042
0.951428,0.64498,0.23249,0.43965800000000005,0.577584,0.603884
0.677548,1.09856,0.505204,0.6758460000000001,0.379816,1.440934
1.2945440000000001,0.33316,1.457364,0.32195,1.386024,1.484856
0.66995,2.105642,0.33184400000000003,0.568172,0.68748,0.362794
0.6230760000000001,0.9450940000000001,2.388112,0.638464,0.406178,0.447666
0.583126,0.8613500000000001,0.8377519999999999,0.543242,0.642894,0.992542
0.7614120000000001,0.545062,0.69857,0.60075,0.624324,0.394082
0.559102,0.5926520000000001,1.02528,0.32622,0.42643200000000003,0.375238
0.625236,0.668566,0.2328,0.730198,0.452518,0.574442
0.7786580000000001,1.894684,0.32329,0.40824,0.599176,0.521648
0.33179000000000003,1.141454,0.410858,0.573136,0.770312,0.359026
1.643256,1.359696,0.50241,0.39836200000000005,0.37215,0.5984940000000001
0.678732,1.013534,1.13106,0.34132,0.8787100000000001,0.476508
1.378324,1.63925,0.7251839999999999,0.853904,0.382414,0.42585
0.7021000000000001,0.39984,0.8443339999999999,0.858754,0.765792,0.321926
0.865924,0.34160199999999996,0.70105,0.7790180000000001,0.7333,0.35967200000000005
0.62482,0.754488,1.154498,0.667992,1.139238,0.773976
0.612904,0.782828,0.484516,0.6975520000000001,0.944298,1.4192760000000002
0.619228,1.688854,0.425116,0.398156,0.338094,0.44612599999999997
0.39661,0.37899400000000005,1.0295480000000001,0.758328,0.7545940000000001,0.557512
0.574042,0.759276,1.009428,0.9700080000000001,0.31802600000000003,0.66044
0.42069,0.55501,0.933468,0.5576420000000001,0.787828,0.7982899999999999
0.386,0.487692,0.30681,1.5717560000000002,0.530408,0.634896
0.874742,1.012564,1.087796,0.37423,0.405704,0.5246900000000001
0.518556,0.539808,0.498958,0.746932,0.20580600000000002,0.5438120000000001
0.405738,0.69287,0.219672,0.35880399999999996,0.546732,0.51602
0.682528,0.450498,0.590082,0.33736,0.364856,0.8531280000000001
0.9336720000000001,0.685624,0.6404500000000001,0.53451,0.433848,0.482066
0.65678,0.888684,0.408626,0.38201999999999997,0.367042,0.450782
0.906838,0.665204,1.1662480000000002,0.548802,0.6136079999999999,0.809476
0.608516,0.40406400000000003,0.546466,0.271646,0.455368,0.437666
1.01272,0.591406,0.20999,0.307616,0.7195560000000001,0.501602
1.0643399999999998,1.134662,0.9130159999999999,0.60742,0.43219,0.662084
0.8546,0.77528,0.72472,0.837558,0.5573680000000001,3.409598
0.39719,0.662966,0.44911,0.629364,0.72313,0.397176
0.63237,0.431856,0.36332400000000004,0.938468,0.317672,0.41373000000000004
0.552984,0.532886,0.923472,0.6895359999999999,0.830434,0.508476
0.404638,0.36433,0.857832,0.848,0.38643400000000006,0.7621680000000001
1.04743,0.46178800000000003,0.964376,0.903456,0.8340380000000001,0.420438
0.636992,0.559446,0.418936,0.43148200000000003,1.196528,0.442832
1.5815940000000002,0.325748,1.1834280000000001,0.514308,0.60742,0.6495700000000001
0.277704,0.584882,0.87758,0.41788600000000004,1.525484,0.31321
1.352782,0.493514,0.72611,0.552232,0.636846,0.304402
0.659154,0.242034,1.832316,0.559142,0.642894,0.41282
0.35542,0.922084,0.30157,0.6425940000000001,0.8599160000000001,0.357262
0.439058,0.996074,0.5468500000000001,0.403292,1.639142,0.564868
0.34433800000000003,0.394548,0.560286,0.7184880000000001,0.6952200000000001,0.612722
0.3956,0.34407600000000005,0.6951520000000001,0.643692,0.574442,0.257992
0.365978,0.98405,0.912636,0.381408,0.48033800000000004,1.133696
0.8804360000000001,3.269016,0.74905,0.7541380000000001,0.570028,0.8368540000000001
0.499556,0.85514,0.42677,0.375366,0.34656000000000003,0.63285
0.48836399999999996,1.103062,1.45971,0.28302,0.775744,0.6856960000000001
0.5822440000000001,0.592,1.1264100000000001,1.052816,2.6988600000000003,0.5768500000000001
0.5225660000000001,0.39836200000000005,0.436716,1.071432,0.590298,0.551932
0.6452279999999999,0.63318,0.671288,0.490812,0.6512300000000001,1.502432
0.558226,0.37277800000000005,0.41373000000000004,0.40208,0.85429,0.62012
0.393396,0.403584,0.953656,0.958802,0.583112,0.435698
0.820926,2.61987,0.6864199999999999,0.5988020000000001,0.7364919999999999,0.6914020000000001
1.7862280000000001,0.8450940000000001,1.719838,0.38724200000000003,0.48741,0.36239800000000005
0.6363800000000001,0.543342,0.66534,0.39280000000000004,0.668562,0.386046
2.187294,0.382962,0.508838,1.212838,0.41521600000000003,0.386808
0.28123200000000004,1.21377,0.40008,1.0733599999999999,0.43473200000000006,0.884318
0.5558160000000001,0.507138,0.820732,1.449318,0.44348200000000004,1.124984
0.57492,1.0681720000000001,1.2328320000000001,0.626996,0.873506,0.305424
0.8923780000000001,0.32951400000000003,0.6230760000000001,0.545234,0.911984,0.601414
0.719324,0.502156,0.372864,0.404638,0.48600400000000005,1.18108
0.479554,0.5671860000000001,1.549696,0.443788,0.40995600000000004,0.6161620000000001
0.631838,0.412238,1.662828,0.43829199999999996,0.366196,0.570474
0.43133800000000005,0.579092,1.27151,0.45403,0.752928,0.523086
0.6858099999999999,0.633482,0.779634,0.32400599999999996,0.51524,0.59439
0.615444,1.457264,1.14724,0.623024,0.5492680000000001,0.37560000000000004
0.5492859999999999,0.620428,0.42338200000000004,0.4717,0.915478,0.367222
0.5127999999999999,0.6936060000000001,0.620966,0.340618,0.45075,1.655316
0.417808,0.33906400000000003,0.303276,0.5671860000000001,0.473426,0.63242
0.38769600000000004,0.790868,0.666048,0.9230499999999999,0.601066,1.6766400000000001
0.465928,0.57171,0.259268,0.26762,0.421602,0.868132
0.36113799999999996,0.80186,1.076114,0.4156,1.095206,0.8507060000000001
0.33,0.560286,1.232424,0.663774,0.580444,0.7837580000000001
0.229652,0.395818,0.9884400000000001,0.6824220000000001,0.49555200000000005,0.552756
0.917074,0.848502,1.318618,0.359806,0.40166199999999996,0.30714800000000003
1.0873920000000001,0.425116,0.408044,0.33217399999999997,0.777918,0.752382
0.490036,0.543768,0.5715739999999999,0.367722,2.0615580000000002,1.200468
0.597602,0.22646000000000002,0.41083800000000004,0.713572,2.213256,0.718914
0.42012,0.3556,0.525376,0.283746,1.0777619999999999,0.9670599999999999
0.6159260000000001,0.427818,0.24891,0.8482580000000001,1.940418,0.35501600000000005
0.504508,0.5277580000000001,2.715482,0.382942,0.515756,0.466806
0.508932,0.388062,0.734534,0.375898,0.608226,0.403866
0.973646,0.7060420000000001,0.29638400000000004,0.39102,0.52197,0.31737
0.556292,0.5468160000000001,0.9143680000000001,0.583126,0.6329400000000001,0.390118
0.751362,0.6912480000000001,0.5917060000000001,0.52923,0.438544,0.397316
1.179694,0.646298,0.43538,0.610406,0.734566,1.253324
0.418616,0.449396,0.5395599999999999,2.1726900000000002,0.509922,0.694104
0.478802,0.411358,0.753954,0.378866,0.809898,2.966776
1.078616,0.47416800000000003,0.6316620000000001,0.957934,0.359694,1.0672439999999999
0.984328,1.099702,1.64493,0.33474200000000004,0.390774,0.33121
0.834192,0.346208,0.98621,0.510784,0.44229,0.391698
0.29533,0.642246,0.8599160000000001,0.44835800000000003,0.793978,0.411656
0.814678,0.4778,0.7853479999999999,0.511812,0.682962,0.689628
1.0089380000000001,0.333664,0.382078,0.720222,0.621174,0.44835800000000003
0.262458,1.0286780000000002,0.5468160000000001,0.8576440000000001,0.390512,0.631586
0.543342,0.7480979999999999,0.564836,0.435178,0.368896,0.35187
0.5180159999999999,1.0021280000000001,0.48175,0.8152079999999999,0.41299,0.89905
0.468772,0.8791019999999999,1.755704,0.468772,0.41494600000000004,0.33467
1.091496,0.7688780000000001,0.721146,0.405704,0.41183,1.777152
0.40556200000000003,0.5432939999999999,1.121484,0.333928,0.579742,0.33717
0.431356,0.709932,0.600216,0.392902,1.217554,1.46108
0.7717,0.48741,0.564784,0.600194,0.534404,0.8696480000000001
0.5112880000000001,0.851674,0.996364,0.410818,0.694554,0.580538
0.44038600000000006,0.779386,1.077032,0.558684,0.475512,0.45817
0.63309,0.5939740000000001,0.612438,0.41299,0.88926,0.691202
0.8758440000000001,1.155356,0.878846,0.46367200000000003,0.42360800000000004,0.703934
0.555528,0.43241199999999996,3.213442,0.49226400000000003,0.579986,0.672096
0.671192,0.490812,1.4738820000000001,0.372908,0.6279260000000001,0.6553680000000001
0.659242,0.767128,0.577294,0.749954,0.687256,0.509556
0.368782,0.7528940000000001,1.32429,0.296,0.82052,0.5496219999999999
0.32358,0.967606,2.1446280000000004,0.501602,0.56026,0.599216
0.383818,0.7806040000000001,0.400964,0.69287,0.54453,0.40199599999999996
0.955894,0.8773160000000001,0.7084880000000001,0.32622,0.648078,0.35057
0.49587000000000003,2.1837660000000003,0.687256,0.47711200000000004,1.918732,0.301602
1.052534,0.602876,0.311724,0.7111000000000001,0.663316,0.47538600000000003
0.643816,0.5972780000000001,0.20800000000000002,0.78795,1.003354,0.38082600000000005
0.45258800000000005,0.5656319999999999,0.442976,0.83672,0.418822,0.29976600000000003
0.705634,0.929938,0.277366,0.56096,0.75597,0.666756
0.48050400000000004,0.891202,1.77942,0.385316,0.832384,0.892002
1.4379000000000002,0.32400599999999996,0.6155320000000001,0.518212,1.654184,0.669402
1.2815699999999999,0.487118,1.201092,0.34407600000000005,0.704954,0.436592
0.736286,0.6046760000000001,0.375282,0.934378,0.765078,0.7706620000000001
0.37064800000000003,0.590592,0.602502,0.424948,0.458594,0.603646
0.663774,0.723812,0.758358,0.642884,0.6200800000000001,0.386104
0.337882,0.427906,0.359806,0.403112,0.516236,0.7717
1.732918,0.851674,0.6621440000000001,1.040094,1.055974,0.6553680000000001
0.788886,0.906122,1.2579680000000002,1.622126,0.567538,0.39984
0.606418,1.60153,0.340148,0.66811,0.567736,0.37808400000000003
2.838326,0.381958,0.973932,0.23688800000000002,0.623024,0.9268120000000001
0.648854,0.49555200000000005,1.214322,0.92586,0.41299,0.814312
0.388392,3.177028,0.703434,0.35114,0.7731520000000001,0.8440019999999999
0.5169020000000001,0.625236,0.820732,0.7667820000000001,1.381222,0.758042
0.630174,1.241176,1.0492380000000001,0.58686,0.910404,0.388046
1.1249980000000002,0.592192,0.477648,0.35880399999999996,0.33650599999999997,0.855814
0.941216,0.819622,0.9217920000000001,1.285982,0.601492,0.8519180000000001
1.177022,0.6084740000000001,0.610878,0.8398300000000001,0.562896,0.40406400000000003
0.584054,0.959936,0.588466,1.3278320000000001,0.639656,0.376962
0.445624,0.384832,0.99189,0.966146,0.9518920000000001,0.403886
0.731096,0.365644,0.8599160000000001,0.344052,0.57171,1.4096199999999999
0.903072,0.459426,1.3500820000000002,0.548336,0.74905,1.08092
0.8046300000000001,0.643244,0.579744,0.7678780000000001,0.474994,0.366676
0.8342780000000001,0.6409560000000001,0.476798,0.422512,0.345606,0.6043999999999999
0.858836,0.631838,0.599176,0.444004,0.3972,0.337882
0.833882,0.297436,0.590932,0.352324,1.11659,0.40192
1.090404,0.403584,0.481664,1.6360139999999999,2.636662,0.345606
0.481302,0.688898,0.6132920000000001,1.550046,0.5736380000000001,0.599216
0.26400799999999996,0.70498,2.4746799999999998,0.557856,1.098336,0.455108
0.793102,2.318042,0.886398,0.84181,0.476592,0.396066
0.42585,0.44212599999999996,1.245018,0.5406259999999999,0.712404,0.912492
0.499892,0.623024,1.824658,0.696842,0.546058,0.9827
0.7078540000000001,0.9996160000000001,2.355978,0.300166,0.695612,0.589756
0.304402,0.535522,2.144754,0.468158,0.526274,0.439222
1.5481,0.3202,0.20342,0.86827,0.787424,0.32803
0.688212,1.389242,0.7024320000000001,0.534134,0.5925,0.397176
0.3528,1.703508,0.418688,0.394548,1.03951,0.619732
0.975952,1.456022,0.36142399999999997,0.37736000000000003,0.7460420000000001,0.457284
0.7640739999999999,0.834844,1.144484,0.28844400000000003,0.344702,1.1756140000000002
0.48375599999999996,0.583852,0.545234,0.376898,0.548336,0.994828
0.26019200000000003,0.5445180000000001,0.6914020000000001,0.883086,1.48699,1.052722
1.150722,0.782576,0.43007,0.630456,0.41538400000000003,0.43829199999999996
0.9601520000000001,0.50813,1.014488,0.610574,0.465296,0.583264
0.974492,0.7264160000000001,1.38032,0.948914,0.34465,0.380574
0.49406400000000006,0.899078,0.991372,0.5671860000000001,0.583414,2.416524
0.41538400000000003,0.959052,0.483176,0.37560000000000004,0.5850299999999999,0.325262
0.721998,1.095316,0.721434,0.356208,0.612486,0.5245380000000001
0.421544,0.893174,1.1133320000000002,1.04424,0.36922000000000005,0.789018
0.464796,1.378684,0.914472,0.367042,0.40400400000000003,0.5425599999999999
0.76441,0.672336,0.774258,1.2145540000000001,0.326828,0.652674
0.982274,0.8534940000000001,0.5042099999999999,1.080474,0.662988,0.758222
0.957448,0.727112,0.535212,1.277622,0.695816,0.38848000000000005
0.316284,1.362324,0.45827999999999997,0.415928,0.46572600000000003,0.370108
0.349902,0.456864,1.105522,1.134472,0.6235539999999999,1.449414
0.2419,1.015592,0.636254,0.368896,0.419204,0.811964
0.962532,0.619478,1.298332,0.965486,0.588422,0.952002
0.73129,0.43007,0.437958,0.7018139999999999,0.628856,0.35542
0.580238,0.431856,0.489282,0.5872780000000001,0.27411599999999997,0.574334
0.884084,0.607684,0.560286,0.5275639999999999,0.384884,0.781018
1.067642,0.44911,0.61538,0.71648,0.473826,0.6765700000000001
0.80016,0.86226,0.952406,0.339488,0.401322,0.558226
0.5876079999999999,0.672096,0.673312,0.758696,0.34204,0.346208
0.40594,0.625348,0.576222,0.462916,0.414236,0.91051
0.484664,1.624504,1.033982,0.404144,0.614912,3.1568380000000005
0.35880399999999996,0.461376,1.056152,0.5465019999999999,0.631586,0.316764
0.49944400000000005,1.5376859999999999,1.735576,0.937258,0.635232,0.438676
0.392902,1.224132,0.824138,0.41105200000000003,0.37560000000000004,0.35501600000000005
0.418306,0.936876,1.6044200000000002,0.748848,0.834326,0.7076720000000001
0.321702,0.359026,0.337146,1.3449000000000002,0.705862,0.964268
0.45880200000000004,0.6596960000000001,0.874638,0.661892,0.44923399999999997,0.852116
0.613088,0.320656,0.422568,0.43169,0.427388,1.1439380000000001
0.81286,0.388562,0.910528,0.513518,0.358468,0.7019880000000001
0.562896,0.288534,0.672872,0.455214,0.523638,0.537226
0.559218,0.358134,0.745754,0.949308,0.5710900000000001,0.418708
0.20635,0.7644,1.55705,0.546466,0.42360800000000004,0.921252
0.7082140000000001,0.574178,0.72866,0.365978,0.622414,1.140044
1.054128,0.54176,0.571836,0.478464,0.647088,0.680944
0.5236839999999999,1.364088,0.759212,0.6135700000000001,0.502892,0.481664
0.9293300000000001,1.101506,0.822718,0.47711200000000004,1.1923240000000002,0.751194
0.505384,0.604546,0.75898,0.804968,0.711902,0.903398
0.828418,0.41305200000000003,0.8291900000000001,0.39568200000000003,0.98462,0.63085
1.00739,0.665892,0.74967,0.491728,0.387732,0.557078
0.442944,0.48623000000000005,1.6790440000000002,0.437652,0.290414,0.5946420000000001
0.29492399999999996,0.496258,1.00996,0.772438,0.473206,0.511812
0.588956,1.676932,0.945424,0.617754,0.5236219999999999,0.640078
0.5406259999999999,1.106478,1.090046,0.7717,0.401104,0.652518
0.47977,0.9563360000000001,0.527412,0.9727480000000001,0.619448,0.577886
0.419604,0.5261180000000001,1.5122980000000001,0.764002,0.318804,1.3839839999999999
1.701958,1.550804,0.772528,0.8414400000000001,0.430464,1.454666
0.742722,0.638452,0.587554,0.42562400000000006,0.31719400000000003,0.54799
1.424202,0.6792140000000001,0.923708,0.48665800000000004,1.020308,0.22285400000000002
0.7741420000000001,0.829914,0.5118940000000001,0.380316,0.399224,0.828956
0.424,0.701314,0.532634,0.801918,1.013092,1.252146
0.644438,0.669292,0.483144,0.778688,0.386658,1.276872
0.905302,0.61327,2.035588,0.62482,0.327786,0.703036
0.7748160000000001,0.4728,1.479206,0.931512,0.332296,0.653682
0.66044,0.464836,0.44359,0.482598,0.34132,0.406192
0.336886,0.49883800000000006,1.690292,0.551322,0.330316,0.460538
1.261392,0.40154199999999995,0.818352,0.602544,0.28756200000000004,0.495214
0.6404400000000001,0.627274,0.799602,0.914698,2.143194,0.35668
0.400824,0.6354339999999999,0.778634,0.32622,0.461376,0.540048
0.30953600000000003,0.28999400000000003,0.713616,1.066526,0.498958,1.139448
0.756108,0.759368,0.37781000000000003,0.358022,0.956254,1.016412
0.505352,0.386082,0.65824,0.768492,0.438986,1.186376
0.7398859999999999,0.377116,1.0976,0.290524,0.5658719999999999,0.350908
0.719136,0.391698,2.9827939999999997,0.551496,0.513408,0.41282
1.170382,2.6445,0.39069200000000004,0.43052,0.65466,0.530298
0.651438,0.734534,0.41210199999999997,0.29176,0.615168,0.792668
0.629174,0.517042,0.8104840000000001,0.339488,0.6444,2.603788
0.9562440000000001,0.835188,0.790942,0.454322,0.32839,0.5796
0.756244,1.019634,0.586678,0.38181200000000004,0.400284,0.9417300000000001
0.7052740000000001,0.59427,0.757218,0.493478,0.61717,0.6772680000000001
0.8483980000000001,0.8332780000000001,2.610668,0.732702,0.7756000000000001,0.301602
0.446788,0.62394,0.5381440000000001,0.365058,0.404772,0.510392
1.164652,0.44843200000000005,1.279338,0.641464,0.418248,0.522946
1.461014,0.39223,0.646866,0.859604,0.5580280000000001,0.40095800000000004
0.5261180000000001,0.646298,1.247694,0.898006,1.447586,0.252958
0.350554,0.9666440000000001,0.676358,0.845244,0.587114,0.364006
0.7184020000000001,0.306104,3.372792,1.1957,0.359806,0.347844
0.372864,1.354212,1.3499880000000002,0.6542899999999999,0.474948,0.5304220000000001
0.599626,0.5410240000000001,0.909752,0.400524,0.29738200000000004,0.520466
0.73546,0.3982,0.6464679999999999,0.7046380000000001,0.5143880000000001,0.34393599999999996
0.934102,0.398156,0.619936,0.47389400000000004,0.42562400000000006,0.32803
0.603368,0.796194,0.9273440000000001,0.279428,0.77727,0.5970599999999999
0.365058,0.811144,0.5517240000000001,0.64846,0.46769600000000006,0.348006
0.749442,0.629568,0.78616,0.38616000000000006,0.578788,0.690858
1.041114,1.0691780000000002,0.468158,0.561288,0.8551040000000001,0.675328
0.32200599999999996,0.490832,1.796808,0.41615800000000003,0.497394,0.513408
0.392902,0.489576,1.076564,0.304244,0.608792,1.742762
0.755568,0.44843200000000005,0.43120800000000004,0.43473200000000006,0.788764,0.35913799999999996
0.29993400000000003,0.988722,1.9745519999999999,0.38998000000000005,0.505588,0.290854
0.262488,0.488086,0.7101540000000001,0.47445600000000004,0.458786,0.60289
0.866804,0.5166240000000001,1.077956,0.28539,0.348512,0.6480159999999999
0.438986,0.414174,0.5970599999999999,0.867732,0.292526,0.772438
0.3885,1.18965,0.36162400000000006,0.506616,0.534194,0.463798
0.638498,0.422512,1.508856,0.29192399999999996,0.535824,1.589666
0.354812,1.358824,1.667764,0.661602,0.557136,1.1261020000000002
0.422018,1.08809,1.177048,0.842152,0.372864,1.948892
0.8346140000000001,1.1947619999999999,0.46509,2.2946619999999998,0.516644,1.748656
1.271824,0.49299400000000004,0.36499400000000004,0.581602,0.473084,0.485572
0.402632,0.768334,0.378376,0.6308239999999999,0.90727,0.367744
0.35506,0.655882,0.9287240000000001,0.551072,0.33409,0.35438400000000003
0.58765,0.424796,0.9897980000000001,0.80438,0.367614,0.592192
0.796402,0.39783999999999997,1.029146,0.375238,0.46908,0.5391140000000001
0.356724,0.498318,1.08625,0.666432,0.355078,0.5243099999999999
0.40192,1.0663,0.46761,0.397658,0.268544,0.529744
0.758328,2.192716,0.605406,0.574042,0.796866,0.378866
0.340352,0.548894,1.354166,0.43609600000000004,0.862294,0.49807999999999997
0.34,0.582684,0.498418,0.35187,0.462204,0.665492
0.43133800000000005,0.408176,0.71317,0.6166520000000001,0.365846,0.57753
0.510784,0.667836,1.914618,0.61,0.64005,0.804984
0.630318,0.435248,0.67018,0.639766,0.359962,0.38181200000000004
0.486164,0.588466,0.6071900000000001,0.261602,0.893678,0.359378
0.7742279999999999,0.263492,0.5087900000000001,0.7264160000000001,0.347178,0.7074940000000001
1.1009179999999998,0.546806,1.105742,0.46648,0.340476,0.499152
0.722896,0.470426,1.158966,0.32118,0.38262799999999997,0.38082600000000005
0.597602,0.917704,1.897874,0.622874,0.44021800000000005,0.31933
0.8043980000000001,0.784652,0.35525799999999996,0.95224,0.46037,0.817254
0.75129,0.560446,0.5946420000000001,0.698424,0.716226,0.563252
1.237106,0.389652,1.2357339999999999,0.541794,0.34246800000000005,0.959536
0.371296,0.492686,0.9667100000000001,0.40556200000000003,0.694622,0.626818
0.28677600000000003,0.946002,1.063002,1.009142,1.0182820000000001,0.568168
0.35057,0.655072,0.706724,0.38452600000000003,0.372714,0.27074000000000004
0.38201999999999997,0.299606,0.7041620000000001,0.671864,1.19693,0.5236219999999999
0.310664,1.638166,0.645232,1.2059220000000002,0.528246,1.211942
0.6596960000000001,0.8281280000000001,0.835808,0.27566,0.554,0.332416
0.660522,0.959504,1.554946,1.3296620000000001,0.463436,0.732364
0.7198479999999999,0.765664,0.6870259999999999,1.208994,0.475046,0.41738200000000003
0.312,0.293782,0.9164800000000001,1.2141440000000001,0.29665400000000003,0.564836
0.347844,0.82408,0.9158379999999999,0.6199260000000001,0.487812,2.427694
0.47119,0.40824,0.33486200000000005,0.811372,2.32212,0.58153
0.495214,2.1703020000000004,0.59284,0.6637580000000001,0.28792399999999996,0.796304
0.874638,0.896464,1.7881220000000002,0.65471,0.545234,1.166644
0.567848,0.768502,0.815444,0.500688,0.386848,0.360272
0.847596,0.59005,1.167288,0.352822,0.7293200000000001,0.39598000000000005
1.270472,0.604996,1.471278,0.78213,0.440876,0.89677
0.800362,0.41305200000000003,0.428802,0.372714,0.834458,0.46617200000000003
0.34944600000000003,0.600564,0.82235,0.541246,0.8673099999999999,0.446162
0.624872,0.601492,0.80016,0.376962,0.501856,0.46599599999999997
1.494326,0.914682,2.0571819999999996,0.408318,0.7362179999999999,0.533104
1.086914,0.32890800000000003,0.88364,0.302318,0.22762200000000002,0.402378
0.877052,0.329424,1.482076,0.5169020000000001,1.917866,0.5710900000000001
0.629174,0.435394,0.660136,0.6445620000000001,0.396308,0.439058
0.531602,0.983108,0.26612,0.298188,1.0373219999999999,0.6503220000000001
0.641162,0.468094,0.761096,0.469914,0.709662,0.38046800000000003
0.598348,0.25115,0.43544,0.400484,0.6937000000000001,1.935356
0.531718,0.282028,0.41521600000000003,0.426018,0.8208880000000001,0.7227640000000001
0.868132,0.509556,0.5791620000000001,0.415928,0.903576,0.384666
0.46761,0.53211,0.9191140000000001,0.441234,1.235258,0.38046800000000003
0.39,0.65913,1.15905,0.832868,0.30421800000000004,0.235194
0.7159880000000001,0.85731,1.511228,0.57528,0.963328,0.44481400000000004
0.40485000000000004,0.7859980000000001,1.874836,1.827812,0.553624,0.386808
1.384694,0.555006,0.442976,0.486954,0.6422000000000001,0.468158
0.650562,0.47907,0.621742,0.45880200000000004,0.485832,0.380132
0.817606,0.696118,0.81053,0.373894,0.32439999999999997,0.973712
0.737526,1.512942,0.608946,0.384832,0.46045600000000003,0.754308
0.879638,0.911432,0.23914,0.440654,0.849144,0.6792140000000001
0.824622,0.7412000000000001,0.79778,1.124962,0.47917000000000004,0.948914
0.784244,0.6464679999999999,0.5658719999999999,0.48665800000000004,0.43584,0.47639
0.567042,1.25824,0.49357799999999996,0.45696800000000004,0.641202,0.501474
0.738442,0.683688,3.285362,0.854204,0.47977,0.428622
0.854486,0.54176,0.5995499999999999,0.481054,0.6053099999999999,0.522026
0.42048,0.526744,1.00905,1.3502960000000002,0.49526200000000004,0.607012
0.7869740000000001,2.004092,1.031596,0.680944,0.45248200000000005,0.62254
0.65824,0.906036,0.964024,0.32951400000000003,0.579986,0.78659
0.437008,0.7121799999999999,1.4705000000000001,0.336476,0.388046,0.460978
0.941046,0.72776,0.66818,0.425812,0.616418,0.367614
0.67631,1.2667519999999999,2.00081,0.3528,0.5944980000000001,0.5644
0.541794,0.719912,3.8884499999999997,0.32842000000000005,0.493478,0.411826
0.57259,1.220468,0.77764,1.507046,0.634004,0.407186
0.528788,0.668372,0.550146,0.37935800000000003,0.295466,0.927034
0.537122,0.719414,1.377108,1.034076,1.060868,0.675316
0.609688,0.418688,0.625284,0.5252380000000001,0.288534,0.340618
0.450498,0.8824980000000001,0.66044,0.591406,0.34805200000000003,0.469846
0.706586,0.413864,0.705332,0.340476,0.399164,0.357262
0.87801,1.078132,0.41788600000000004,0.835218,0.310104,0.343424
1.158028,1.355994,0.230338,0.511722,0.390288,0.42994400000000005
2.394766,1.161654,2.018266,0.278258,0.655454,0.48258
0.684658,0.487016,0.936548,0.508802,0.288534,0.752248
0.48598399999999997,0.32267,0.523086,0.592612,0.473826,0.32249
0.620442,1.124932,0.356786,0.39223,0.337336,0.319682
0.923274,0.4717,0.48088200000000003,0.503018,0.592192,0.31249400000000005
0.814472,0.563252,0.37107999999999997,0.336476,0.381748,0.33624400000000004
0.352364,1.122854,0.49221600000000004,0.529528,0.626422,0.623324
0.667992,0.545046,1.566496,1.230674,0.31648000000000004,0.46395200000000003
0.523266,0.428476,1.431196,0.720756,0.5304800000000001,0.39440600000000003
0.28527199999999997,0.440654,0.974452,0.31575400000000003,0.5632480000000001,2.7423539999999997
0.911854,0.467098,1.905224,0.422018,0.6432920000000001,0.408024
1.0676320000000001,1.780984,0.899718,0.326828,0.345392,0.48072000000000004
0.460108,1.1062159999999999,1.177816,0.957448,0.519576,0.858606
0.7925700000000001,0.305502,0.9136580000000001,0.7018200000000001,0.33271,0.47149599999999997
0.793102,0.44643,0.57567,0.853896,0.7824059999999999,0.302318
0.943222,0.490196,0.544886,0.563648,0.430116,0.6460220000000001
0.700472,0.342024,0.675708,0.952404,0.31400599999999995,0.706804
0.587472,0.41060399999999997,0.777876,0.922138,0.411358,0.673928
0.940818,0.705252,0.8086559999999999,1.02062,0.369388,1.302154
0.506806,0.666888,0.568226,1.107994,0.66607,0.37924599999999997
0.837294,0.27513600000000005,0.634316,1.121494,0.459464,0.6179479999999999
0.7786580000000001,0.542458,0.62119,1.179914,0.40857400000000005,0.765938
0.425282,0.4566,0.7982899999999999,0.503018,0.907712,0.565378
0.531864,1.2297200000000001,1.097228,0.5540839999999999,0.44570800000000005,0.48923200000000006
0.607792,0.8440019999999999,0.885546,0.62528,0.655072,0.381182
0.434166,0.481332,1.4259380000000001,0.368136,1.208374,0.368782
0.455214,0.347702,0.292644,0.714246,0.396308,0.315296
0.383902,0.406452,0.57567,0.45452800000000004,2.226718,0.34407600000000005
1.024002,0.557766,0.518768,0.396308,0.42888200000000004,0.23924
0.947574,2.621852,0.594588,0.469914,0.65625,0.463794
0.8571300000000001,0.758538,0.463798,0.8837480000000001,0.4717,0.694112
0.481252,1.474444,1.34327,0.540092,0.415292,0.45042200000000004
0.6855220000000001,0.8520220000000001,0.35172800000000004,0.34160199999999996,0.7584120000000001,0.639078
0.38643400000000006,0.38544,0.34167200000000003,0.567042,0.813942,2.9531280000000004
1.5648140000000001,0.6434679999999999,0.768374,0.452216,0.386104,0.842472
0.538516,1.137754,0.26648000000000005,0.5006120000000001,0.7427440000000001,0.855478
1.060354,0.289614,0.368896,0.8904500000000001,0.390118,0.6507999999999999
1.238684,0.440096,0.41876,0.315094,0.546882,1.2829220000000001
0.535556,0.426806,0.565378,0.475096,0.991782,0.396308
0.861202,0.37736000000000003,1.1486500000000002,0.6879919999999999,0.43736,0.5966079999999999
0.8997440000000001,0.507594,0.97423,0.43829199999999996,0.317042,1.3222180000000001
1.334594,0.69176,1.2029580000000002,0.34644,0.772072,0.28364
0.459078,1.16,5.65919,0.49914,2.5448560000000002,1.122072
0.378846,0.637398,0.97528,0.557714,0.881344,0.61327
0.661876,1.618148,0.828446,0.657928,0.33638,2.05637
0.281886,0.553852,0.41761200000000004,0.668864,0.355848,0.487594
0.507594,0.6834880000000001,0.894642,0.79831,0.6500220000000001,0.995638
0.560286,0.64936,0.929166,0.496258,0.4629,0.974032
0.6738339999999999,0.67611,0.537062,0.9038160000000001,0.924218,0.771828
0.822702,0.470752,1.26007,0.7704059999999999,0.8289880000000001,0.7769539999999999
0.524106,0.94791,0.8965920000000001,0.6298980000000001,0.4922,0.29843000000000003
1.105796,0.47356000000000004,0.6999679999999999,0.508192,0.557254,0.390656
0.30837000000000003,0.945544,1.57425,0.6184660000000001,0.44359,0.433336
0.363632,0.634,1.086096,0.54531,0.8327140000000001,0.778346
0.505352,0.476592,1.335426,0.414174,0.32249,0.814924
0.5490539999999999,0.719324,0.568988,0.8258840000000001,0.43527,0.853904
0.31249400000000005,0.401322,0.7973260000000001,1.174818,0.438802,0.335172
0.44429199999999996,0.805494,0.69857,1.0197720000000001,0.477698,0.7274640000000001
0.3128,0.413298,0.272712,0.381182,1.254586,1.096782
0.647496,0.550146,1.7610540000000001,0.46821,0.429534,0.45258800000000005
0.425418,2.141686,1.335426,0.305476,0.5872780000000001,0.32249
0.35057,1.269924,1.008834,0.390512,0.46359,0.6406499999999999
0.403886,0.542178,0.930068,0.724136,0.382942,0.471466
0.504686,0.8249700000000001,0.31249400000000005,0.511124,0.48904800000000004,0.354266
0.25741,0.462412,0.737274,0.61327,1.294594,0.981902
0.367526,0.371892,0.7729560000000001,0.468772,0.5793780000000001,0.288922
0.78995,0.29,0.4566,0.594834,0.6765700000000001,2.1101199999999998
0.390512,0.607684,0.390656,0.363236,0.570754,0.766832
0.33428199999999997,1.098264,0.296142,0.684924,0.809068,0.6904980000000001
0.25942200000000004,0.628462,0.828698,0.601296,0.389178,0.35668
0.577584,0.908944,0.781826,0.32622,0.610904,3.016228
0.32400599999999996,1.853336,0.618764,0.6620119999999999,0.216158,1.3173460000000001
0.536854,0.83648,0.30461200000000005,0.7244,0.646334,1.70663
0.655072,0.348144,0.516764,1.396774,1.160772,0.5611459999999999
0.27687599999999996,0.438544,0.5548339999999999,0.768374,0.480134,0.36221600000000004
0.531864,0.33486200000000005,0.6371939999999999,0.367042,0.405738,0.5336660000000001
0.9607600000000001,0.454542,0.7288920000000001,0.554984,0.370152,0.6637580000000001
0.557856,0.610406,0.477648,0.468926,0.641376,0.6027960000000001
0.259082,0.404638,0.784972,0.347178,0.497132,0.6014539999999999
0.464314,0.41788600000000004,0.411826,0.297436,0.739816,0.254848
0.454158,0.35913799999999996,0.557856,0.335004,0.414174,2.6975100000000003
0.515026,0.9145599999999999,0.620918,0.391454,0.948914,0.448878
0.23528800000000002,0.40794600000000003,0.72611,0.396308,0.58597,0.437634
0.29993400000000003,0.667188,0.7694420000000001,0.36142399999999997,0.44369400000000003,0.664726
0.44158400000000003,0.36332400000000004,2.435062,0.612406,4.034436,0.6552680000000001
0.38761399999999996,0.634656,0.9076240000000001,0.377344,0.880212,0.552568
0.442,0.555932,0.384838,0.329296,1.106652,0.36776600000000004
0.9500839999999999,0.675708,0.3397,0.290414,0.494272,0.22857
0.69825,0.6642440000000001,0.314866,0.502156,0.553624,0.89846
0.388046,1.04704,0.557766,0.42834,0.42513,0.357016
0.54799,0.524324,0.27014800000000005,0.418058,0.350326,0.510498
0.673928,0.6479779999999999,0.365388,0.414366,0.711666,0.40077
0.691202,0.52022,0.484314,0.78404,0.7321660000000001,1.7321440000000001
0.33908800000000006,0.42513,0.541938,1.4210260000000001,1.7855560000000001,0.37764
0.374192,0.388062,0.45430000000000004,0.68956,0.522552,1.037938
0.45984800000000003,0.323512,0.41744400000000004,0.27411599999999997,0.421284,0.357038
0.261848,0.845214,1.0496500000000002,0.73392,0.37905200000000006,1.215936
0.9499160000000001,0.305502,0.388128,1.16613,0.785876,0.741742
1.098626,0.389626,0.9424,0.614846,0.658924,0.700766
0.46067800000000003,0.47873200000000005,0.574442,0.604004,0.568594,0.479888
1.288994,0.317672,0.5041,0.946406,0.42562400000000006,0.722874
0.41951,0.359806,1.182582,0.37632400000000005,0.355736,0.650562
0.806694,0.439714,0.686044,0.56355,0.811264,0.70459
0.22857,0.5191720000000001,0.8985960000000001,0.268664,0.7293200000000001,0.821454
0.586276,0.867578,0.5135599999999999,1.158546,0.428622,0.5169020000000001
0.511332,0.29350200000000004,0.985082,0.390656,0.6206119999999999,0.40406400000000003
0.490832,0.36339,0.30662,0.612722,0.577294,0.397854
1.0378820000000002,0.48853199999999997,0.949308,0.652332,0.472038,1.155772
0.570982,0.402632,0.83963,0.6289199999999999,0.676358,0.461566
0.5364220000000001,0.7706620000000001,0.470034,0.688434,0.656,0.798802
0.65754,0.54453,0.5828920000000001,0.46386200000000005,0.912424,1.006462
0.618954,0.369242,0.779212,0.333256,0.580156,0.5567219999999999
1.0830060000000001,0.701794,0.874888,0.367662,0.401782,0.5039560000000001
0.23990799999999998,0.7704120000000001,1.1022260000000002,0.5720040000000001,1.0261220000000002,0.5275639999999999
0.44348200000000004,0.70636,0.613778,0.7204,0.41041000000000005,0.621974
0.44646600000000003,0.459064,0.687906,0.435362,0.758854,0.957106
0.5853579999999999,0.599082,0.49735199999999996,0.7274400000000001,0.748228,0.322894
1.0626099999999998,0.491678,0.34407600000000005,0.373122,0.39477,0.653768
0.599216,0.30837000000000003,0.471342,0.471342,1.36369,0.446972
0.597146,0.6511520000000001,0.316764,0.391698,0.603774,0.274612
0.609016,0.7037640000000001,0.557684,0.5680320000000001,0.42643200000000003,0.327372
0.402616,0.36776600000000004,0.39626799999999995,0.910736,0.529774,0.691714
1.262026,0.506596,0.64498,0.825138,0.714828,0.567492
0.4728,0.37560000000000004,0.558014,1.286408,0.519076,0.870236
0.884734,0.495666,0.48598,0.32296800000000003,0.5528,0.525102
0.39836200000000005,0.492178,0.491724,0.282962,0.559142,1.029236
0.521034,0.8373120000000001,0.609082,0.30634,0.801,0.473354
0.5085500000000001,0.634946,0.699042,0.434534,0.50241,1.072598
0.35057,0.35431599999999996,0.5452480000000001,0.85,0.600842,0.522552
0.44064,0.395298,0.876642,0.75595,0.526362,0.361668
0.603456,0.49587000000000003,0.916334,0.426018,0.47464,0.291238
2.040926,1.543794,0.562384,0.6547820000000001,0.566702,0.325748
0.381182,0.9627300000000001,0.8957780000000001,0.411358,0.3708,0.83491
0.99229,0.35777,0.8075460000000001,0.929778,0.369242,0.478752
0.673074,0.979044,3.103874,1.260188,0.786486,0.940366
0.603884,0.289116,0.861452,0.496258,0.46558800000000006,0.5431760000000001
0.39568200000000003,0.367722,0.715882,0.32890800000000003,0.6773859999999999,0.9523020000000001
1.091904,1.1754580000000001,0.558226,0.546424,0.397834,0.684458
1.00053,0.364006,0.601482,0.365558,0.40353,1.3013599999999999
0.665492,0.514186,0.634038,1.186896,0.469552,0.579202
0.314866,0.43527,0.896378,0.5249600000000001,2.232094,0.538624
0.4717,0.288534,0.47263,0.629212,0.63864,0.8082400000000001
0.8307680000000001,0.368184,0.413324,0.31719400000000003,0.402198,0.697056
0.869622,0.45997000000000005,1.0427899999999999,0.39418200000000003,0.361846,0.671192
0.53681,0.5775560000000001,2.502228,0.815082,0.524168,0.391372
0.65964,0.4922,3.1258820000000003,0.450218,0.41600000000000004,0.633306
0.6912480000000001,0.411752,0.443878,0.820926,0.27014800000000005,0.374448
0.5336660000000001,2.135942,0.7473920000000001,1.26749,0.298544,0.83939
0.468158,0.8346520000000001,0.650492,0.338372,1.343356,0.316512
0.6915760000000001,0.364006,0.498958,0.44779399999999997,1.083802,0.45299400000000006
0.95426,0.401104,0.930068,0.543164,0.857606,0.84577
0.445048,0.3128,0.7449800000000001,0.632608,0.831538,0.360588
0.929088,0.559446,0.899208,0.26205399999999995,0.6155320000000001,0.61076
0.509922,0.636992,0.747746,0.5080520000000001,0.456562,0.501058
0.291204,0.403292,0.384416,0.311724,0.515864,0.37497800000000003
0.26500599999999996,0.7092440000000001,0.840918,0.46617200000000003,0.81399,0.474236
0.782576,0.477046,0.42491,0.43224,1.022234,0.475214
0.334216,1.0728,1.209842,0.75493,0.37226400000000004,0.335004
0.30787000000000003,0.437524,0.737794,0.5850299999999999,0.44481400000000004,0.37521800000000005
0.529762,0.811264,0.414174,0.499556,0.68352,0.55501
0.45997000000000005,0.671192,0.664798,0.335172,0.9432200000000001,0.585276
0.409414,0.588982,0.258488,0.5812440000000001,0.570028,0.748024
0.34160199999999996,0.555932,0.47356000000000004,0.30909600000000004,0.452124,0.502622
0.8272480000000001,0.368184,0.32984800000000003,1.361834,0.364006,0.42410000000000003
0.639728,0.6764180000000001,1.967298,0.448896,0.414154,0.622012
0.507138,0.332296,1.735794,0.914088,0.455214,0.34805200000000003
0.743638,1.193706,0.347614,0.418306,0.6931900000000001,0.388046
0.393024,0.7043440000000001,0.5166240000000001,0.29993400000000003,0.38643400000000006,0.343796
1.527832,2.118132,0.773976,0.419356,0.815454,0.968828
0.6508400000000001,0.5504479999999999,0.667308,0.458594,0.590592,1.1188440000000002
0.630862,0.9824,0.765664,0.32296800000000003,0.370152,4.10265
0.6943920000000001,0.786486,0.568228,0.365388,1.1892880000000001,1.53928
0.375542,0.696762,1.055548,1.076872,0.33930000000000005,2.708538
1.5346780000000002,1.181322,0.491468,0.6044400000000001,0.37941600000000003,0.882554
0.30363799999999996,0.926412,0.387758,1.1953,0.31648000000000004,0.8701559999999999
0.433848,0.33486200000000005,0.6439900000000001,0.464246,0.468364,0.6439900000000001
0.5932459999999999,1.14724,1.34595,0.591666,0.577442,0.449912
0.671618,1.811634,0.317346,0.3528,0.49419,0.38339999999999996
0.642722,0.375282,0.723414,0.787698,0.34407600000000005,0.6202219999999999
0.575782,2.0087800000000002,0.663316,0.702908,0.629364,0.289254
0.5534800000000001,0.9456960000000001,1.775722,0.756244,1.3602960000000002,0.8642240000000001
0.764198,0.399224,1.088708,0.861664,0.593996,0.6055220000000001
1.5863820000000002,0.282028,0.479266,0.74721,0.658774,0.499152
0.733542,0.6643640000000001,1.760056,0.63242,0.43052,0.493478
0.49697,1.4942680000000002,1.451588,0.724456,0.456562,0.648892
0.424288,0.85158,0.572172,0.621174,0.474236,0.600484
0.7369800000000001,0.45695,1.303664,0.35849200000000003,0.7903640000000001,0.6040700000000001
0.623024,0.7470720000000001,0.683698,1.149552,0.354176,1.3098420000000002
0.54971,0.765078,0.600842,0.5756,0.39783999999999997,0.528186
0.402616,3.61643,0.601974,0.73015,0.536124,1.574782
0.330316,0.631342,0.9288379999999999,0.795226,0.597638,1.90009
0.413806,0.7938379999999999,0.50149,0.6446860000000001,0.418936,2.521936
0.39727,0.500244,0.34407600000000005,0.347332,0.516976,1.131656
0.481868,0.944256,0.5646100000000001,1.163348,0.439168,0.634656
0.402378,0.690024,0.354682,0.440844,0.2605,1.7752260000000002
0.558014,0.450782,0.4556,0.29899200000000004,0.861452,0.382962
1.033982,0.32622,0.412238,1.045802,0.552406,0.54799
0.9607100000000001,0.996924,0.406428,0.74751,0.540814,0.41083800000000004
0.775342,0.5127999999999999,0.702022,0.756328,0.318496,0.42360800000000004
0.521536,0.295602,0.435178,0.5495639999999999,0.37455,0.638952
0.329296,0.48982,0.600256,0.576018,0.445048,0.8498479999999999
0.515984,0.446162,1.009554,0.494842,0.655588,1.115906
0.911668,0.6787540000000001,0.736264,0.481302,0.483922,0.360272
0.5525220000000001,0.358022,0.509136,0.724872,0.42969799999999997,0.672096
1.1706020000000001,0.754636,0.42294600000000004,0.638498,1.454562,0.378762
0.48473000000000005,0.9528,0.426806,0.663774,0.353208,0.878144
0.739852,1.2959500000000002,1.033412,0.63352,0.585918,0.521096
0.419394,0.939508,0.30157,0.538624,0.6500119999999999,0.47193599999999997
0.901042,1.963328,0.941116,0.7676280000000001,0.5406259999999999,0.485688
0.699042,2.642726,0.510972,0.6850539999999999,0.438092,1.93707
0.316764,1.6286,1.069776,0.377116,0.9389299999999999,0.486116
0.749854,0.235772,1.322518,0.44253800000000004,0.5001,0.35057
1.064378,1.077956,0.5949679999999999,0.67767,0.51763,0.555428
0.359226,0.488888,2.276738,0.5451900000000001,0.9278120000000001,0.9818540000000001
0.79176,0.547654,0.7489220000000001,0.47494400000000003,0.432962,0.448642
0.46113400000000004,1.296618,2.090138,0.809898,1.413316,0.5768500000000001
2.102878,1.005014,0.7577699999999999,0.8725700000000001,0.320156,0.71648
0.36571600000000004,0.505964,0.45452800000000004,0.250862,0.508932,0.59427
0.64134,0.860774,0.48032,0.43117,0.353208,0.28808999999999996
0.289032,0.265308,0.732014,0.21920800000000001,0.709808,0.338378
0.373614,0.53412,1.059056,0.438544,1.057712,0.343424
0.5872780000000001,0.61263,0.39477,0.9180499999999999,0.5965940000000001,0.55541
0.5534800000000001,0.516294,0.720514,1.568628,0.723546,0.42648800000000003
0.390118,0.325748,0.76221,0.684842,1.187454,0.6915760000000001
0.6620119999999999,0.507326,2.179116,0.720924,0.605974,0.408318
0.588506,0.77991,0.450564,0.5300119999999999,0.528338,0.598324
0.462018,1.3353119999999998,0.318496,0.454158,1.2477580000000001,0.44087200000000004
0.503924,0.736566,0.461376,0.754194,0.30953600000000003,0.730406
0.72776,0.400004,2.115058,0.766188,0.6046760000000001,0.36339
0.42821,0.41494600000000004,0.612438,0.519712,0.96868,0.382078
0.47531,0.391372,0.509188,0.416332,0.99105,0.632256
0.741482,0.34393599999999996,0.38769600000000004,0.392658,0.395298,0.461692
0.77505,0.647522,0.894072,0.7466860000000001,0.372864,0.67338
0.344818,0.442,0.8708239999999999,0.324154,0.822136,0.42107
0.338378,0.383082,1.258724,0.454158,0.41951,0.514058
1.018754,0.431856,2.066494,0.5496660000000001,0.3371,4.100988
0.705932,0.32842000000000005,2.39346,1.139378,0.47416800000000003,0.381182
1.2434020000000001,0.442976,0.8222140000000001,1.312586,0.88926,1.429626
1.118914,0.2597,0.96628,0.679862,0.337598,0.404638
1.5510840000000001,0.712542,0.559288,0.791608,0.46178800000000003,0.290414
0.7466860000000001,0.666192,0.485962,0.38761399999999996,0.28834,1.52303
0.49697,0.7002780000000001,1.178598,1.13137,0.392902,0.518768
1.13104,0.680564,0.702284,0.675234,0.23924,0.370108
0.70617,4.002568,1.19341,0.42600400000000005,1.091174,0.561588
0.7327680000000001,0.521034,0.456426,0.773692,0.39440600000000003,0.33455
2.91693,0.506426,0.68288,1.266048,0.534404,0.5060640000000001
0.9335359999999999,0.6156520000000001,0.332416,1.654632,0.890764,0.34539800000000004
0.45318400000000003,0.405428,0.365846,0.33301600000000003,1.700646,0.39102
0.32195,1.305596,0.408926,0.255226,0.914682,0.521372
0.430488,0.498958,0.842504,0.6914020000000001,0.507326,0.91526
2.46315,0.70824,0.46795200000000003,0.54987,0.456562,0.33930000000000005
0.458594,0.5195080000000001,0.327836,0.989546,0.5402960000000001,0.343628
1.1309760000000002,0.6874439999999999,0.819678,0.365978,0.481332,0.406078
0.311178,0.514308,0.446328,0.424,0.85443,0.464246
0.409238,0.33188,1.046054,0.815894,0.602288,0.506596
0.477046,0.37215,0.34012400000000004,0.562622,0.430464,0.5965940000000001
0.342706,0.7939400000000001,0.857834,1.130198,0.460978,0.43070600000000003
0.42360800000000004,0.416966,0.46564,0.888684,0.489576,0.540092
0.726992,0.39836200000000005,1.248078,0.598348,0.79301,0.386104
0.770704,0.648892,0.41210199999999997,0.468188,0.41373000000000004,0.63309
0.6858099999999999,0.510314,1.490586,0.5297540000000001,0.51225,0.559372
0.6541100000000001,0.44147000000000003,0.624362,0.650788,0.531372,0.440876
0.675468,0.43303600000000003,0.8368540000000001,0.9849600000000001,1.44914,0.56056
0.5882480000000001,0.42132200000000003,0.8923500000000001,0.572712,0.743274,0.579724
0.521786,0.806732,0.877216,0.470982,0.615028,2.145594
0.8743460000000001,1.9606620000000001,0.549126,0.6054579999999999,0.44643,1.0791400000000002
0.453894,0.634328,1.45405,0.26681,0.690786,0.53286
0.356786,0.276066,1.0542799999999999,0.6110220000000001,0.401756,0.38848000000000005
1.304346,0.482912,0.592192,0.368896,0.464486,0.400524
0.329248,0.407372,0.8726280000000001,0.447414,0.42832200000000004,0.476642
0.561016,0.634476,0.738778,0.5236219999999999,0.36162400000000006,0.441076
0.64809,0.79766,1.23065,0.901946,1.068878,1.4513340000000001
0.7466860000000001,0.606118,1.5508520000000001,0.9038959999999999,0.42911000000000005,0.725658
0.391698,0.344094,2.106282,0.57259,0.300752,0.41305200000000003
0.725666,0.75366,1.356468,0.38082600000000005,0.391556,0.415524
0.402616,0.430464,1.021514,0.7035480000000001,0.41183,0.850036
0.530408,0.901128,0.641202,0.7240019999999999,0.470714,0.28600000000000003
0.535854,0.46113400000000004,0.83096,0.475298,0.598348,0.635348
0.536436,0.310618,0.23914,1.384192,0.374448,0.580262
0.56423,0.5680320000000001,0.779634,0.6372559999999999,0.611702,0.39661
0.32756599999999997,0.481332,0.454876,0.575212,0.486626,0.40826
0.17256800000000003,0.7274980000000001,0.977338,0.7194020000000001,0.510314,0.5725460000000001
2.430184,0.475512,3.9566019999999997,0.572098,0.34176,0.700446
0.33752,0.698524,0.6149220000000001,0.42012,0.388062,0.368896
1.048888,0.366676,0.850818,0.7059059999999999,0.679436,0.843064
0.466874,0.492894,0.27892,0.40400400000000003,0.9472160000000001,1.021904
0.607872,0.371892,0.74172,0.598014,0.676224,0.622874
0.438092,0.311082,0.780802,0.8981760000000001,1.1094659999999998,0.612722
0.767042,0.319406,0.643482,0.44835800000000003,0.456004,1.5225460000000002
0.5891860000000001,0.68263,0.35000000000000003,0.314866,0.577584,1.417752
0.436716,0.42248800000000003,0.6010019999999999,0.42727600000000004,0.548984,0.410546
0.481332,0.353638,0.62482,0.22857,0.934848,0.666756
0.456022,0.488086,0.565972,0.559646,0.317042,0.425812
0.914278,0.534804,1.743284,0.48032,0.528866,0.774184
0.39280000000000004,1.76283,0.880938,0.42821,0.458594,4.00361
0.782164,0.593448,0.367042,0.38275400000000004,0.490244,0.7581019999999999
1.780464,0.833114,0.76842,0.202386,0.48923200000000006,1.236588
0.751366,0.930376,0.5768500000000001,0.564156,0.791648,1.2310640000000002
0.533846,0.46684,1.297452,0.526638,0.6803920000000001,0.49735199999999996
1.87485,0.625002,0.701784,0.5277580000000001,0.4517,0.476642
0.52923,0.3356,0.784972,0.31557,1.627326,0.752382
0.32439999999999997,0.492894,0.946718,0.564156,1.131656,0.99605
0.27340800000000004,0.549676,0.717908,1.330122,0.612278,0.86139
0.626242,0.81072,0.58641,0.646606,0.641776,0.6143780000000001
0.54176,0.666888,0.842342,0.5101100000000001,0.483706,0.44292200000000004
0.599082,0.57999,0.439222,0.333256,0.744358,0.825506
0.609226,0.507326,0.635232,0.566646,0.654832,0.509356
0.5001,0.643692,0.5970599999999999,0.7926799999999999,1.407298,0.661602
0.603616,0.675826,0.481664,0.641848,1.453692,0.33409
1.31704,0.438986,0.45318400000000003,0.361668,0.372156,1.137604
0.6272000000000001,0.591382,1.017316,0.693838,0.35208999999999996,0.732592
0.36109199999999997,0.327836,1.15477,0.360272,0.742794,0.8215220000000001
0.6844,0.493222,0.43736,0.316986,0.237024,0.83128
0.5792140000000001,0.36113799999999996,0.8939020000000001,0.6610199999999999,0.843434,0.813092
1.12053,0.381182,2.35546,1.530262,0.5163139999999999,0.883954
0.38848000000000005,0.540092,0.5083380000000001,1.214368,0.37064800000000003,0.80574
0.332296,0.670188,1.413378,0.6236180000000001,0.418822,0.46612000000000003
0.411656,0.730624,0.7449800000000001,0.32573,0.450516,0.46141000000000004
0.35913799999999996,0.76287,0.329248,1.987158,0.469046,0.6972200000000001
0.526334,0.38339999999999996,0.46386200000000005,0.490408,0.6456660000000001,0.494842
0.342024,0.45350599999999996,0.59781,1.271794,0.660984,0.47801600000000005
0.8403740000000001,0.7461040000000001,0.50524,1.111078,2.15443,1.1162159999999999
0.349496,0.697036,0.511096,0.880866,1.086714,0.578218
0.705014,0.432042,0.514062,0.47057400000000005,1.63531,0.5878
0.602876,0.930774,0.535522,0.36005000000000004,1.001202,0.8565820000000001
0.21,0.805592,0.668458,0.598696,0.614804,0.718404
0.762186,0.6159260000000001,1.0584680000000002,0.361668,0.513408,1.606298
0.856086,0.407142,1.815142,0.622386,0.272118,2.082598
0.383818,0.9000560000000001,1.0908499999999999,0.254244,0.440458,0.32622
0.33316,0.5681200000000001,1.035114,0.5768500000000001,1.111078,1.310124
0.345468,0.472272,0.616366,1.151138,0.8576860000000001,0.957532
0.7536180000000001,1.0311320000000002,2.157192,0.568074,0.353638,1.05824
2.49835,0.41041000000000005,0.5625119999999999,0.764002,0.5528,0.922138
0.658668,0.559318,0.778688,0.556292,0.47781599999999996,0.326828
1.3527580000000001,0.41687,0.41761200000000004,0.652518,0.622592,0.665038
0.641788,0.620918,0.895198,0.9737859999999999,0.677784,0.86002
0.631268,0.274612,0.993034,0.516976,0.376876,0.511942
0.572172,1.17528,0.640828,1.2804760000000002,0.470034,1.79326
0.472652,0.851674,0.575252,0.736752,0.595144,0.8157260000000001
0.915792,1.123424,0.726144,0.45248200000000005,0.66171,0.49587000000000003
0.31064400000000003,0.5265019999999999,0.49793200000000004,1.101216,0.6056699999999999,0.43344600000000005
0.448896,1.503358,0.508932,0.51225,0.561288,0.43801799999999996
0.438858,0.69552,0.704036,0.509356,1.076562,0.384832
0.468772,0.48352,0.366344,0.5166240000000001,0.45035000000000003,0.44253800000000004
0.386,0.8157260000000001,1.546952,0.270702,0.44158400000000003,0.44348200000000004
0.24387799999999998,0.284486,1.3658,0.419356,1.321734,0.6586559999999999
0.94329,0.47307,0.683052,0.333418,0.373122,0.31598200000000004
0.688744,0.414366,0.50149,0.816352,1.1506120000000002,0.562314
0.492686,0.410644,0.923612,0.415234,0.5364220000000001,0.621602
0.374722,0.41577,0.410644,0.57876,0.590082,0.44829399999999997
0.9619500000000001,0.678956,0.54847,0.91739,0.28273000000000004,0.30620200000000003
0.6556000000000001,0.505466,0.45984800000000003,0.9356,0.377344,0.493282
0.956304,0.512754,0.41000000000000003,0.615376,0.417808,0.9460660000000001
0.402378,0.333034,0.37277800000000005,0.30837000000000003,0.234136,0.50598
0.369128,0.50034,0.48349200000000003,0.70835,0.818352,0.40706200000000003
0.38998000000000005,0.74411,0.5431760000000001,0.40556200000000003,0.660988,0.7565839999999999
0.368136,0.47383200000000003,0.7327319999999999,0.557196,0.854752,0.504448
0.520034,0.840952,0.70459,0.45550799999999997,0.381602,0.55956
0.482136,0.784308,0.980972,0.42849000000000004,0.82369,0.92279
0.572646,0.41282,0.760294,0.518768,0.960266,0.287222
1.157032,0.44612599999999997,0.24804,0.1805,0.516608,0.524828
0.980908,0.36571600000000004,1.388986,0.435248,0.660988,0.31458600000000003
0.6099439999999999,0.360272,1.09498,0.415928,0.491076,0.55241
0.662842,0.31249400000000005,0.499152,0.8161200000000001,1.38933,0.8537100000000001
0.56016,0.53714,0.85824,0.426806,0.418822,0.627478
0.561826,0.562622,0.392902,0.40886200000000006,0.37257999999999997,1.000482
0.489576,0.772156,0.381748,0.5497960000000001,1.4807480000000002,0.54987
0.72111,0.648346,0.77703,1.436194,0.346808,0.459274
0.493478,0.495666,0.629212,0.953846,0.49414600000000003,1.160388
0.79944,0.876414,1.033614,0.42432600000000004,0.94671,0.616846
0.685242,0.48002,0.5461140000000001,0.405428,0.503746,0.6874439999999999
0.508488,1.116474,2.138156,0.72373,0.891078,0.397658
0.27340800000000004,0.416428,1.408954,0.538624,0.42339600000000005,0.3397
0.5786359999999999,0.839678,0.32573,0.522946,0.521648,0.338
1.197672,0.620194,0.26019200000000003,0.30126400000000003,1.010314,0.9744020000000001
0.862148,1.86035,0.38643400000000006,0.6946680000000001,0.641202,0.900312
0.38369200000000003,0.418936,0.392414,0.520772,0.556952,0.7597720000000001
0.352528,0.612996,0.7056939999999999,0.5275639999999999,0.32573,0.43307799999999996
0.32400599999999996,0.31487200000000004,1.0627840000000002,0.735894,0.398156,0.523924
0.354266,0.329248,0.8854400000000001,1.205002,0.540992,0.5252380000000001
0.734044,0.48700400000000005,1.470716,0.5661280000000001,0.332296,0.702544
0.979766,0.311416,1.5124659999999999,0.31007799999999996,0.5385359999999999,0.8033920000000001
1.1047,0.48168400000000006,1.549318,0.339046,0.881764,0.416792
0.404164,0.49594,0.965934,0.672038,0.690822,0.411656
0.5793780000000001,1.8410840000000002,1.616258,0.6182300000000001,2.1166060000000004,0.303454
0.652772,1.161078,0.987928,0.7276480000000001,0.59721,0.265932
0.67425,0.387324,1.238762,0.828956,0.8137340000000001,0.24040799999999998
0.42012,1.010314,1.075488,0.5869,0.7653200000000001,0.8972720000000001
0.738778,0.364006,1.596958,1.0469000000000002,0.5395700000000001,0.265548
0.614706,0.540166,1.6716220000000002,0.8303060000000001,0.773732,0.38761399999999996
0.46648,0.45880200000000004,3.190466,0.849048,0.704954,0.35000000000000003
0.459308,0.49560000000000004,1.0987280000000001,0.833728,0.507674,0.36776600000000004
0.5565599999999999,1.0978620000000001,0.26681,0.622356,0.505668,1.081184
0.6500119999999999,0.25553800000000004,0.908346,0.208202,0.607684,0.255602
0.505384,1.358824,0.447414,0.625284,0.84687,0.641848
0.7540399999999999,0.42643200000000003,0.4257,0.440768,1.679278,0.3087
0.5648920000000001,0.483922,0.830404,0.326534,0.492442,1.7166780000000001
0.979112,0.567102,0.769082,0.35208999999999996,0.765078,0.40166199999999996
0.741364,0.5247200000000001,0.405132,1.5452139999999999,0.790102,2.0513960000000004
1.035862,0.359026,0.735078,0.383838,0.37643000000000004,1.066884
0.37226400000000004,0.599082,0.372924,0.327836,0.642958,0.6364400000000001
0.503924,0.88229,1.34525,1.55169,0.798982,0.601504
0.48155200000000004,0.912036,0.828648,0.24742599999999998,0.37643000000000004,0.30909600000000004
0.629136,0.7566900000000001,0.82369,0.5850299999999999,0.73812,0.382942
0.470982,0.6599400000000001,1.8856220000000001,0.6702980000000001,0.45794799999999997,0.590474
0.8745860000000001,0.6121340000000001,1.199306,0.42643200000000003,0.5781660000000001,1.3130979999999999
0.82365,0.575212,1.124962,0.579328,2.32213,0.47307
0.511124,0.54231,1.1555440000000001,0.662194,0.901946,0.8315760000000001
0.380316,0.554984,1.2683360000000001,0.526562,0.524324,0.44835800000000003
0.344372,0.7245900000000001,0.6179479999999999,0.376876,0.487594,0.518768
0.669284,0.5312619999999999,0.600842,0.648854,0.630174,0.456654
0.76655,0.594428,0.796194,0.559646,0.323512,0.351802
0.43320600000000004,0.3708,1.173578,0.324154,1.324068,0.424948
0.75228,0.690646,0.756268,0.285748,1.780464,0.8265220000000001
0.44829399999999997,0.5850299999999999,1.02525,1.0642719999999999,0.904718,0.265548
0.36113799999999996,0.43736,0.565134,0.963554,0.5549660000000001,0.222036
0.488938,0.392902,0.271646,0.609734,0.41971800000000004,0.331494
0.6915520000000001,0.943442,1.2444780000000002,0.452004,0.7194020000000001,0.496258
1.0528440000000001,0.826816,0.386658,1.133922,0.7394980000000001,0.4
0.607792,0.815082,0.615376,0.913892,0.634088,0.33638
0.61538,0.40678800000000004,0.5246900000000001,0.617754,0.93852,0.29899200000000004
1.14738,0.49156400000000006,2.129218,0.400824,0.518768,0.396146
0.5011340000000001,0.812424,0.707742,0.327836,0.6612960000000001,0.37257999999999997
0.38181200000000004,0.662842,0.6200800000000001,1.1504320000000001,0.724212,0.405784
0.582408,0.37041,0.372908,0.492686,0.7553780000000001,1.169028
0.733106,0.5401079999999999,0.32329,0.572172,0.31064400000000003,0.657124
0.4328,0.335172,1.6958499999999999,1.1315920000000002,0.687256,2.914504
0.538312,0.49587000000000003,1.2530160000000001,0.642096,1.200666,0.807708
0.406078,0.720514,0.918154,0.40857400000000005,0.5080520000000001,0.42400400000000005
0.42360800000000004,0.47639,1.218052,0.5302720000000001,0.497132,0.381182
0.366416,0.455442,0.5540839999999999,0.359288,0.5904880000000001,0.43081400000000003
0.791366,0.7453,0.8152079999999999,0.276702,0.9450940000000001,0.397176
0.532906,0.482912,0.37455,0.41183,0.215082,0.350908
0.27268200000000004,0.412368,0.6109180000000001,0.343424,0.337716,0.28366800000000003
1.014426,0.39108600000000004,1.064378,0.854112,0.7256720000000001,0.34012400000000004
0.393146,0.554708,1.151612,0.98746,0.30714800000000003,0.30938
0.8146180000000001,0.663098,1.92553,1.1126900000000002,0.493478,0.395904
1.06961,0.5872780000000001,0.622414,1.749438,0.457284,0.308526
0.64795,0.725228,0.36113799999999996,0.43352,0.33316,0.311724
0.5498500000000001,0.474522,0.66588,0.27411599999999997,0.515798,1.165162
0.339046,0.438986,0.8089500000000001,0.20025,0.816352,0.45110000000000006
0.47193599999999997,0.58641,0.38452600000000003,0.5078940000000001,0.29233600000000004,1.63145
0.53083,0.49244600000000005,0.468772,1.3083879999999999,0.29794600000000004,0.45384199999999997
1.3763720000000002,0.646112,0.743304,1.08603,0.900278,0.648854
0.571486,0.50448,1.355058,0.705862,0.447214,0.455214
0.485688,1.133718,0.663098,0.38369200000000003,0.805226,1.302828
0.6531180000000001,0.5768880000000001,0.65027,0.282962,0.35724,0.332296
0.694112,1.364464,1.415086,0.61521,0.43148200000000003,0.26681
0.7449800000000001,1.1297300000000001,0.80501,0.397658,0.5720040000000001,0.320032
0.634946,0.559142,0.608946,0.9384,0.762318,0.26666
0.615718,0.483628,0.818858,2.382778,0.560802,0.418248
0.568988,1.050762,0.47487599999999996,0.46539800000000003,0.820002,0.7412000000000001
1.9089939999999999,1.680744,0.595386,0.520496,0.45318400000000003,0.777154
0.987928,0.506806,0.7985979999999999,0.6113099999999999,1.6716659999999999,0.921358
0.651524,0.276818,0.31737,0.5576420000000001,0.631548,1.660002
0.445784,0.46908,0.537848,0.34858,1.220758,0.978034
0.42994400000000005,0.595144,1.151138,0.42339600000000005,0.8630380000000001,0.322274
0.49730800000000003,0.43829199999999996,1.042638,0.80632,0.745742,0.41951
0.70853,0.609734,3.05358,0.504004,0.319406,0.73161
0.762294,0.404108,0.729078,0.38369200000000003,0.606418,0.57872
0.327786,0.405088,0.77505,1.6042,1.563474,0.248128
0.382942,0.530634,0.6621180000000001,1.193048,0.259976,0.48923200000000006
0.918174,0.584852,3.021088,0.234,0.52903,0.38625400000000004
3.710818,0.492894,0.737434,0.516996,1.15307,0.914464
0.881556,0.6585599999999999,0.372864,0.606052,1.1493740000000001,1.23922
1.048218,0.397176,0.673928,0.623448,0.5001,0.378724
0.5142340000000001,0.31064400000000003,0.578554,0.45113600000000004,1.8188620000000002,0.423136
0.721844,0.863482,0.544886,0.391372,0.5789120000000001,0.8320000000000001
0.71253,0.91986,0.575586,0.7844740000000001,0.6043999999999999,0.301628
0.546618,0.559732,0.447916,0.79801,0.9609260000000001,0.264038
0.601974,1.0550460000000002,1.443464,0.51125,0.438544,0.373122
0.40540800000000005,0.333418,0.6056699999999999,0.590106,0.511972,0.279234
0.7740940000000001,0.57592,0.30463,0.447772,0.621266,0.5942459999999999
0.58325,0.520922,0.550726,0.34176,1.130894,0.44292200000000004
1.3180180000000001,0.421966,0.83157,0.419394,0.634202,0.28577600000000003
0.638162,0.327786,1.963246,0.41733,0.68126,0.329296
0.9841300000000001,0.343424,0.387324,0.429292,0.721028,1.2157460000000002
0.45889,0.27411599999999997,2.664676,0.329248,0.636884,0.5738880000000001
2.242114,0.32839,0.6242340000000001,0.26681,0.47464,0.694158
0.418936,0.538728,0.574276,0.31802600000000003,0.756996,0.5344800000000001
0.44911,0.6557459999999999,0.48375599999999996,0.483176,0.361846,0.312
0.373594,0.910772,1.140638,0.629364,0.75178,0.395904
0.337882,0.554216,0.6327999999999999,0.271064,0.5127999999999999,0.335004
0.5864640000000001,0.493352,0.330316,0.47732600000000003,0.401278,0.337882
0.517644,1.06403,0.660378,1.2860239999999998,1.506382,1.4971500000000002
0.20800000000000002,0.5034959999999999,1.9602300000000001,0.896072,0.45607,0.452712
0.914822,0.643208,0.956828,0.6077440000000001,0.263492,0.728746
1.174884,0.503746,0.23853800000000003,0.652518,0.380574,0.52
0.48002,0.76483,0.39283999999999997,0.5458379999999999,0.447916,0.357262
1.007026,0.47373000000000004,0.47639,0.40857400000000005,0.405704,0.662988
0.493478,0.520922,0.548836,0.40006400000000003,0.318202,0.591314
0.52512,0.349954,0.640516,0.375238,0.978508,0.406078
0.457476,0.398558,0.521524,0.5048279999999999,0.580262,0.44292200000000004
0.402934,0.34012400000000004,0.496424,0.465446,0.48537,0.45997000000000005
0.593462,0.358022,0.37310000000000004,2.7345880000000005,0.37701999999999997,0.581532
0.502924,0.35057,1.492672,0.405428,0.37257999999999997,0.40824
0.627228,0.5796,1.040232,0.3737,0.49526200000000004,1.433604
0.386104,0.496488,0.720144,0.840748,0.5349579999999999,1.0854380000000001
0.351802,0.34242,0.507294,0.329078,0.332584,0.366196
0.420462,1.156866,0.530004,1.389274,0.516236,0.36049400000000004
0.42513,0.86201,0.78404,0.39802,0.41687,0.554996
1.6257139999999999,0.29415600000000003,0.453894,0.76285,0.44289999999999996,0.37064800000000003
0.404638,0.577584,0.811122,0.268664,0.380316,0.320156
0.669284,0.27768400000000004,0.7690119999999999,0.543164,0.565686,0.375238
0.614118,0.233238,0.518088,0.353554,0.867622,0.743756
0.36286,0.729078,0.67504,0.35000000000000003,0.78927,0.32550799999999996
0.773524,0.551594,0.458594,1.1359480000000002,0.502538,0.578706
0.749954,0.771038,0.767082,0.525848,0.491202,1.677748
0.342024,0.49885,0.581024,0.8226319999999999,0.44843200000000005,0.372156
1.049138,0.65076,0.357664,0.89358,0.5340860000000001,0.7555259999999999
0.42643200000000003,0.308058,0.6541100000000001,0.442652,0.352982,0.457318
0.392414,0.62758,0.36248,0.498382,0.534026,0.348512
0.300486,0.8599160000000001,0.336868,0.614118,0.46795200000000003,0.295602
0.46887599999999996,0.37521800000000005,0.57287,0.840944,0.585314,0.473206
1.526132,1.5049860000000002,1.184542,0.505588,0.397834,0.381182
0.804548,0.393024,1.043122,0.816512,0.43965800000000005,0.39962400000000003
0.383818,0.32439999999999997,0.66346,0.309012,0.9621240000000001,0.39440600000000003
0.655464,0.656634,0.852116,0.383902,0.39962400000000003,0.33188
0.9503780000000001,1.499078,0.587986,1.04322,0.357464,0.35456400000000005
0.6546000000000001,0.923612,2.816784,0.629174,0.5842780000000001,0.29899200000000004
1.12267,0.300166,0.375046,0.505668,0.6702980000000001,0.69176
0.396692,0.49176,0.441184,0.607792,1.3985260000000002,0.35668
0.6296820000000001,0.661876,0.9528,0.324154,0.428802,0.527394
0.359694,0.9689679999999999,0.7164360000000001,0.489902,0.910934,0.293538
0.488774,0.589434,1.2336260000000001,0.345028,0.45618000000000003,0.381602
0.304926,0.567834,0.770498,0.310618,0.5041,0.421734
0.5042099999999999,0.41000000000000003,1.3716,0.6289199999999999,0.441276,0.347702
0.42338200000000004,0.465948,0.48258,0.666432,0.435394,0.662314
0.397176,1.08853,1.366966,0.402616,0.775342,0.752768
0.861626,0.5946420000000001,0.534404,0.28352,0.468312,0.44492200000000004
0.968746,0.5071019999999999,0.573288,0.5391140000000001,0.434166,0.35000000000000003
0.4517,1.28025,0.511676,0.746968,0.397914,0.42248800000000003
0.515026,0.354266,0.525544,0.354266,0.521536,0.289254
0.566988,1.671078,0.954148,0.6919420000000001,0.47917000000000004,0.51447
0.620442,0.764558,0.565686,0.506786,0.440876,0.5658719999999999
1.2361959999999999,0.56056,0.297436,0.555528,0.36116000000000004,0.808002
0.696704,0.410644,0.483176,0.474236,0.436568,0.301888
0.45299400000000006,0.37702600000000003,0.357688,1.3610820000000001,0.29869,0.37899400000000005
0.583798,0.627838,0.30463,0.516294,1.173358,0.226812
0.6540860000000001,0.618596,0.661178,0.664112,0.36571600000000004,0.251436
0.352346,0.44675200000000004,0.369524,0.5768500000000001,0.400524,0.39102
0.826706,1.8461040000000002,0.32573,0.42339600000000005,0.33522,0.297436
0.541602,0.855208,0.26400799999999996,0.584054,0.51925,0.30463
0.321502,0.401278,2.730826,0.575212,0.60404,0.763616
1.611638,0.27513600000000005,1.203184,0.49176,0.89036,0.43829199999999996
0.349794,0.32249,0.477246,0.840022,0.40505399999999997,0.35967200000000005
0.437008,0.536436,0.504876,0.687166,0.33581,0.319782
0.5258740000000001,0.30634,0.538906,0.486806,0.5278680000000001,0.8933200000000001
0.367042,0.28045600000000004,0.36571600000000004,0.848106,0.37560000000000004,0.44289999999999996
0.327836,0.337236,0.38275400000000004,0.245406,0.397658,0.747328
0.344702,0.348832,0.408318,1.032526,0.564156,0.790342
0.316056,0.684972,0.467816,0.837628,0.490832,2.354218
0.255624,2.180994,0.973466,0.39517,1.231008,0.99997
0.329248,0.370152,1.1968219999999998,0.37560000000000004,1.1848940000000001,1.044516
0.571594,0.532906,0.764464,0.4044,0.380064,0.545282
0.448398,0.287222,0.468188,1.385386,0.40400400000000003,0.6559900000000001
0.632608,0.781548,0.5135599999999999,0.575212,0.418306,0.44569400000000003
0.779948,0.664192,1.365614,0.474994,0.541938,0.39102
0.657866,0.586788,0.620854,0.4717,0.36049400000000004,0.80222
0.6205320000000001,0.667992,2.216022,0.51225,0.349496,0.732014
0.357262,1.136164,2.72371,0.5188440000000001,0.805096,0.796786
0.482912,0.399664,1.1463219999999998,0.756552,0.5392319999999999,0.48052
0.357262,0.578706,0.757936,0.417852,0.391638,0.386622
0.786162,0.690786,1.081542,0.9045040000000001,0.42727600000000004,0.47168200000000005
0.825732,0.849078,1.041846,0.879276,0.818674,0.34132
0.435178,0.638464,0.877598,0.740056,0.566692,0.3197
0.782828,0.49885,0.434828,0.372864,0.318654,0.425282
1.7504380000000002,0.612552,0.79085,0.307258,0.68127,0.339612
1.56426,0.41951,1.01932,0.5614260000000001,1.66147,0.360028
1.4610699999999999,0.5695760000000001,0.556292,0.33017,1.18066,0.305502
0.461602,0.607214,0.359026,0.442976,1.584834,0.375282
0.585314,0.483198,0.430464,0.45310000000000006,0.384214,0.65754
0.521034,0.48923200000000006,0.474982,1.2063240000000002,0.45350599999999996,0.366416
0.434534,0.38552400000000003,0.470982,0.761506,0.45110000000000006,0.877268
1.828356,1.7053699999999998,1.465432,1.126476,0.452124,0.429292
0.553114,0.418822,1.228696,0.5414640000000001,0.5565599999999999,0.713482
0.733912,0.28834,1.2148420000000002,1.02454,0.5407580000000001,0.6642440000000001
0.813744,0.336292,1.343454,0.37041,0.359556,0.520772
0.374448,0.42562400000000006,0.9005,0.522246,1.0053320000000001,0.6334700000000001
0.56423,0.781548,2.630076,0.59439,0.5714020000000001,0.36339
0.66289,0.794402,1.3099079999999999,0.630862,0.27411599999999997,0.675468
0.95901,0.440822,1.016356,1.167646,0.499268,1.207632
0.3397,0.53373,0.37632400000000005,0.329296,0.478464,1.527242
0.90517,0.602502,0.528856,0.462156,0.64373,0.448878
0.5970599999999999,0.246066,1.747592,0.7686580000000001,0.8215220000000001,0.48052
0.6719080000000001,0.59738,0.666984,0.686804,0.850752,0.711936
0.6758460000000001,0.38201999999999997,0.446268,0.7288479999999999,0.752576,0.342024
0.455368,0.470154,0.493514,0.435394,0.535854,0.392658
0.700438,0.63285,0.518248,0.47584800000000005,0.290194,0.729712
0.980418,1.460194,1.801992,0.98405,0.468038,0.5857140000000001
0.92762,0.393396,0.469914,0.34132,0.527394,0.365058
0.8059040000000001,0.957448,0.459914,0.343628,0.43117,0.32997000000000004
0.46771,0.52903,0.5897960000000001,1.760454,0.301734,1.441518
1.933656,1.367686,0.789332,0.9805900000000001,0.683196,0.402934
0.96724,0.664192,0.494016,0.717908,0.374448,0.51498
0.736392,0.6936060000000001,1.888362,,0.5596599999999999,0.6230760000000001
1.1298460000000001,0.39727,2.51677,,0.51125,0.29379000000000005
0.37477,0.406296,0.60742,,0.851476,0.390774
0.5193,0.69614,0.265932,,0.40556200000000003,0.582604
0.48400400000000005,0.473826,1.409908,,0.571822,0.521786
0.440876,0.934154,0.476054,,0.45734800000000003,0.37511
0.40631599999999995,0.490812,1.22711,,0.419604,0.5391140000000001
0.846718,0.6806180000000001,0.5041,,0.250798,1.107062
0.471342,1.154512,0.426484,,0.279692,0.447786
0.656588,0.46539800000000003,0.358468,,0.595022,0.478802
0.777318,1.011306,0.529396,,0.428622,0.50989
0.46599599999999997,0.338094,0.462018,,0.471526,0.28677600000000003
0.772528,0.5850299999999999,0.3197,,0.518524,0.289254
1.003284,0.347702,0.8317720000000001,,0.40857400000000005,1.2925920000000002
0.641152,0.39224400000000004,0.470752,,0.226812,0.447772
0.26585000000000003,0.365846,0.5792140000000001,,0.353554,0.34232799999999997
0.5166240000000001,0.25741,0.6624840000000001,,0.9085040000000001,0.5080520000000001
0.531864,0.42670800000000003,0.28792399999999996,,0.653654,0.8065359999999999
0.649726,0.243022,0.484314,,0.387758,0.478464
0.836834,0.5494439999999999,0.729606,,0.8704940000000001,0.543342
0.6582680000000001,0.31321,0.791002,,0.8093980000000001,0.642958
0.382048,0.657802,0.382078,,1.719248,0.402934
0.356786,0.839012,1.249002,,0.318496,0.39802
0.2328,0.406078,0.41183,,0.427818,1.2027780000000001
0.602876,0.5336660000000001,2.081684,,0.365558,1.3041980000000002
0.940044,0.536034,1.238894,,0.388624,0.47119
0.352822,2.624574,0.862844,,0.355078,0.5965940000000001
0.501198,0.40794600000000003,0.5154420000000001,,0.41600000000000004,1.039664
0.250416,0.458628,1.69601,,1.276972,1.3592080000000002
0.6625080000000001,0.50034,0.59738,,0.416332,1.340908
0.504876,0.79204,0.41998,,0.328444,1.057296
0.426018,0.218504,0.85143,,0.441728,0.643294
0.425812,0.88381,0.663014,,0.295466,0.56972
0.828608,0.5011340000000001,2.718002,,0.68841,0.5323540000000001
0.407142,0.795872,0.839212,,0.725382,0.46262200000000003
1.0174940000000001,4.939938000000001,0.506426,,0.43081400000000003,0.418192
0.237858,0.637058,0.477766,,0.47977,0.47362400000000004
0.6732360000000001,0.448714,0.844596,,0.912064,0.566354
0.723812,0.384838,0.8028780000000001,,0.29410800000000004,0.48289600000000005
1.09375,1.1051600000000001,1.13121,,0.43705,0.274612
0.28884,0.510736,0.538014,,0.49357799999999996,0.5791620000000001
0.8558600000000001,0.265308,0.43133800000000005,,0.834774,0.450564
0.5853579999999999,0.518768,0.97587,,0.37838,0.251078
0.904904,0.32622,0.783298,,1.163718,0.31007799999999996
0.9606359999999999,0.7215119999999999,0.44832600000000006,,0.667608,0.445048
0.690822,0.78031,0.390718,,0.626712,2.739852
0.883484,0.34232799999999997,0.6616580000000001,,0.435918,0.33638
0.438986,0.366676,0.47595400000000004,,0.314866,0.250056
0.380132,0.515026,0.548984,,0.39548000000000005,0.526744
0.49156400000000006,0.46037,2.496346,,0.5041,0.8693160000000001
0.8374360000000001,0.297294,0.618452,,0.5549660000000001,0.984358
0.404638,0.760128,1.108522,,0.503018,0.510498
0.311416,0.258488,0.33084800000000003,,0.6830660000000001,0.7164360000000001
0.993034,0.9256380000000001,0.570474,,0.49938,0.527394
0.5461140000000001,0.353412,0.7333,,0.374192,0.771722
0.5385359999999999,0.8352240000000001,0.49482600000000004,,0.532886,0.44038600000000006
0.464522,0.52903,1.963914,,0.43527,0.459168
0.47119,0.33553,0.724566,,0.24891,0.779262
0.19953,0.396308,2.8570300000000004,,0.404534,0.968746
0.801,0.877268,0.8416,,0.43070600000000003,0.7799940000000001
0.5565599999999999,0.648644,1.152806,,0.389836,0.565692
1.42328,0.447772,1.7226780000000002,,0.72008,0.883812
0.508932,0.485774,0.582274,,1.211124,0.9338099999999999
0.64795,0.27280000000000004,0.616846,,0.438092,0.6596960000000001
0.397834,0.43544,0.366196,,0.37257999999999997,0.404108
0.5072,0.23542400000000002,0.35849200000000003,,0.177504,0.35544400000000004
0.66086,0.37257999999999997,0.33624400000000004,,0.308058,0.7522260000000001
0.448642,0.6732039999999999,0.388562,,0.35724,0.450834
0.434294,0.399664,0.76485,,0.437958,0.604242
0.5576420000000001,0.944824,0.66016,,0.44923399999999997,0.39962400000000003
1.13956,0.4272,0.7029120000000001,,0.486296,0.333952
0.346808,0.711048,0.894564,,0.359556,0.34407600000000005
0.473206,0.444616,0.7274640000000001,,0.351802,0.347178
0.6156,0.629364,0.790556,,0.343424,0.30620200000000003
0.455688,1.051104,0.347246,,0.509216,3.423448
0.419356,0.842152,1.0457400000000001,,0.86329,0.610364
0.516996,0.46067800000000003,0.474522,,0.384838,0.340476
0.418058,0.81153,0.606804,,0.429534,0.40678800000000004
0.308058,0.36707,0.630672,,0.50592,0.352482
0.38998000000000005,0.669928,0.862702,,0.322894,0.366196
0.37511,0.302318,0.6460220000000001,,0.47595400000000004,0.599216
0.7839,1.190646,0.4482,,0.754448,1.141258
0.636992,0.37310000000000004,0.3528,,0.506426,0.811122
0.37941600000000003,0.492686,0.511676,,0.33717,0.6343780000000001
0.6621440000000001,1.13517,0.531702,,0.406078,0.794242
0.36525599999999997,1.0469480000000002,0.781956,,0.804848,0.7586520000000001
0.20927400000000002,0.50592,0.98663,,0.700072,0.6828440000000001
0.29689800000000005,0.45350599999999996,0.808082,,0.325214,0.646606
0.492894,0.361668,0.689884,,0.594588,0.500372
0.297544,0.44763000000000003,0.500244,,0.6088020000000001,0.259238
0.49914,0.46234600000000003,0.33624400000000004,,0.297356,0.470426
0.7951480000000001,2.710886,0.30398000000000003,,0.521478,0.59482
0.424948,0.371892,0.37143000000000004,,0.526642,0.633622
0.663606,0.29192399999999996,0.419948,,0.447916,0.7183120000000001
0.577996,0.32937,0.6281680000000001,,1.192546,0.492914
1.055078,0.42670800000000003,0.475534,,0.728044,0.870266
0.60362,0.551932,0.344094,,0.451774,0.47877
0.833406,0.36142399999999997,0.856106,,0.624718,0.389652
1.052722,0.361508,0.457284,,0.570828,0.50761
0.825138,0.68828,0.779212,,0.429348,0.750502
0.5252380000000001,0.515756,0.981688,,0.51925,0.6788379999999999
0.45827999999999997,0.30938,0.804002,,0.25381,0.646894
0.39320800000000006,0.348512,0.42888200000000004,,1.742864,1.0522360000000002
0.5999099999999999,0.5264220000000001,0.780112,,1.4362300000000001,1.035114
0.600646,0.32296800000000003,0.5127999999999999,,0.351028,0.61521
0.353208,1.7397660000000001,0.5204500000000001,,0.990202,0.232422
0.572712,0.338,0.5509299999999999,,0.427182,1.297452
0.55171,0.347332,0.6926040000000001,,0.720148,1.0726040000000001
1.088972,0.7123740000000001,0.361508,,0.633672,0.395034
0.332416,0.7828980000000001,1.31339,,0.24804,0.45880200000000004
0.46045600000000003,0.3396,0.7711,,0.357144,0.5611459999999999
0.37979399999999996,0.583058,0.506616,,1.14536,0.293972
0.70955,0.847924,2.35196,,0.6155320000000001,0.6557459999999999
0.312774,3.7527420000000005,1.03951,,0.520634,0.80925
0.493478,0.7694160000000001,0.931384,,0.6313200000000001,0.2894
0.40556200000000003,0.34954199999999996,0.588656,,0.660366,0.298904
0.25632,1.7184000000000001,0.619448,,1.31072,0.5244120000000001
0.47093599999999997,0.377116,0.35114,,0.457284,0.508488
0.416294,1.576818,0.53319,,0.42107,0.587114
0.796154,0.9563940000000001,0.530694,,0.28273000000000004,0.29899200000000004
0.47801600000000005,0.263492,0.747126,,0.5395700000000001,0.525102
0.571024,0.33984800000000004,0.5918819999999999,,0.5767519999999999,0.571024
0.603804,1.009174,0.486428,,0.3708,1.216192
0.515274,1.1322780000000001,1.1148740000000001,,0.438986,1.780702
0.49226400000000003,1.07397,0.489576,,0.389626,0.606092
0.290854,0.867062,0.5027320000000001,,0.51648,0.6229640000000001
0.438858,2.662192,0.53412,,0.80437,0.290854
0.36193400000000003,2.01369,0.470034,,0.8190839999999999,1.1451479999999998
1.1423219999999998,5.198532,1.563136,,0.726518,0.402616
0.805652,0.485806,1.5657940000000001,,0.326828,0.28364
0.585108,0.76922,1.258672,,0.518088,0.333034
0.6455919999999999,0.38292000000000004,3.172522,,0.557078,1.71784
1.1322780000000001,0.942416,0.357664,,0.458262,1.359696
0.634072,0.586788,0.85951,,0.401756,0.827586
0.643482,0.33717,0.819476,,1.494958,2.2177759999999997
1.006794,0.804162,1.492494,,0.545996,0.8828320000000001
0.29880399999999996,1.147124,1.357522,,0.5503640000000001,0.726372
0.940972,0.7587780000000001,0.946482,,2.016754,0.36248
1.040494,0.8207920000000001,0.978622,,0.327274,0.513518
0.388046,0.436664,3.665708,,0.5872419999999999,0.435026
1.194172,1.5515260000000002,1.688782,,1.163122,0.33486200000000005
0.394792,0.8477,1.790294,,0.6175080000000001,0.7033200000000001
1.006462,0.765812,1.417932,,0.28527199999999997,0.319682
0.5432939999999999,0.280912,0.628394,,0.41194600000000003,0.997928
0.634958,0.386658,0.52376,,0.29649200000000003,0.36922000000000005
1.088118,0.36295,0.400784,,0.48674,0.97997
0.494162,0.845414,0.509544,,0.7785960000000001,0.53226
0.288922,0.681836,0.26400799999999996,,0.386104,0.871662
0.517042,0.49414600000000003,0.559218,,0.527394,0.6511319999999999
0.865122,0.7800739999999999,0.580954,,0.8555940000000001,0.600496
0.558014,1.47671,0.7756540000000001,,0.47954199999999997,1.622242
0.32039999999999996,0.769664,0.78616,,0.448642,0.672218
0.65466,0.504876,0.587172,,0.263492,0.29958
0.701542,0.457476,0.7968740000000001,,1.22847,0.977338
0.34176,0.510628,0.27074000000000004,,0.51965,0.46769600000000006
0.618764,0.448896,0.291204,,0.425808,0.458262
0.470752,0.827874,1.25628,,0.43156,0.46322800000000003
1.31526,0.541084,0.44038600000000006,,0.292746,0.62758
0.8697980000000001,0.339034,1.173576,,0.443102,0.490832
0.7920940000000001,1.43352,1.10901,,0.49113799999999996,0.468188
0.552294,0.773058,1.9526400000000002,,0.7064199999999999,0.633306
0.570028,0.5494439999999999,0.398558,,0.45880200000000004,0.441234
0.44854000000000005,0.33084800000000003,0.6040700000000001,,0.54418,0.548632
0.90315,0.624872,0.6904980000000001,,0.602398,0.45310000000000006
0.8132039999999999,0.7302820000000001,0.8817440000000001,,0.43527,0.47907
0.5632480000000001,0.492894,0.37702600000000003,,0.375238,0.43352
0.450218,1.06145,1.4388,,0.36332400000000004,0.68186
0.3356,0.645232,0.9756420000000001,,0.5382680000000001,0.31737
0.7446160000000001,0.31648000000000004,1.9486880000000002,,1.016428,0.43156
0.308526,0.553394,0.378866,,1.153998,0.414236
0.911018,0.412238,0.5297540000000001,,0.515026,0.39513600000000004
0.386848,0.423136,0.634476,,0.791134,0.338094
0.889154,0.397416,0.357464,,3.071888,0.464314
0.5368379999999999,0.297544,0.48887200000000003,,0.628028,0.510724
1.137014,0.364006,0.562554,,0.68186,1.02062
0.43473200000000006,0.607012,0.413298,,0.7723220000000001,0.42339600000000005
0.67018,0.486576,0.487016,,0.482066,0.380316
0.367614,1.967626,0.6497820000000001,,0.575212,0.46409
0.468158,1.148356,0.7803,,0.301496,0.724356
0.47356000000000004,0.378762,0.951322,,0.462964,0.643294
0.5261180000000001,0.5725460000000001,0.789332,,0.852554,0.7334120000000001
0.596406,0.963322,0.60742,,1.017834,0.407686
0.95617,0.686466,0.368086,,0.7435940000000001,0.28999400000000003
0.7040259999999999,0.31241,0.477246,,0.18727600000000003,0.365058
0.374448,0.62394,1.306098,,1.021578,0.6794260000000001
0.320656,0.620966,0.40824,,0.593188,1.1881700000000002
0.6055220000000001,0.906556,0.6808500000000001,,0.720914,0.40931599999999996
1.05099,0.42012,1.785148,,0.346808,0.351096
0.50448,0.69784,0.629086,,0.46599599999999997,0.342986
0.726144,0.8174220000000001,0.39440600000000003,,0.301734,0.400604
0.63352,2.9780320000000002,0.49382200000000004,,0.6912480000000001,0.527412
0.537568,0.501856,0.402934,,0.67338,0.805188
0.6799080000000001,0.912064,0.72008,,0.300486,0.698652
0.79204,1.23479,0.7397100000000001,,0.42994400000000005,0.402314
0.43070600000000003,0.535284,0.488,,0.590106,0.693108
0.860058,1.048366,0.436664,,0.43303600000000003,0.642922
0.93002,0.378866,0.552496,,3.005328,2.021722
0.6541100000000001,0.476642,0.40172199999999997,,0.48473000000000005,0.8445900000000001
0.7387039999999999,0.35661200000000004,1.32867,,0.680778,0.387732
0.5941219999999999,0.438256,2.754494,,0.442976,0.45092000000000004
0.514058,0.38181200000000004,0.79288,,0.725426,0.359378
0.792498,0.690754,0.51031,,1.2052159999999998,0.501138
0.510392,0.440844,0.427182,,0.716528,1.5325280000000001
0.556292,0.72377,0.822718,,0.7264740000000001,0.5354220000000001
1.223028,0.49673,0.39069200000000004,,0.377618,1.9427480000000001
0.554216,1.255618,0.29176,,0.887552,0.351392
0.6812380000000001,1.482302,0.522246,,0.382298,0.401756
0.332746,1.000938,0.478954,,0.86648,0.381602
0.8908780000000001,0.53367,1.754062,,0.39320800000000006,0.42849000000000004
0.32118,0.510392,0.5880040000000001,,1.194038,0.46599599999999997
1.2820239999999998,0.487594,0.7723220000000001,,0.602182,0.36295
1.131472,1.463388,0.94018,,0.8086340000000001,1.7907819999999999
0.780112,1.24641,0.574944,,0.582962,4.00252
0.763992,1.951312,0.470034,,0.501058,0.6500220000000001
0.886362,0.466874,0.701314,,0.45730000000000004,0.323512
0.585234,1.716956,0.629062,,1.33169,1.608448
0.533104,1.0298520000000002,0.882146,,0.518768,0.681436
0.8519180000000001,1.063558,0.568988,,0.468312,0.361668
0.6621180000000001,1.08773,1.394596,,0.556608,0.828148
0.555528,1.310092,1.364982,,0.34644,0.6156
0.69317,0.48175,1.297334,,1.182094,0.38275400000000004
0.8052619999999999,0.5909760000000001,2.6547359999999998,,0.713572,0.37497800000000003
0.45173800000000003,1.335416,0.450924,,0.8435940000000001,0.60962
1.082958,0.19804,0.473354,,0.47746,0.308526
2.27639,1.490966,1.826874,,0.5016820000000001,1.0107920000000001
0.738778,0.49658,0.543194,,0.293972,0.724212
1.616382,0.771298,0.346808,,0.423622,0.591838
0.24130400000000002,0.763154,0.40824,,0.48352,0.279692
0.566692,0.761246,0.33930000000000005,,0.37632400000000005,0.33217399999999997
0.45984800000000003,0.742794,0.23769800000000002,,0.386622,0.370152
1.038124,1.785436,0.458542,,0.701784,0.559132
0.543164,0.581808,1.182454,,0.449022,1.38901
0.310438,0.49623,0.639552,,1.440644,0.975756
0.311178,1.531108,0.60403,,0.465296,0.619526
0.367984,1.3182360000000002,1.4748620000000001,,0.44087200000000004,3.1813960000000003
0.403292,0.291238,1.25753,,0.4922,0.492442
0.671476,0.5891860000000001,0.7939400000000001,,0.311416,1.115192
0.485242,0.553624,2.1215859999999997,,0.340352,0.463366
0.842092,0.361774,1.716994,,0.8323680000000001,0.574442
0.997928,0.559318,0.875848,,0.517038,0.998152
0.683052,1.004042,3.037226,,0.69176,1.219222
0.884808,0.377344,0.38212599999999997,,0.48700400000000005,0.511332
1.036846,0.604546,0.475512,,0.7006660000000001,1.221634
0.43156,1.006478,0.719388,,0.5072,0.486148
0.586204,0.9268120000000001,0.798972,,0.578706,0.6464679999999999
0.5526380000000001,0.6043999999999999,0.331838,,0.58175,0.6758460000000001
0.7817540000000001,0.887374,0.773976,,0.485688,0.42012
0.731096,0.351392,0.603842,,0.45796,0.477698
0.502016,0.54847,0.33892200000000006,,0.5129239999999999,1.125232
0.392616,0.443062,1.087912,,0.392326,0.673632
0.64005,0.460716,0.733542,,0.422588,0.637786
2.779658,0.515026,0.41083800000000004,,0.689942,0.38848000000000005
0.656442,0.432134,0.6061559999999999,,0.40406400000000003,0.403094
0.49382200000000004,0.5152279999999999,0.528788,,0.602996,0.6321939999999999
0.550102,0.940366,0.59005,,0.924876,0.58833
1.17975,0.70232,1.1068019999999998,,0.8146180000000001,0.376876
0.40400400000000003,0.390288,0.539748,,0.68065,0.379388
0.46196600000000004,0.43499400000000005,0.6169500000000001,,,0.33033999999999997
0.51648,0.583592,1.072956,,,0.326534
0.510314,0.383902,1.75452,,,1.15918
0.6582680000000001,0.690706,0.6077960000000001,,,0.650676
0.461306,0.30463,0.55541,,,1.096038
0.2328,0.378376,0.46072199999999996,,,1.210166
1.0451880000000002,0.584992,0.418804,,,1.923186
0.68127,0.496488,0.833234,,,0.9486100000000001
0.49156400000000006,0.58597,0.768374,,,0.286782
0.414392,0.399664,0.489248,,,0.338
0.416428,0.301602,0.557384,,,1.543502
0.370842,0.39661,0.532906,,,0.45880200000000004
0.642162,0.6973239999999999,0.422412,,,0.35542
0.8491900000000001,0.808706,0.382942,,,0.34246800000000005
0.194812,0.40335000000000004,0.5883680000000001,,,1.0067240000000002
0.40931599999999996,0.32984800000000003,0.37560000000000004,,,0.38452600000000003
0.680144,0.614626,0.5714020000000001,,,0.43825200000000003
0.9607600000000001,0.531914,1.139918,,,0.488528
0.620194,0.5681200000000001,0.68126,,,0.446664
0.632202,0.8371860000000001,0.534452,,,0.46761
0.57876,1.23791,0.9415420000000001,,,0.617298
0.52174,0.372506,0.457686,,,0.354812
0.977338,0.35578,0.608226,,,0.5114420000000001
0.75763,0.5475760000000001,0.6762400000000001,,,0.518282
0.356724,0.779948,0.714246,,,0.394082
0.9268540000000001,0.24696600000000002,0.566056,,,2.844468
0.9551240000000001,0.396692,0.698386,,,0.464486
0.562896,0.30714800000000003,0.40525,,,0.737564
0.41083800000000004,0.340148,1.243674,,,0.958534
0.56935,0.6679320000000001,0.718178,,,0.6507999999999999
0.865862,0.6972780000000001,0.530558,,,0.498894
0.469914,0.5423239999999999,0.43527,,,0.665732
1.67657,0.542988,1.274244,,,0.480804
0.37318,0.487594,0.961852,,,0.38201999999999997
0.269704,0.670358,0.635648,,,2.733368
0.609226,1.942164,2.3694,,,1.687792
1.334864,1.119558,0.84936,,,0.940232
0.493352,0.832982,0.7969940000000001,,,1.6831040000000002
0.620966,0.6931240000000001,0.90592,,,2.385926
1.8653920000000002,0.48332200000000003,1.020238,,,0.566194
0.492894,0.421204,2.2156540000000002,,,0.462412
0.37,0.8352240000000001,0.44212599999999996,,,0.528788
0.701314,0.469552,0.49294600000000005,,,0.393024
0.397416,0.618182,1.00069,,,0.403112
1.7881,0.6823020000000001,0.844824,,,1.216306
0.760886,0.529774,0.6412640000000001,,,0.815444
0.660522,0.515756,0.427818,,,0.901982
0.8725700000000001,0.559142,0.542014,,,0.490652
0.567566,0.44368,0.35354800000000003,,,0.759876
0.45113600000000004,1.3799839999999999,1.50895,,,0.43455200000000005
0.595022,0.477766,0.5159260000000001,,,0.499268
1.1884860000000002,0.85,0.435178,,,0.39517
0.330316,0.9116420000000001,0.9401280000000001,,,1.559262
0.97074,0.37277800000000005,0.38339999999999996,,,1.21529
0.5363060000000001,0.484516,0.8504120000000001,,,0.792162
0.303454,0.31719400000000003,1.163844,,,0.5042099999999999
1.161984,0.390512,0.847584,,,0.5659460000000001
0.712284,0.394548,0.710788,,,0.563252
0.839678,0.43705,0.737512,,,0.914682
0.4289,0.397658,1.2132020000000001,,,0.503352
1.423124,0.863642,0.29686399999999996,,,0.48789
1.033558,0.8368920000000001,1.1022260000000002,,,0.620442
0.79968,1.079586,1.122356,,,0.275986
0.332296,0.9958819999999999,1.530532,,,0.27014800000000005
0.459986,0.6191760000000001,0.672682,,,0.36768
0.8215220000000001,0.501058,0.406452,,,0.409252
0.494792,0.9461180000000001,1.999204,,,0.552756
0.708692,0.386104,0.8935879999999999,,,0.55956
1.133462,0.34012400000000004,0.6055220000000001,,,0.84687
0.424796,0.490408,0.58833,,,0.906838
1.010018,0.543164,0.429418,,,0.8318300000000001
0.28677600000000003,0.545996,1.231106,,,0.372542
0.502538,0.721952,0.6564059999999999,,,2.2696460000000003
0.978948,1.27562,2.238672,,,0.566646
1.12514,0.380678,1.1322560000000002,,,0.441202
0.79811,0.719524,2.008908,,,0.62712
0.8231860000000001,1.7778699999999998,0.5392319999999999,,,0.31557
0.8961100000000001,0.803894,5.012442,,,0.36221600000000004
0.696414,0.403292,1.641248,,,0.865418
1.081416,1.045182,0.933296,,,0.550072
0.4728,1.332096,0.867348,,,0.60937
0.446664,0.367744,0.811756,,,0.647472
0.538014,0.27827999999999997,1.7279280000000001,,,0.412646
0.323512,0.942628,0.561826,,,0.36162400000000006
0.340352,0.574126,1.0723900000000002,,,0.364774
1.636466,0.693862,0.9815119999999999,,,0.540196
1.102914,0.5228579999999999,0.456562,,,0.657282
1.276032,0.870236,0.66746,,,0.35880399999999996
0.9928880000000001,0.6538780000000001,0.87225,,,0.727146
0.43117,0.47362400000000004,0.670188,,,0.491202
1.166062,0.599082,0.96777,,,0.81845
0.85815,0.747328,0.703934,,,1.5732819999999998
0.274612,0.734894,0.5876079999999999,,,1.00962
0.8690599999999999,0.452748,0.9999779999999999,,,0.489576
0.556608,0.562896,1.284362,,,0.8905420000000001
0.50034,0.575784,0.44047800000000004,,,0.938766
0.862962,0.33717,1.3311579999999998,,,0.45092000000000004
1.114576,0.922084,0.824118,,,0.352982
0.381602,0.353208,1.21968,,,0.520496
0.35057,0.269704,1.4348040000000002,,,0.516236
0.704298,0.470034,0.441202,,,0.568384
0.804984,0.628144,0.779334,,,0.340194
1.140946,0.772126,0.211206,,,0.44499400000000006
0.70824,0.49623,0.305502,,,0.351272
0.8964120000000001,0.737564,1.254988,,,0.365388
1.0395860000000001,0.31719400000000003,1.329898,,,0.320156
0.49,0.34393599999999996,1.823052,,,0.37041
0.3397,0.393776,0.439058,,,0.40659
1.1440000000000001,0.85703,0.4347,,,0.451774
0.7121799999999999,0.593542,0.966746,,,0.713204
0.560802,0.685416,0.591666,,,0.478706
0.390656,0.5298339999999999,0.356118,,,0.471902
0.683126,0.530558,0.61025,,,0.531924
0.5369539999999999,0.557314,2.657808,,,0.367744
0.7093680000000001,0.499152,0.40485000000000004,,,0.43965800000000005
0.35438400000000003,0.29869,0.79289,,,0.82472
0.48375599999999996,0.621742,0.743756,,,0.561502
0.7433460000000001,0.837532,0.674472,,,0.51546
0.311724,0.961052,0.440822,,,1.148002
0.537018,0.5419160000000001,1.549442,,,0.984588
0.40335000000000004,0.645516,0.577806,,,0.544764
0.660328,0.563408,0.78495,,,0.484086
0.849944,2.1703020000000004,0.715766,,,0.432666
0.7018200000000001,1.18386,1.010314,,,0.481664
0.45997000000000005,0.42432600000000004,0.787462,,,0.8009919999999999
1.089,0.492894,0.79944,,,0.51225
0.416792,1.15114,2.658854,,,0.43705
0.46872199999999997,0.733106,0.43156,,,0.630546
1.209912,1.0756400000000002,0.529396,,,1.037846
1.005188,0.693836,0.592324,,,0.70824
0.634958,0.63964,0.406452,,,0.8809560000000001
0.72472,0.752396,0.918792,,,1.01095
0.922858,0.431356,0.760308,,,0.32622
0.5431760000000001,0.387324,0.49176,,,0.493478
0.47093599999999997,0.647496,0.851214,,,1.48699
0.6959460000000001,1.1393199999999999,0.369388,,,0.29533
3.792516,0.572074,0.311178,,,0.54465
0.430298,0.921202,0.5946420000000001,,,0.30662
0.46141000000000004,0.614804,0.70113,,,0.30880399999999997
1.393562,0.553206,0.357464,,,0.47922000000000003
0.8879400000000001,0.9405560000000001,1.815314,,,0.357262
0.43527,1.336708,0.399664,,,2.454212
0.45403,0.58186,0.39418200000000003,,,0.642958
0.7528940000000001,0.9472480000000001,0.850178,,,0.316056
0.48400400000000005,0.8743460000000001,0.301974,,,1.4279000000000002
0.7717,1.012926,0.417808,,,0.886882
1.49017,0.457756,0.418306,,,0.5101100000000001
0.791134,0.7769900000000001,0.689002,,,0.494016
0.733084,0.571766,0.470426,,,0.599216
0.39283999999999997,0.694104,0.28677600000000003,,,0.518768
0.7321340000000001,0.598014,3.574714,,,2.571786
1.035136,0.6359400000000001,0.6762400000000001,,,0.507424
0.528458,0.6143780000000001,0.448642,,,0.8347640000000001
0.50448,0.6702980000000001,0.825652,,,0.280322
0.322596,0.465928,1.186188,,,0.790942
0.850562,0.475096,0.440876,,,0.515958
0.390774,2.066004,0.556292,,,0.40525
0.736912,0.6586559999999999,0.7123740000000001,,,0.695348
0.6894199999999999,0.40961000000000003,1.145902,,,0.369128
0.671476,0.325262,0.48887200000000003,,,0.551932
1.21177,0.96313,0.639028,,,0.626856
1.6647020000000001,0.7276480000000001,0.406078,,,0.42849000000000004
0.842722,2.324464,1.079586,,,0.318904
0.977256,0.936226,0.47263,,,0.36193400000000003
0.649224,0.505204,0.26437,,,0.614186
0.367614,1.348398,0.970462,,,0.9546380000000001
0.9719260000000001,0.574442,2.3398499999999998,,,0.31648000000000004
0.617298,0.43965800000000005,0.510736,,,1.30843
0.984758,0.661892,0.715858,,,0.813714
0.515476,0.665588,0.384666,,,0.4556
0.527412,0.41494600000000004,2.2981260000000003,,,0.775464
0.316764,0.754082,0.571108,,,0.8033920000000001
0.470426,0.732222,0.830346,,,0.64512
0.548836,0.812416,0.3397,,,0.35456400000000005
0.5163139999999999,0.634558,2.450682,,,0.418936
0.824776,0.816002,1.5420920000000002,,,1.086646
0.958534,1.1450440000000002,0.633322,,,0.62712
1.51979,0.722332,0.69817,,,4.212172
0.892888,1.161346,0.384838,,,0.357262
0.35967200000000005,0.5494439999999999,0.528866,,,0.485106
0.91193,0.775962,0.59099,,,0.511332
0.9112480000000001,0.894642,0.589226,,,1.1785
0.36239800000000005,0.8407920000000001,0.570406,,,0.6500220000000001
0.654682,0.6180800000000001,0.506616,,,0.419204
1.104028,0.71035,1.0973140000000001,,,0.335004
0.46617200000000003,0.293538,2.795804,,,0.984
1.3369000000000002,1.823408,0.419356,,,0.541794
0.895038,1.09124,0.606382,,,0.67553
0.447772,0.480666,0.41615800000000003,,,0.5346580000000001
1.109834,1.3861320000000001,0.9769840000000001,,,0.317804
0.48258,1.09711,1.573582,,,0.32267
0.684424,0.428224,0.671122,,,0.30938
0.8435940000000001,0.41521600000000003,0.405784,,,0.479654
0.6672480000000001,0.37608600000000003,0.41738200000000003,,,0.483144
0.817784,0.361872,0.27511399999999997,,,0.629212
0.7806040000000001,0.40824,0.48826200000000003,,,2.666192
1.4982460000000002,0.610052,0.622414,,,0.558856
0.588956,0.280322,0.648394,,,0.37560000000000004
0.301496,0.33179000000000003,1.056442,,,0.801958
1.4582080000000002,0.80201,0.468188,,,0.485106
0.49368,0.543164,0.409238,,,0.301496
0.63352,0.6698200000000001,0.738152,,,0.43964600000000004
0.29492399999999996,1.2458900000000002,0.6481979999999999,,,0.48400400000000005
0.357514,0.503018,0.367962,,,0.687502
0.489902,0.5572100000000001,0.45550799999999997,,,0.8989880000000001
0.353208,0.284402,0.931504,,,0.314306
1.07528,0.541794,0.5485,,,0.473088
1.02062,0.40204,0.45607,,,0.27566
0.51031,0.367744,0.498894,,,1.158482
0.73934,0.37899400000000005,1.014348,,,1.386236
1.19578,0.363236,0.40154199999999995,,,0.356118
0.641152,1.276032,1.215086,,,0.635232
0.466874,0.8003020000000001,0.526334,,,0.7597720000000001
0.396692,0.629174,0.423628,,,0.36898200000000003
0.797468,0.324672,1.143162,,,0.30398000000000003
0.343796,0.367042,0.5087900000000001,,,0.300752
0.757304,0.569944,0.29468,,,0.5336259999999999
0.661602,0.841478,0.25741,,,0.518092
0.232938,0.930224,0.410858,,,0.489248
0.378866,0.42400400000000005,0.378846,,,0.50305
0.370842,0.8534160000000001,0.60937,,,1.133288
0.774184,0.692682,0.970674,,,0.6914020000000001
1.013984,0.805096,0.499892,,,0.540166
0.395034,0.580262,1.648652,,,0.9766420000000001
0.912738,1.1156780000000002,0.46359,,,1.25854
0.398156,0.5127999999999999,1.13662,,,0.459078
0.437652,0.44569400000000003,0.88364,,,0.488888
0.986908,0.311416,0.8694640000000001,,,0.458786
0.8407060000000001,0.415524,0.347178,,,0.36248
1.0640340000000001,0.39412200000000003,0.36113799999999996,,,1.4307100000000001
0.33457400000000004,0.82163,0.414174,,,0.5258740000000001
0.6235700000000001,1.517346,0.944034,,,0.339558
0.657344,0.5736380000000001,0.33017,,,0.386988
0.408926,0.896072,0.354812,,,0.297436
0.846086,0.664064,0.34393599999999996,,,0.224116
0.623464,0.78404,0.45880200000000004,,,0.364072
0.71741,1.0045979999999999,0.419356,,,1.055282
0.992322,0.546882,0.27174200000000004,,,0.746536
0.906862,0.6247720000000001,0.340352,,,0.382942
0.492686,0.50484,1.234828,,,0.29899200000000004
0.79565,0.47297000000000006,0.8598260000000001,,,0.518282
0.701314,0.516608,0.686338,,,1.36369
0.395298,0.541394,0.53286,,,0.38082600000000005
0.468312,1.189878,0.617298,,,0.869458
0.764996,0.7379560000000001,0.431856,,,0.720448
0.33736,0.407922,2.185924,,,0.585314
0.472652,0.293538,0.462916,,,0.478802
0.47034,2.177,1.871218,,,0.38525400000000004
1.096038,0.635232,1.218242,,,0.949706
0.728332,0.561712,2.053988,,,0.696566
0.7853680000000001,0.77371,0.429962,,,0.5016820000000001
0.32439999999999997,0.828956,0.73129,,,0.595386
0.48598399999999997,0.807774,0.8164640000000001,,,0.46281400000000006
0.712774,0.478752,1.3676020000000002,,,0.338378
0.599626,0.67665,0.5247200000000001,,,0.32249
0.505384,1.00774,0.601296,,,1.12073
0.38616000000000006,1.387672,0.309742,,,0.346208
0.828686,0.409238,1.473914,,,1.022696
1.41105,0.39440600000000003,0.46067800000000003,,,0.562736
0.2087,0.347844,0.760002,,,0.5425760000000001
0.398502,1.2128599999999998,0.91634,,,0.602288
1.009294,0.289116,0.49944400000000005,,,0.742194
0.577294,0.359378,0.7977960000000001,,,1.335912
0.6596960000000001,0.317672,0.8346140000000001,,,1.380668
0.581602,0.316184,0.478752,,,0.37702600000000003
0.311178,0.706904,0.304402,,,1.500954
0.47168200000000005,0.32363600000000003,0.59443,,,0.45793
0.450498,0.594588,0.386622,,,1.334132
0.559946,1.14463,0.554274,,,0.428622
2.0,0.59788,0.64074,,,0.486116
0.4882,0.5681200000000001,1.04433,,,1.362058
0.669928,0.466274,0.693078,,,0.355578
0.74999,0.813682,0.58175,,,0.398804
0.395818,0.734302,1.03359,,,1.260732
0.5324099999999999,0.6785420000000001,0.56096,,,0.572172
0.92586,0.9426019999999999,0.35913799999999996,,,0.43117
0.52806,0.583798,0.378866,,,0.32954
0.619486,1.265214,0.358468,,,0.41083800000000004
1.200328,0.839088,0.309012,,,0.27118200000000003
0.397176,1.16818,0.504448,,,0.479266
0.858942,1.55202,0.588098,,,0.7252500000000001
0.6788379999999999,0.527394,0.5445180000000001,,,0.554476
0.493352,0.600564,0.42360800000000004,,,1.535042
0.32267,0.24804,0.677784,,,1.16211
0.804626,0.27626799999999996,0.321726,,,0.737564
1.426444,0.258488,0.75493,,,0.5763780000000001
0.314554,0.660682,0.6092920000000001,,,0.7611380000000001
1.504382,0.31458600000000003,0.49143400000000004,,,0.324722
0.5883120000000001,0.70499,0.509136,,,0.32756599999999997
1.193706,0.809594,0.394928,,,0.374192
1.96639,0.5580280000000001,0.734302,,,0.34595400000000004
1.1909280000000002,0.5970599999999999,0.791072,,,0.583112
0.29533,0.386104,0.768502,,,0.48779000000000006
0.70772,0.449396,1.015924,,,0.561156
0.39280000000000004,0.8190839999999999,1.27997,,,0.676678
0.286252,0.584492,0.493478,,,0.9208339999999999
0.424288,0.586424,0.571836,,,0.383082
0.35057,1.280624,0.42360800000000004,,,0.715924
0.45880200000000004,0.56851,0.487594,,,0.306758
0.597862,0.5204500000000001,0.41761200000000004,,,0.420594
0.657802,0.474982,0.688212,,,0.7774760000000001
0.464262,1.162646,0.66328,,,0.395298
0.518664,0.734566,0.513688,,,0.792276
0.56423,0.38201999999999997,1.8825180000000001,,,0.709392
0.9544199999999999,1.793376,1.028522,,,1.2257500000000001
0.214374,0.369242,1.259658,,,0.686292
0.300486,0.87581,0.703934,,,0.450782
0.562314,0.862752,0.5738880000000001,,,0.6897920000000001
0.7786580000000001,0.892692,0.393776,,,0.374448
0.764852,1.5119420000000001,0.41002,,,0.481868
0.8936620000000001,0.621266,0.460108,,,0.622192
0.631548,0.700928,2.8829540000000002,,,0.4556
0.2605,1.822756,0.482498,,,0.8994420000000001
0.591666,0.6576839999999999,0.327786,,,0.41282
0.41204399999999997,1.2705899999999999,0.593044,,,0.885148
0.7388880000000001,0.593996,0.314866,,,0.43320600000000004
0.694046,0.428454,0.365388,,,0.436022
0.58354,0.6709539999999999,0.6893020000000001,,,0.449022
0.6812380000000001,0.29176,0.936432,,,0.41761200000000004
0.69857,0.8415220000000001,0.423628,,,1.3870280000000001
0.9500000000000001,0.389626,0.526334,,,0.261204
0.33567800000000003,0.6364400000000001,0.765404,,,0.47362400000000004
0.43104000000000003,0.839774,0.333256,,,0.489576
1.292256,0.650824,0.34656000000000003,,,0.6808500000000001
0.7532340000000001,0.32705399999999996,0.539332,,,1.990728
0.7453,0.380574,0.454476,,,0.31481400000000004
0.44911,0.347332,0.888684,,,2.031968
0.403584,1.003354,0.7293200000000001,,,1.3928
0.7536180000000001,0.42969799999999997,0.48362400000000005,,,0.736658
0.634554,0.6380480000000001,0.36433,,,0.579396
0.451774,0.40676799999999996,0.383902,,,0.397914
0.86201,0.6590560000000001,0.9275800000000001,,,0.6528700000000001
0.470426,0.487812,1.93445,,,0.35501600000000005
0.58366,0.448642,0.39661,,,0.52903
0.341976,0.313848,0.390774,,,0.67476
0.435614,1.029744,0.8534940000000001,,,0.31007799999999996
0.352324,0.358134,0.588982,,,0.22646000000000002
0.190158,0.45350599999999996,0.587718,,,2.19346
0.8593959999999999,0.430298,1.124152,,,1.2579500000000001
0.5285639999999999,0.527002,0.44714600000000004,,,0.729484
0.73001,0.49659600000000004,1.596978,,,0.522616
0.396596,0.8581219999999999,2.3163980000000004,,,0.39548000000000005
0.6548780000000001,1.043228,0.57259,,,0.53749
1.145086,0.436568,0.483922,,,0.362464
0.6741900000000001,0.384416,0.37924599999999997,,,0.398502
1.547712,0.707054,0.455214,,,0.473826
0.759368,0.751236,0.594956,,,0.5475760000000001
0.582962,1.147676,1.152056,,,0.327274
0.423136,1.493942,0.355848,,,0.470256
0.8770800000000001,0.45403,2.498084,,,0.593188
0.9369,0.289116,0.5503640000000001,,,0.780072
0.396872,0.832808,0.855974,,,1.277262
0.528302,0.553654,0.369128,,,0.645864
0.9486100000000001,0.4,1.6995920000000002,,,0.36635
0.666984,0.6542899999999999,0.38275400000000004,,,0.591406
0.552294,0.49163,0.30126400000000003,,,0.499028
0.53116,0.563038,0.482912,,,0.42012
1.3662159999999999,1.131656,0.419204,,,0.8075100000000001
0.75217,0.793556,0.38439999999999996,,,0.45484600000000003
0.622976,0.32840199999999997,0.31802600000000003,,,0.6085320000000001
0.650602,0.388128,0.34618400000000005,,,1.462228
0.37701999999999997,0.9319919999999999,0.803712,,,0.5056240000000001
0.400944,0.367614,0.5966079999999999,,,0.631826
0.274926,0.574168,0.316764,,,0.723992
1.033924,0.264038,1.245756,,,0.400524
1.050358,1.5304760000000002,0.34246800000000005,,,1.466884
0.5700000000000001,0.41788600000000004,0.385544,,,0.307668
0.40718000000000004,0.400484,0.379474,,,0.955876
0.360272,1.404992,0.351118,,,0.588956
0.9802200000000001,1.1275460000000002,0.7419020000000001,,,0.53464
0.881464,0.8849980000000001,0.46165,,,0.559446
0.81662,0.56096,0.545046,,,0.41299
0.509556,0.232938,0.43020400000000003,,,0.481418
0.321726,0.217448,0.570434,,,1.067604
0.28594400000000003,0.347638,0.427692,,,0.5745439999999999
0.569944,0.9238200000000001,0.469552,,,0.402314
0.5143260000000001,0.507326,0.545046,,,0.714996
0.522456,0.610708,0.6679320000000001,,,0.871488
0.656048,0.527276,0.5503640000000001,,,0.37608600000000003
1.0524179999999999,0.5373,0.435178,,,0.704048
1.181174,0.6380119999999999,1.148356,,,0.5432939999999999
0.755262,0.359694,1.347732,,,1.7485080000000002
0.22354400000000002,0.653654,0.791104,,,0.9821219999999999
1.012926,0.573288,0.429534,,,0.29350200000000004
0.6459,0.28792399999999996,4.26444,,,0.8832960000000001
0.569406,1.149068,0.7471340000000001,,,0.767762
0.441202,0.503352,1.419972,,,0.41183
0.43317,0.635232,1.8754680000000001,,,0.353208
0.796304,0.47954199999999997,0.683942,,,0.329248
0.470154,0.28677600000000003,0.887904,,,0.486148
0.840952,0.83939,0.433392,,,0.44439999999999996
0.444342,0.476924,0.594094,,,0.870082
0.754448,3.2060100000000005,0.526334,,,0.626052
0.941964,0.503746,1.0311880000000002,,,0.6123
0.955444,0.7949160000000001,0.34393599999999996,,,2.522876
0.79766,0.719336,0.303454,,,0.997552
0.958034,0.283478,0.83078,,,1.713692
0.33567800000000003,0.355078,0.432134,,,0.32400599999999996
1.1136400000000002,0.844294,0.459308,,,0.9952540000000001
0.8958060000000001,0.432726,0.584054,,,0.35170999999999997
0.687678,0.45299400000000006,0.44087200000000004,,,0.26484800000000003
1.237934,0.459274,0.6612380000000001,,,0.71409
0.31802600000000003,0.673712,0.832808,,,0.493514
0.40172199999999997,0.58765,0.39783999999999997,,,0.41687
0.7971140000000001,0.884002,0.779948,,,0.46178800000000003
0.39836200000000005,0.747328,0.8599160000000001,,,0.45113600000000004
0.613088,1.271592,0.963016,,,0.5277580000000001
0.45113600000000004,0.9951900000000001,0.59702,,,0.626996
1.1157059999999999,0.902726,0.8055019999999999,,,0.42727600000000004
0.494792,0.55541,0.33205399999999996,,,0.250798
0.908558,0.35821800000000004,2.841918,,,0.42445800000000006
0.860058,0.88381,0.8092100000000001,,,0.584054
0.366676,0.316056,0.301496,,,0.580444
0.496258,1.081616,0.32842000000000005,,,0.678188
0.777084,1.789374,0.255226,,,0.68398
0.511332,0.761128,0.304164,,,0.5391140000000001
0.6543920000000001,0.319406,0.31933,,,0.9133
0.8025979999999999,2.098244,0.37521800000000005,,,0.48400400000000005
0.324172,1.49682,0.494242,,,0.712834
,0.505352,0.5856720000000001,,,0.49529
,1.58119,0.366,,,0.50329
,0.361734,0.490164,,,0.494842
,2.66134,0.674534,,,1.943532
,0.561826,0.48362400000000005,,,0.8598060000000001
,0.7184880000000001,0.39440600000000003,,,0.405784
,0.97587,0.617754,,,0.576504
,0.27566,1.486242,,,0.39280000000000004
,0.528302,1.144484,,,0.430464
,0.32705399999999996,0.7229740000000001,,,0.41299
,0.383416,0.282878,,,0.8183920000000001
,0.5134400000000001,1.9392360000000002,,,0.351028
,0.564156,1.0354,,,0.243262
,0.39283999999999997,0.897688,,,0.799632
,2.085402,1.038278,,,0.449396
,0.50385,0.34176,,,0.483922
,0.413324,0.822172,,,0.486148
,1.3017239999999999,1.7676300000000003,,,1.154706
,0.48549000000000003,1.5662960000000001,,,0.364006
,0.557684,0.41373000000000004,,,0.398156
,0.7676280000000001,0.481868,,,0.452428
,0.39802,0.39719,,,0.642894
,0.42415600000000003,0.536004,,,0.925586
,0.344308,0.429292,,,0.33409
,1.5748820000000001,0.40770999999999996,,,0.418688
,2.3207240000000002,0.9410660000000001,,,0.565534
,1.116198,1.092214,,,0.566056
,0.9046040000000001,0.8369679999999999,,,0.686236
,0.520496,0.633618,,,0.629212
,0.724234,1.180666,,,0.7964840000000001
,0.617298,1.09389,,,0.49587000000000003
,0.44736200000000004,0.398558,,,0.47236
,0.741242,0.5763780000000001,,,1.2513040000000002
,0.92114,0.32296800000000003,,,0.977272
,0.48549000000000003,1.024634,,,0.465948
,0.636254,0.348528,,,0.626038
,0.31064400000000003,0.690786,,,0.528156
,0.544058,2.320634,,,0.469914
,0.34944600000000003,1.0363040000000001,,,0.8789840000000001
,0.736912,0.400484,,,0.8498479999999999
,1.0094640000000001,0.359026,,,0.881092
,0.46551400000000004,0.56056,,,0.644038
,0.468772,0.316764,,,0.487594
,0.43609600000000004,0.5969160000000001,,,0.453542
,0.546498,0.596858,,,0.47102
,0.646298,0.340352,,,2.504442
,1.18714,0.458594,,,1.441888
,1.0328,1.020526,,,4.01801
,0.57333,0.898054,,,1.824632
,0.279578,0.610364,,,0.7874840000000001
,0.38046800000000003,0.28366800000000003,,,1.044422
,0.488086,0.6750320000000001,,,0.52042
,1.027604,0.8033920000000001,,,0.262488
,0.41788600000000004,0.76116,,,0.471526
,0.550146,0.365558,,,0.825602
,0.349262,1.74628,,,1.152668
,0.887904,0.33188,,,0.518802
,0.622206,0.801172,,,0.555698
,0.407686,0.58996,,,0.457318
,0.5515359999999999,1.390776,,,0.780772
,0.342024,0.42648800000000003,,,0.386808
,0.661202,0.425456,,,0.325262
,3.190486,0.496258,,,0.376962
,1.337604,0.279428,,,0.462964
,0.504508,0.450782,,,0.577806
,0.652616,0.226142,,,0.34656000000000003
,0.544798,0.653168,,,0.38796400000000003
,0.640104,0.37226400000000004,,,0.41998
,0.619448,0.45258800000000005,,,0.7028200000000001
,0.543948,0.630862,,,0.311724
,0.900916,0.452712,,,0.508476
,0.9228339999999999,0.558856,,,0.5681200000000001
,0.461376,0.8328,,,0.543164
,0.332824,0.58597,,,1.2301300000000002
,0.300486,0.783918,,,0.31231400000000004
,0.53226,0.36635,,,0.875552
,0.79273,0.41677400000000003,,,0.530694
,0.41915199999999997,0.9354800000000001,,,0.468158
,0.372864,0.576392,,,0.352346
,0.688852,0.394548,,,0.5163139999999999
,0.345606,1.3457860000000001,,,0.43344600000000005
,0.700562,0.381602,,,0.37107999999999997
,0.41101400000000005,1.1684539999999999,,,0.697588
,0.594216,0.430464,,,0.502156
,0.471342,0.336886,,,0.390656
,0.534404,0.6172880000000001,,,1.052094
,0.663808,0.369388,,,0.547508
,0.49604000000000004,0.815372,,,2.359512
,0.33455,1.249162,,,1.7088
,0.38313,0.326436,,,0.510314
,0.79831,0.43352,,,1.294482
,0.576212,0.7195560000000001,,,1.834514
,0.727486,1.66977,,,0.475534
,0.386622,0.443554,,,0.477246
,0.53,0.820928,,,0.594256
,0.486164,0.32725,,,0.499748
,1.024206,0.590106,,,0.444342
,0.6364400000000001,0.546424,,,0.616208
,0.444342,0.587114,,,0.443212
,0.447786,0.35456400000000005,,,0.34644
,0.27321,0.4257,,,0.5658719999999999
,0.5042420000000001,0.433336,,,0.90802
,0.97864,0.425808,,,0.9710460000000001
,0.325122,0.6121340000000001,,,0.460826
,0.834536,0.9016280000000001,,,1.1226479999999999
,0.414174,1.010568,,,0.407922
,0.603616,0.59065,,,0.6055220000000001
,0.320656,4.189166,,,1.2406199999999998
,0.666528,0.944434,,,1.019038
,0.837828,1.834632,,,1.0625440000000002
,0.6446000000000001,1.8161980000000002,,,0.32296800000000003
,0.479654,1.03097,,,1.892892
,0.806772,0.8972720000000001,,,0.583562
,0.44643,0.596566,,,0.888684
,0.465296,0.381182,,,0.339488
,0.5154420000000001,0.5736060000000001,,,1.010018
,0.670672,1.21779,,,0.749424
,0.701602,0.584126,,,0.360028
,1.320484,0.776124,,,1.356178
,0.508476,0.7264740000000001,,,0.638802
,0.869024,0.752482,,,1.109234
,0.39727,0.870478,,,1.050648
,0.653768,0.900916,,,0.44038600000000006
,0.7159880000000001,1.120966,,,0.74397
,0.554216,0.6281680000000001,,,0.364006
,0.5395700000000001,1.034958,,,0.43576600000000004
,0.262976,0.581602,,,0.559318
,0.6157400000000001,0.853382,,,0.376876
,0.338378,1.075844,,,0.43964600000000004
,0.688794,5.587266,,,1.136952
,0.322274,2.7090720000000004,,,1.098886
,0.729814,0.37226400000000004,,,2.069158
,0.835534,0.425418,,,0.400784
,0.262976,0.6327999999999999,,,0.393954
,0.740896,1.1511959999999999,,,0.37899400000000005
,0.626958,0.37032400000000004,,,0.5391140000000001
,0.54531,0.35208999999999996,,,1.5263140000000002
,0.511124,0.380678,,,0.520772
,0.433668,0.28533400000000003,,,0.404772
,0.65678,0.37560000000000004,,,2.4212
,1.4974880000000002,0.600256,,,0.71648
,0.557314,0.513518,,,1.577168
,0.489506,1.463886,,,0.42843400000000004
,0.269874,0.40056400000000003,,,0.7630800000000001
,0.699442,1.5592059999999999,,,0.5419120000000001
,0.64005,0.9486100000000001,,,0.803712
,1.249896,0.396692,,,0.485572
,0.8055019999999999,1.2634960000000002,,,0.8039360000000001
,1.128512,0.526972,,,0.719688
,0.5648920000000001,0.6440159999999999,,,1.679648
,0.779728,1.0486579999999999,,,2.11206
,0.8508840000000001,1.439702,,,1.356856
,0.552406,1.17423,,,0.38181200000000004
,0.84565,0.633786,,,0.33736
,0.697882,0.427388,,,0.37702600000000003
,0.58288,0.46887599999999996,,,0.4778
,0.400964,0.390288,,,0.295602
,0.5406259999999999,0.37455,,,0.461602
,0.536004,0.44289999999999996,,,2.1651979999999997
,0.407686,0.946414,,,3.13502
,0.516644,0.525514,,,0.359026
,1.0822660000000002,0.336476,,,0.43289800000000006
,0.261602,0.445278,,,0.435394
,0.535978,0.35000000000000003,,,0.89248
,0.29331799999999997,0.43320600000000004,,,0.610406
,1.257682,0.40824,,,0.43637200000000004
,0.624746,0.308416,,,0.316764
,0.369676,0.44212599999999996,,,0.494954
,0.31508800000000003,0.48826200000000003,,,0.439168
,0.419356,0.492686,,,3.20384
,0.9918060000000001,0.4556,,,0.75801
,0.867696,1.165394,,,0.6173
,0.41687,0.38292000000000004,,,0.395904
,0.926942,0.504876,,,0.250568
,0.338,0.488786,,,3.1715839999999997
,1.089766,0.37041,,,2.003334
,0.43020400000000003,0.6528120000000001,,,0.897876
,0.318798,0.624656,,,0.629108
,0.694564,0.368332,,,0.620442
,0.6358360000000001,0.33301600000000003,,,0.35668
,0.5850299999999999,0.55501,,,0.328444
,0.656612,0.357688,,,0.45607
,0.46564,1.3997439999999999,,,0.700242
,1.003548,2.154962,,,0.352346
,0.452518,0.792146,,,0.624388
,0.563648,1.395514,,,0.752002
,0.612248,0.557136,,,0.348488
,0.52,0.359962,,,0.55167
,0.6444,0.5768500000000001,,,0.5251480000000001
,0.5356000000000001,0.465382,,,0.706012
,1.3408060000000002,0.503746,,,0.723546
,1.17449,0.352982,,,0.386808
,0.9414880000000001,0.4134,,,0.74751
,0.855814,0.548442,,,0.723616
,0.872278,0.577,,,0.875592
,0.77847,0.35913799999999996,,,0.44369400000000003
,0.31648000000000004,0.711294,,,0.333928
,0.711666,0.662988,,,1.130198
,0.6404500000000001,0.795668,,,0.921202
,0.398502,0.672952,,,0.396692
,0.382962,0.78059,,,0.344818
,0.351028,1.065692,,,0.668402
,0.418192,0.5448120000000001,,,0.49914
,1.1075899999999999,0.7351219999999999,,,0.44835800000000003
,0.6999679999999999,0.540048,,,1.08853
,0.825806,0.558856,,,1.027774
,0.548092,1.126154,,,1.0615999999999999
,0.665924,0.46599599999999997,,,0.6702980000000001
,0.996924,0.466874,,,0.54847
,0.479654,0.403094,,,1.130296
,0.556938,0.373594,,,0.729756
,0.991606,0.87314,,,0.418306
,0.8414020000000001,0.508414,,,0.5880040000000001
,0.565674,0.312876,,,1.05047
,3.01798,0.93026,,,1.2501
,0.440654,0.7806280000000001,,,0.6843300000000001
,0.649,0.390774,,,0.661274
,1.3535139999999999,0.45040800000000003,,,1.066136
,0.5381440000000001,0.40824,,,0.41305200000000003
,0.8407060000000001,0.341156,,,1.303836
,1.063308,0.918802,,,0.527246
,0.831646,1.251676,,,0.366676
,1.6490280000000002,0.958534,,,0.562896
,0.388624,0.6924880000000001,,,0.6903239999999999
,0.328494,0.35208999999999996,,,0.5947140000000001
,0.43320600000000004,0.8377519999999999,,,0.699442
,0.31435,0.5492680000000001,,,1.025266
,0.397658,0.403292,,,0.428622
,0.288534,0.39283999999999997,,,1.09249
,0.42506400000000005,0.689406,,,0.9994740000000001
,0.57872,0.41744400000000004,,,3.19318
,0.98717,0.8829400000000001,,,0.8025080000000001
,0.563252,0.44429199999999996,,,0.670358
,1.196502,0.5060640000000001,,,0.60289
,0.6814479999999999,0.306888,,,0.619268
,0.6593840000000001,0.5204500000000001,,,0.514948
,0.375282,0.488888,,,0.316082
,0.9162640000000001,0.34805200000000003,,,0.37736000000000003
,0.6644,0.320156,,,0.834326
,0.40056400000000003,0.483706,,,1.12712
,0.7549640000000001,2.575254,,,0.630862
,0.82369,1.3910360000000002,,,1.229662
,0.32842000000000005,0.414366,,,0.779788
,0.8498479999999999,0.482962,,,0.95805
,0.505078,0.410644,,,0.40770999999999996
,0.889218,0.6205839999999999,,,0.46545
,0.37764,0.31719400000000003,,,0.850562
,1.4977660000000002,0.405704,,,0.6917580000000001
,,0.503592,,,0.893722
,,0.960836,,,1.03472
,,0.6132920000000001,,,0.593488
,,0.38339999999999996,,,0.364006
,,0.48362400000000005,,,0.6698200000000001
,,1.040664,,,0.606132
,,0.938136,,,0.456214
,,1.4285160000000001,,,0.289614
,,0.569944,,,0.457476
,,0.8770800000000001,,,0.9567140000000001
,,0.803326,,,0.475714
,,0.506806,,,0.3708
,,1.220468,,,0.757598
,,0.691252,,,0.659242
,,0.524106,,,0.968944
,,0.566646,,,1.0164980000000001
,,0.58597,,,0.678188
,,0.333418,,,0.49697
,,0.347246,,,0.6552100000000001
,,0.47307,,,1.8146600000000002
,,0.38201999999999997,,,0.478196
,,0.454876,,,1.35413
,,0.425906,,,0.31064400000000003
,,0.493352,,,0.680978
,,0.5764199999999999,,,0.34805200000000003
,,0.41083800000000004,,,0.505066
,,0.61765,,,0.344052
,,0.386,,,0.456864
,,1.372072,,,0.832346
,,0.958932,,,2.238614
,,0.787576,,,0.776342
,,0.384214,,,0.505384
,,0.365388,,,0.44021800000000005
,,2.460322,,,0.793204
,,0.481332,,,0.404816
,,0.372156,,,0.6621180000000001
,,0.406708,,,0.33043
,,0.554822,,,0.881638
,,0.311802,,,3.226738
,,0.7723220000000001,,,0.365978
,,0.554984,,,2.2148380000000003
,,0.571108,,,0.530648
,,0.633204,,,0.42432600000000004
,,0.581202,,,0.44362599999999996
,,0.82268,,,0.49294600000000005
,,0.49143400000000004,,,0.9367540000000001
,,0.38848000000000005,,,0.42410000000000003
,,0.57287,,,0.272418
,,0.502144,,,0.315296
,,0.467234,,,0.6290119999999999
,,0.348144,,,0.560802
,,0.55,,,0.507326
,,0.762186,,,0.367722
,,0.51225,,,0.884002
,,0.386622,,,1.38055
,,0.393024,,,0.261726
,,0.922224,,,0.371296
,,0.416428,,,0.40162200000000003
,,0.466428,,,0.43169
,,1.1776600000000002,,,0.39548000000000005
,,0.60362,,,1.122712
,,0.724024,,,0.578936
,,0.688434,,,0.221142
,,0.541602,,,1.051738
,,0.290414,,,0.5110020000000001
,,0.508802,,,0.433964
,,0.49587000000000003,,,0.554794
,,0.36571600000000004,,,1.01553
,,0.437104,,,0.71742
,,0.342024,,,0.42088000000000003
,,0.25299,,,0.553884
,,0.7020000000000001,,,0.35668
,,0.534134,,,0.262976
,,0.42977600000000005,,,1.888306
,,0.425906,,,0.804548
,,0.564836,,,0.37979399999999996
,,0.75319,,,0.384832
,,0.529694,,,0.347844
,,0.34805200000000003,,,0.70859
,,0.30681,,,0.311416
,,0.888218,,,0.28352
,,0.478272,,,0.31764800000000004
,,0.434626,,,0.48923200000000006
,,1.515214,,,0.71382
,,1.043886,,,3.093394
,,0.42568,,,0.614118
,,2.667122,,,0.261564
,,0.62758,,,0.49294600000000005
,,1.9628640000000002,,,1.128832
,,1.340748,,,0.302318
,,0.647734,,,0.580262
,,0.6645080000000001,,,0.29958
,,0.805096,,,0.27513600000000005
,,0.325262,,,0.840098
,,0.375046,,,0.636568
,,0.5670879999999999,,,1.4684100000000002
,,1.548366,,,0.457424
,,0.408626,,,1.0511279999999998
,,0.49793200000000004,,,1.5172400000000001
,,0.42132200000000003,,,0.7049120000000001
,,0.57308,,,0.28352
,,0.34242,,,1.5280740000000002
,,0.529744,,,1.9841820000000001
,,0.5937279999999999,,,1.047542
,,0.584054,,,0.582684
,,0.6997140000000001,,,0.420438
,,1.404314,,,0.37941600000000003
,,0.49555200000000005,,,0.336886
,,0.370842,,,0.577958
,,0.626856,,,0.35668
,,0.26437,,,0.29487
,,0.9561580000000001,,,0.41615800000000003
,,0.428042,,,1.109646
,,0.34176,,,0.609842
,,0.398924,,,0.681624
,,0.616496,,,0.85184
,,1.355322,,,0.389178
,,0.614312,,,0.398924
,,0.30524,,,0.407922
,,0.475534,,,0.26205399999999995
,,0.557384,,,0.697882
,,0.333034,,,0.48665800000000004
,,1.0735460000000001,,,0.8708239999999999
,,0.577,,,0.28652999999999995
,,1.101412,,,0.33650599999999997
,,0.385544,,,0.607832
,,1.651608,,,2.2093800000000003
,,0.969322,,,0.38946600000000003
,,1.592136,,,0.681176
,,1.243866,,,0.499152
,,0.6321559999999999,,,0.887434
,,1.0642280000000002,,,0.311416
,,0.421678,,,1.43834
,,0.701236,,,0.8967140000000001
,,0.676618,,,1.399442
,,0.961784,,,0.47416800000000003
,,0.218504,,,0.536824
,,1.244548,,,1.482814
,,1.22626,,,0.531372
,,0.713238,,,0.853904
,,0.597638,,,0.32840199999999997
,,0.496198,,,0.516732
,,0.455442,,,0.269258
,,0.376876,,,0.888144
,,0.367222,,,0.46564
,,0.404718,,,0.39548000000000005
,,0.34913600000000006,,,2.130076
,,0.47632,,,0.539332
,,0.605392,,,0.496774
,,0.395904,,,0.33581
,,0.743304,,,0.448714
,,0.784652,,,0.428378
,,0.698722,,,0.744386
,,2.318866,,,1.238524
,,0.92279,,,0.37608600000000003
,,0.481418,,,1.472912
,,0.31923,,,0.602288
,,0.386082,,,0.46113400000000004
,,0.411752,,,0.509356
,,0.343628,,,0.4328
,,0.6576839999999999,,,0.539332
,,1.239382,,,0.8105140000000001
,,0.410644,,,0.61324
,,0.565534,,,0.30909600000000004
,,0.45384199999999997,,,0.55171
,,0.481664,,,0.43705
,,0.353638,,,0.412688
,,0.333034,,,0.309742
,,0.349954,,,1.214322
,,0.47781599999999996,,,0.557136
,,0.27768400000000004,,,0.5060640000000001
,,0.381748,,,0.7839
,,0.474692,,,0.9261119999999999
,,0.25741,,,0.749954
,,0.48087,,,1.270616
,,1.205636,,,0.470846
,,0.36142399999999997,,,0.26650999999999997
,,0.742496,,,0.850508
,,0.472344,,,0.518556
,,0.442944,,,0.620454
,,0.86201,,,0.746536
,,1.646762,,,0.36707
,,0.699806,,,0.46539800000000003
,,0.7952380000000001,,,0.9419160000000001
,,0.820686,,,1.048094
,,1.013192,,,0.685242
,,0.957682,,,1.80421
,,0.452712,,,1.110042
,,1.61974,,,0.6508120000000001
,,0.502538,,,1.8867200000000002
,,0.960134,,,0.49200400000000005
,,0.38616000000000006,,,2.730706
,,0.545736,,,1.5560360000000002
,,0.77761,,,1.565576
,,0.21246199999999998,,,0.536004
,,0.30061200000000005,,,0.568168
,,0.316056,,,0.547884
,,0.7102820000000001,,,0.388624
,,0.580706,,,0.700582
,,0.9578180000000001,,,0.698962
,,0.39719,,,1.295212
,,0.356454,,,1.846936
,,0.5277459999999999,,,0.5546920000000001
,,1.227512,,,0.385502
,,1.18281,,,0.903072
,,1.317694,,,0.265932
,,0.631838,,,0.845044
,,0.43829199999999996,,,0.6893020000000001
,,0.300752,,,1.5188
,,0.663098,,,0.506596
,,1.568694,,,0.92049
,,0.6850539999999999,,,0.41951
,,0.774184,,,1.150166
,,0.842478,,,0.423628
,,1.032404,,,0.27818000000000004
,,0.49735199999999996,,,0.557136
,,0.65362,,,0.967952
,,0.41733,,,0.430464
,,0.8960359999999999,,,0.6834880000000001
,,0.509116,,,0.754106
,,0.56096,,,0.585276
,,0.726592,,,1.124186
,,0.675352,,,1.0322339999999999
,,0.514606,,,0.33892200000000006
,,0.348006,,,0.5970599999999999
,,1.02874,,,0.295222
,,0.502156,,,0.312774
,,0.726372,,,0.31802600000000003
,,0.58366,,,0.31321
,,0.7616820000000001,,,0.602876
,,1.117428,,,0.43133800000000005
,,0.5564779999999999,,,2.744176
,,0.450834,,,0.521648
,,0.553624,,,0.34944600000000003
,,0.6031380000000001,,,0.370842
,,0.620966,,,0.413806
,,1.3646040000000002,,,0.584054
,,1.3539860000000001,,,0.5997340000000001
,,0.95921,,,0.869622
,,0.384666,,,0.651496
,,0.5918819999999999,,,0.664064
,,0.540592,,,0.31810000000000005
,,1.8937220000000001,,,1.0072240000000001
,,0.568168,,,0.8291900000000001
,,0.5700879999999999,,,0.77666
,,0.469046,,,0.466806
,,1.171858,,,0.7121799999999999
,,1.216658,,,0.45508600000000005
,,0.76101,,,0.50592
,,1.0848060000000002,,,0.6807519999999999
,,0.5423239999999999,,,1.2218040000000001
,,0.542014,,,0.63864
,,0.95698,,,0.523086
,,0.522946,,,0.334216
,,0.52,,,0.60742
,,0.551394,,,0.579544
,,0.422588,,,0.471902
,,0.81506,,,0.5494439999999999
,,0.39320800000000006,,,2.0922959999999997
,,0.53235,,,0.593942
,,0.905664,,,0.37032400000000004
,,0.887434,,,0.280322
,,1.667094,,,0.35170999999999997
,,1.830256,,,0.44996400000000003
,,1.011834,,,0.64498
,,0.731314,,,0.367614
,,1.35278,,,0.48032
,,1.4992660000000002,,,0.484086
,,0.45734800000000003,,,0.855214
,,0.563646,,,0.446878
,,0.42339600000000005,,,0.782164
,,0.922138,,,0.349262
,,0.8438,,,0.427388
,,0.49944400000000005,,,1.962936
,,0.789698,,,0.383416
,,0.932748,,,0.494954
,,0.489506,,,0.4156
,,0.4134,,,0.8277580000000001
,,0.31458600000000003,,,0.718602
,,0.7018200000000001,,,0.290414
,,0.584658,,,0.33717
,,1.316944,,,0.43212
,,0.638648,,,0.75493
,,0.737564,,,0.365558
,,1.1080820000000002,,,0.46880200000000005
,,0.9267000000000001,,,0.9610259999999999
,,0.47168200000000005,,,0.6914020000000001
,,0.891202,,,0.320656
,,1.3414400000000002,,,0.345392
,,1.632432,,,0.601296
,,2.621622,,,1.586076
,,1.026718,,,1.299884
,,0.6772680000000001,,,0.476642
,,0.42520600000000003,,,0.53352
,,1.285216,,,0.771298
,,0.434608,,,1.405134
,,1.533422,,,0.6445620000000001
,,0.600936,,,0.44843200000000005
,,0.765404,,,0.645182
,,1.283876,,,0.5166240000000001
,,0.794944,,,0.394082
,,0.304322,,,0.336886
,,2.1295300000000004,,,0.37836000000000003
,,3.091006,,,0.281886
,,0.7076720000000001,,,0.84617
,,0.784634,,,0.388046
,,0.744386,,,0.39418200000000003
,,0.572712,,,0.396308
,,0.33650599999999997,,,0.402198
,,0.6685420000000001,,,1.0585060000000002
,,1.155402,,,0.84565
,,0.4629,,,0.360854
,,1.018724,,,0.8211459999999999
,,2.40827,,,1.769386
,,0.567102,,,0.523266
,,0.346208,,,0.250894
,,0.602132,,,0.33736
,,2.450444,,,0.42562400000000006
,,0.40784800000000004,,,0.6300119999999999
,,0.505384,,,0.71928
,,0.728044,,,0.51255
,,0.521168,,,0.322274
,,0.43584,,,0.57472
,,0.56056,,,0.315296
,,6.280536000000001,,,0.326534
,,0.829598,,,2.473942
,,0.515756,,,0.397658
,,0.634958,,,0.710924
,,1.613176,,,0.419142
,,0.43473200000000006,,,0.595238
,,0.97682,,,0.4844
,,0.35542,,,0.40335000000000004
,,0.564698,,,0.327274
,,0.7571319999999999,,,0.32840199999999997
,,0.405784,,,0.49526200000000004
,,1.8409220000000002,,,0.353554
,,0.513206,,,0.29665400000000003
,,0.43576600000000004,,,0.847634
,,1.429114,,,0.41299
,,3.205646,,,1.3824960000000002
,,1.546962,,,0.32803
,,0.584086,,,0.323512
,,0.36499400000000004,,,0.41373000000000004
,,0.490832,,,0.342812
,,0.41002,,,1.226418
,,0.6815420000000001,,,0.545046
,,0.372864,,,0.885512
,,0.450782,,,1.100678
,,0.632456,,,1.2052159999999998
,,0.37560000000000004,,,0.416926
,,0.635072,,,0.561616
,,0.441276,,,0.316764
,,1.1059700000000001,,,1.179988
,,1.139918,,,0.490306
,,1.175212,,,0.37013
,,0.330412,,,0.393396
,,0.778956,,,0.407686
,,0.813092,,,0.721468
,,0.428378,,,1.5910060000000001
,,4.121498,,,1.040478
,,0.4778,,,0.550726
,,0.590592,,,1.116546
,,0.752768,,,1.1985139999999999
,,0.67338,,,0.494772
,,0.413864,,,0.630326
,,0.56016,,,0.32363600000000003
,,1.4417980000000001,,,0.447666
,,0.58597,,,0.398984
,,0.544058,,,0.438858
,,0.356724,,,0.87829
,,0.696944,,,0.390334
,,0.459426,,,0.274612
,,0.864788,,,0.6501100000000001
,,0.397658,,,0.529396
,,0.541498,,,0.7569020000000001
,,0.505384,,,0.5011340000000001
,,0.9024420000000001,,,0.957664
,,0.6753640000000001,,,0.40029000000000003
,,1.20885,,,0.665924
,,1.00128,,,0.385564
,,0.46351600000000004,,,0.47732600000000003
,,1.395068,,,0.530408
,,0.8046300000000001,,,0.819914
,,0.758538,,,0.569228
,,0.462018,,,0.465948
,,0.332296,,,1.849884
,,0.341976,,,0.406078
,,0.501202,,,0.370842
,,0.422018,,,0.347702
,,1.77437,,,0.29022800000000004
,,0.6128,,,0.557136
,,0.54971,,,0.6446000000000001
,,0.401104,,,0.7005520000000001
,,0.504876,,,0.537062
,,0.6046760000000001,,,0.6180220000000001
,,0.570474,,,0.41744400000000004
,,0.5134400000000001,,,1.991792
,,0.790122,,,0.962134
,,1.19347,,,0.906122
,,0.680778,,,0.404638
,,0.985592,,,0.7551760000000001
,,0.814312,,,0.8531380000000001
,,0.730942,,,0.62734
,,0.452124,,,0.311416
,,0.6268819999999999,,,0.295602
,,0.874742,,,0.553654
,,1.334942,,,0.675804
,,1.3492819999999999,,,0.51241
,,0.64498,,,0.6621
,,0.578716,,,0.37041
,,1.12729,,,0.393954
,,0.6281680000000001,,,0.338
,,1.055986,,,0.281368
,,0.652616,,,0.41305200000000003
,,0.582468,,,3.00748
,,0.5056240000000001,,,1.176926
,,0.566646,,,0.489248
,,1.1592,,,0.432134
,,1.6069559999999998,,,0.645864
,,2.962734,,,0.6792140000000001
,,0.37626,,,0.701076
,,0.822516,,,0.45997000000000005
,,1.25135,,,0.678684
,,0.53077,,,1.177816
,,0.44499400000000006,,,1.048214
,,0.441276,,,0.378866
,,1.154666,,,0.9413279999999999
,,0.5528,,,0.49653600000000003
,,0.6785700000000001,,,0.27130000000000004
,,0.572712,,,0.742794
,,0.510078,,,0.427818
,,0.476424,,,0.46761
,,0.8551420000000001,,,1.040094
,,0.235194,,,0.33736
,,0.612486,,,0.7026720000000001
,,0.541084,,,1.4178920000000002
,,0.35281799999999996,,,0.735208
,,0.7388640000000001,,,1.072646
,,1.60068,,,0.482534
,,0.429292,,,2.3542460000000003
,,0.426806,,,0.67972
,,0.458786,,,0.746032
,,0.506806,,,0.6144940000000001
,,1.957448,,,0.537568
,,1.380616,,,0.471526
,,1.135916,,,0.43007
,,0.33650599999999997,,,0.767472
,,0.6612380000000001,,,0.481664
,,0.31400599999999995,,,0.54465
,,0.51729,,,0.29415600000000003
,,0.5714020000000001,,,0.958802
,,1.3034100000000002,,,0.7139
,,2.151484,,,0.419604
,,1.970386,,,0.5987720000000001
,,0.7954500000000001,,,2.14805
,,0.8536440000000001,,,0.541938
,,0.6709539999999999,,,0.45318400000000003
,,1.5552000000000001,,,0.753406
,,0.9436599999999999,,,0.510392
,,0.702012,,,0.69552
,,0.655894,,,1.109646
,,0.42821,,,0.47694400000000003
,,0.5600580000000001,,,0.6159260000000001
,,0.38616000000000006,,,0.393954
,,0.37736000000000003,,,0.47801600000000005
,,0.57287,,,0.664654
,,0.47356000000000004,,,1.230968
,,0.400344,,,0.7407380000000001
,,0.6799080000000001,,,0.37226400000000004
,,0.5391140000000001,,,0.665924
,,0.45827999999999997,,,0.544764
,,0.413304,,,1.6660139999999999
,,1.486242,,,1.013572
,,2.006204,,,0.544058
,,0.58641,,,0.283746
,,0.884924,,,0.8754299999999999
,,2.507728,,,1.00164
,,0.761128,,,0.754088
,,4.241932,,,0.5693680000000001
,,0.33308800000000005,,,0.367614
,,3.36261,,,0.383416
,,0.419142,,,0.65959
,,0.469234,,,0.380552
,,0.35913799999999996,,,0.82992
,,0.400604,,,0.853904
,,0.721998,,,0.331494
,,0.573136,,,1.431248
,,0.346808,,,1.00137
,,0.610406,,,1.1461400000000002
,,0.33222199999999996,,,0.294598
,,0.665832,,,0.97728
,,1.4573180000000001,,,0.515248
,,0.723306,,,0.49555200000000005
,,0.89873,,,1.48974
,,0.803602,,,0.41577
,,0.474372,,,0.39468400000000003
,,0.311416,,,1.274402
,,0.618954,,,2.040398
,,0.61875,,,0.471342
,,0.389486,,,0.764158
,,0.846982,,,1.917932
,,0.577044,,,1.2277580000000001
,,0.639014,,,0.47917000000000004
,,0.559288,,,1.2346880000000002
,,1.049916,,,1.8097919999999998
,,1.140738,,,0.562086
,,0.39,,,0.771298
,,0.8166660000000001,,,0.62712
,,1.52482,,,0.378376
,,2.230842,,,0.8338479999999999
,,0.501714,,,0.510392
,,0.773058,,,0.425456
,,0.550146,,,0.39727
,,0.501474,,,0.28792399999999996
,,0.528972,,,0.56508
,,1.005762,,,0.869908
,,1.3378800000000002,,,0.41002
,,0.817024,,,0.561616
,,0.70859,,,0.713572
,,0.582,,,0.535824
,,0.32439999999999997,,,0.6637580000000001
,,0.615028,,,0.7264160000000001
,,0.500688,,,0.6334160000000001
,,0.52903,,,0.372864
,,1.236512,,,0.38187400000000005
,,0.8266380000000001,,,0.447572
,,0.434166,,,0.28533400000000003
,,0.5391140000000001,,,0.6215499999999999
,,0.511124,,,0.75298
,,1.119828,,,0.450516
,,0.7923239999999999,,,0.402198
,,0.678,,,0.372506
,,0.956058,,,0.386808
,,0.7679199999999999,,,0.75113
,,1.1720519999999999,,,0.9518920000000001
,,0.5180159999999999,,,0.465296
,,0.962956,,,0.44439999999999996
,,0.41194600000000003,,,0.486806
,,0.85514,,,0.59065
,,0.360628,,,0.5966079999999999
,,0.715882,,,0.353208
,,0.35027400000000003,,,1.00851
,,2.142126,,,0.626128
,,0.86092,,,0.62758
,,0.62381,,,0.31241
,,1.852182,,,0.619448
,,2.191256,,,0.5312619999999999
,,0.586788,,,0.368896
,,0.936432,,,2.397396
,,0.731858,,,0.43303600000000003
,,0.5366559999999999,,,0.777918
,,0.76973,,,0.655978
,,0.676088,,,1.76791
,,1.004586,,,0.37560000000000004
,,1.053932,,,0.971616
,,0.576212,,,0.511754
,,0.6476540000000001,,,0.465928
,,0.7543920000000001,,,0.43117
,,1.156126,,,0.35057
,,0.530694,,,0.525848
,,0.361668,,,0.592324
,,0.21770599999999998,,,0.61717
,,0.541794,,,0.755068
,,0.724234,,,0.673074
,,0.928448,,,0.68188
,,3.88972,,,0.748848
,,0.778626,,,0.366
,,0.507326,,,0.44835800000000003
,,0.729078,,,0.38463
,,0.766316,,,0.455952
,,1.28684,,,0.840876
,,1.120572,,,0.4
,,0.585098,,,0.423628
,,2.169004,,,0.559372
,,0.31862799999999997,,,0.337236
,,0.922138,,,0.39477
,,2.821876,,,0.657866
,,0.607632,,,0.4728
,,0.387732,,,0.403886
,,0.399224,,,0.35318
,,0.330316,,,0.514308
,,1.40358,,,0.43081400000000003
,,0.7489220000000001,,,0.33467
,,0.36221600000000004,,,0.497116
,,0.59065,,,1.2044000000000001
,,0.5736060000000001,,,0.394792
,,1.016976,,,0.375046
,,1.05,,,0.30398000000000003
,,0.71354,,,0.26645
,,0.666652,,,0.367984
,,0.596232,,,0.486148
,,0.660522,,,0.9415420000000001
,,0.6814479999999999,,,0.59065
,,1.850894,,,0.842086
,,0.42849000000000004,,,0.545234
,,0.8248759999999999,,,0.388128
,,0.71481,,,0.475534
,,1.102288,,,0.6279640000000001
,,0.731168,,,0.589226
,,0.717418,,,0.33017
,,0.800122,,,0.431856
,,0.8811100000000001,,,0.28677600000000003
,,1.8794980000000001,,,0.379542
,,0.661892,,,0.49555200000000005
,,0.36339,,,0.688316
,,0.48904800000000004,,,0.455442
,,0.48789,,,0.51125
,,1.191538,,,0.380678
,,0.828648,,,0.367222
,,0.512754,,,0.645232
,,0.603804,,,0.302952
,,0.711562,,,0.28366800000000003
,,0.742794,,,1.645042
,,0.438858,,,0.66642
,,0.87314,,,3.271748
,,0.7262540000000001,,,0.325748
,,0.6672480000000001,,,0.527412
,,0.979684,,,0.385544
,,2.712094,,,1.334054
,,0.7935800000000001,,,1.243134
,,0.29869,,,0.43148200000000003
,,0.638226,,,0.73339
,,0.9104840000000001,,,0.47954199999999997
,,0.39283999999999997,,,0.439222
,,0.734894,,,0.365388
,,0.535616,,,1.443906
,,0.45751600000000003,,,0.450516
,,0.89255,,,0.5011340000000001
,,0.978572,,,0.525178
,,0.771298,,,1.9554340000000001
,,0.39320800000000006,,,0.296708
,,0.763622,,,0.30620200000000003
,,0.351028,,,0.47445600000000004
,,0.620966,,,1.121972
,,1.0028460000000001,,,0.35183
,,0.41521600000000003,,,0.50241
,,0.38643400000000006,,,0.634492
,,0.514058,,,0.680778
,,0.902924,,,0.390656
,,0.59788,,,0.5763780000000001
,,0.29899200000000004,,,0.550408
,,0.5241140000000001,,,1.025088
,,0.446268,,,1.09856
,,0.891078,,,1.139012
,,0.41761200000000004,,,0.89407
,,0.340148,,,0.41204399999999997
,,0.797558,,,0.3397
,,1.129814,,,0.938616
,,2.557868,,,0.507326
,,0.87148,,,1.513134
,,3.244708,,,0.849294
,,0.30953600000000003,,,0.494842
,,0.314866,,,0.7056
,,0.6446000000000001,,,1.1689800000000001
,,0.720646,,,1.3788399999999998
,,0.8626860000000001,,,0.452428
,,0.75493,,,0.757082
,,1.123396,,,0.7194020000000001
,,0.310832,,,0.481252
,,0.37,,,0.5364059999999999
,,0.32890800000000003,,,0.9928
,,0.6511319999999999,,,1.109666
,,0.645368,,,0.47373000000000004
,,0.458594,,,0.494772
,,2.33206,,,0.424948
,,0.375282,,,0.574776
,,1.246386,,,0.705978
,,0.404718,,,0.5528
,,0.570474,,,0.43289800000000006
,,1.1506120000000002,,,0.501474
,,0.522246,,,0.886882
,,0.646944,,,0.3885
,,0.44843200000000005,,,0.718576
,,0.54365,,,0.6492340000000001
,,0.497132,,,0.8363740000000001
,,0.39661,,,0.419604
,,0.539574,,,0.5534800000000001
,,0.7119800000000001,,,0.456864
,,0.661614,,,1.769308
,,0.606418,,,0.4134
,,1.784386,,,0.29424400000000006
,,1.0276500000000002,,,0.430464
,,2.5470300000000003,,,0.491202
,,0.540092,,,0.41733
,,0.537568,,,0.282708
,,0.42821,,,0.677784
,,0.380316,,,0.6632319999999999
,,0.348488,,,0.5244
,,0.5244,,,0.398558
,,0.8952519999999999,,,0.5928
,,0.929226,,,0.6364299999999999
,,0.418708,,,0.765664
,,0.44646600000000003,,,1.060048
,,0.806486,,,0.433848
,,0.544058,,,0.962134
,,0.858942,,,0.386622
,,0.958532,,,0.380316
,,0.41274200000000005,,,0.268924
,,0.5695760000000001,,,0.474994
,,0.871488,,,0.430464
,,0.287088,,,0.45
,,0.5928,,,0.35172800000000004
,,0.619268,,,2.3736819999999996
,,0.776124,,,0.55154
,,0.6897920000000001,,,0.49163
,,0.37608600000000003,,,0.454158
,,0.463794,,,0.41538400000000003
,,2.321006,,,0.822254
,,0.9270700000000001,,,1.2468720000000002
,,1.1961,,,0.384166
,,0.302318,,,0.94278
,,0.375366,,,0.601492
,,0.682562,,,0.37979399999999996
,,0.364774,,,0.39661
,,0.577294,,,0.382962
,,0.7237680000000001,,,0.29689800000000005
,,0.518664,,,0.321726
,,0.46037,,,0.44348200000000004
,,0.626804,,,0.650824
,,0.832868,,,0.501006
,,0.35327600000000003,,,0.761128
,,0.42360800000000004,,,1.623966
,,0.637298,,,2.114938
,,0.42107,,,0.474522
,,1.233098,,,0.44058200000000003
,,0.931648,,,0.438858
,,0.39517,,,0.9005
,,0.361774,,,1.470462
,,0.5994160000000001,,,0.41194600000000003
,,0.545996,,,0.33522
,,0.8694640000000001,,,1.422264
,,1.3249980000000001,,,1.132828
,,1.430744,,,1.3965180000000001
,,0.868132,,,0.36239800000000005
,,1.166272,,,0.4482
,,0.28364,,,0.56123
,,0.57171,,,0.302186
,,0.699034,,,0.422018
,,0.8055019999999999,,,0.28366800000000003
,,0.536004,,,0.507594
,,0.754066,,,0.30511
,,0.844732,,,0.27014800000000005
,,0.954562,,,0.568168
,,1.045312,,,0.445784
,,0.401104,,,0.420438
,,0.9528500000000001,,,0.465296
,,0.9242,,,0.655734
,,0.578218,,,0.43705
,,0.514576,,,0.622592
,,1.0838219999999998,,,0.43156
,,0.559804,,,0.331494
,,0.518664,,,0.830434
,,0.8604120000000001,,,0.449396
,,0.439344,,,1.44222
,,0.432666,,,0.761514
,,0.5438120000000001,,,0.36286
,,0.49735199999999996,,,1.358636
,,0.494772,,,0.401756
,,0.360628,,,0.49294600000000005
,,0.300832,,,0.43705
,,0.232938,,,0.434608
,,0.52376,,,0.39477
,,1.322454,,,0.5872419999999999
,,0.72443,,,0.323512
,,0.5252380000000001,,,0.595718
,,0.645158,,,0.45407000000000003
,,1.31903,,,0.631548
,,0.570856,,,0.43007
,,1.28125,,,0.9106860000000001
,,0.731062,,,0.45140199999999997
,,1.1504320000000001,,,0.964376
,,0.37226400000000004,,,0.8996000000000001
,,0.32129800000000003,,,0.42360800000000004
,,0.740932,,,0.977722
,,0.556172,,,0.537226
,,1.173224,,,0.419204
,,1.63027,,,1.654812
,,0.558354,,,1.13956
,,0.522456,,,1.07403
,,0.36248,,,0.37
,,0.28999400000000003,,,0.29976600000000003
,,1.15452,,,0.26832799999999996
,,0.48400400000000005,,,0.962418
,,0.46045600000000003,,,2.3596179999999998
,,0.314102,,,1.4835319999999999
,,0.368332,,,1.120088
,,0.411752,,,0.348832
,,0.634808,,,0.590338
,,0.491468,,,0.48982
,,0.29350200000000004,,,0.259082
,,1.662004,,,0.389974
,,0.404718,,,0.625348
,,0.39108600000000004,,,0.514514
,,0.733742,,,0.905046
,,1.128966,,,0.374854
,,1.242728,,,0.599216
,,0.992542,,,0.6783300000000001
,,1.265164,,,0.333952
,,0.361668,,,0.458158
,,0.29533,,,0.34539800000000004
,,0.868712,,,1.032886
,,0.8089120000000001,,,0.346208
,,0.66534,,,0.479654
,,1.157488,,,1.148712
,,1.01704,,,0.387164
,,0.9166900000000001,,,0.33736
,,0.5995739999999999,,,0.54537
,,1.17252,,,0.368136
,,0.77528,,,0.37924599999999997
,,0.598414,,,4.00328
,,0.47168200000000005,,,0.7264160000000001
,,1.088118,,,0.47634
,,0.845302,,,0.3528
,,0.561016,,,0.37838
,,1.7265920000000001,,,0.42271600000000004
,,0.837558,,,0.380316
,,0.247952,,,1.00077
,,0.54531,,,0.674534
,,1.052268,,,0.651548
,,1.3937940000000002,,,0.47057400000000005
,,0.64746,,,0.654464
,,0.420462,,,1.698282
,,1.6274359999999999,,,0.248846
,,1.122114,,,0.565378
,,0.691378,,,0.90592
,,0.42643200000000003,,,0.585348
,,0.743422,,,0.35170999999999997
,,0.6412640000000001,,,0.223006
,,0.473566,,,0.327274
,,0.548408,,,0.367614
,,0.611702,,,0.959766
,,0.370842,,,0.711294
,,0.6612380000000001,,,1.096934
,,0.6881860000000001,,,0.667308
,,0.823924,,,0.355848
,,0.9347340000000001,,,0.520984
,,0.6796380000000001,,,0.368332
,,1.1682460000000001,,,0.49
,,0.569228,,,0.483628
,,0.49176,,,0.590624
,,0.468158,,,0.575252
,,0.41521600000000003,,,0.476138
,,0.38339999999999996,,,0.34519
,,1.048246,,,0.49176
,,0.481918,,,0.5726180000000001
,,0.571836,,,1.454372
,,0.62394,,,0.361248
,,0.5377759999999999,,,0.38796400000000003
,,0.42643200000000003,,,0.7732960000000001
,,1.5233640000000002,,,0.8828320000000001
,,1.4109280000000002,,,0.785876
,,1.199668,,,0.326828
,,0.8772340000000001,,,0.427182
,,1.5341820000000002,,,0.373614
,,0.544058,,,0.300486
,,0.506426,,,0.797098
,,0.706586,,,0.624718
,,0.944596,,,1.4475360000000002
,,0.392326,,,0.37497800000000003
,,0.5492859999999999,,,0.5041
,,0.462156,,,0.27268200000000004
,,0.87148,,,0.435012
,,0.243022,,,1.901214
,,0.9586760000000001,,,0.6046760000000001
,,0.374818,,,0.905302
,,1.018756,,,0.39280000000000004
,,0.28806200000000004,,,0.334216
,,0.734828,,,0.369524
,,0.48352,,,0.7281900000000001
,,0.6057400000000001,,,0.64622
,,1.685136,,,1.949958
,,0.598534,,,0.6447480000000001
,,0.33717,,,0.480666
,,0.33892200000000006,,,1.347924
,,0.909762,,,0.718246
,,0.819524,,,0.6625080000000001
,,1.10041,,,0.356118
,,0.659154,,,0.33984800000000004
,,0.675468,,,0.8369679999999999
,,0.772366,,,0.6300119999999999
,,0.343628,,,0.390512
,,0.29233600000000004,,,0.590474
,,2.223102,,,0.316764
,,0.59804,,,0.27200799999999997
,,0.381602,,,0.30398000000000003
,,0.748726,,,0.44087200000000004
,,0.687166,,,0.578218
,,3.0454380000000003,,,0.348006
,,0.7843300000000001,,,0.8317720000000001
,,1.4063080000000001,,,0.41951
,,0.850658,,,0.49735199999999996
,,0.503924,,,2.1801880000000002
,,0.8725700000000001,,,0.544242
,,0.578014,,,0.21540600000000001
,,0.5468500000000001,,,0.24130400000000002
,,0.852554,,,0.47634
,,0.9228160000000001,,,0.893068
,,0.32267,,,0.719124
,,0.307616,,,0.46648
,,0.392326,,,0.29533
,,0.44481400000000004,,,0.625486
,,1.681744,,,0.263492
,,0.5249600000000001,,,0.346594
,,0.322094,,,0.22857
,,0.464836,,,0.36499400000000004
,,1.319572,,,2.0521640000000003
,,1.27532,,,0.6135539999999999
,,0.532184,,,1.297974
,,0.9221760000000001,,,0.4728
,,0.824624,,,0.269704
,,0.639578,,,0.699034
,,0.661892,,,1.246488
,,0.665376,,,0.43965800000000005
,,0.483922,,,0.33717
,,0.933574,,,0.927218
,,0.723812,,,0.447666
,,1.009142,,,0.320156
,,0.5425599999999999,,,0.26500599999999996
,,1.116136,,,0.5828920000000001
,,0.716204,,,0.441438
,,1.20606,,,0.932406
,,0.745668,,,0.5710900000000001
,,0.6364400000000001,,,0.2597
,,0.615376,,,0.5891860000000001
,,0.42415600000000003,,,0.707506
,,1.0804760000000002,,,0.702502
,,0.40406400000000003,,,0.34012400000000004
,,1.00287,,,0.30398000000000003
,,0.364006,,,1.5897780000000001
,,0.6422000000000001,,,1.14683
,,0.567102,,,0.6900000000000001
,,0.7311580000000001,,,1.1304960000000002
,,0.508932,,,2.1712
,,0.571234,,,0.343354
,,0.301602,,,0.5730620000000001
,,1.008732,,,0.614336
,,0.5816979999999999,,,2.511562
,,0.27014800000000005,,,0.422018
,,1.228386,,,0.30634
,,1.341378,,,0.625486
,,1.167748,,,0.352414
,,0.41704199999999997,,,0.3356
,,0.8123579999999999,,,1.83871
,,1.911926,,,0.344052
,,0.9261119999999999,,,0.346208
,,0.6705220000000001,,,0.573082
,,1.733502,,,1.0437560000000001
,,0.489506,,,1.1830019999999999
,,0.6636920000000001,,,0.696566
,,0.701532,,,
,,1.368654,,,
,,1.06449,,,
,,2.14711,,,
,,0.713572,,,
,,0.43020400000000003,,,
,,0.37387200000000004,,,
,,0.68469,,,
,,0.796756,,,
,,0.8479180000000001,,,
,,0.98663,,,
,,0.710788,,,
,,0.6125940000000001,,,
,,0.48375599999999996,,,
,,0.7754460000000001,,,
,,0.936376,,,
,,0.585234,,,
,,0.770976,,,
,,0.45486200000000004,,,
,,0.427948,,,
,,1.7525760000000001,,,
,,2.58572,,,
,,0.344702,,,
,,0.32842000000000005,,,
,,0.5027320000000001,,,
,,0.6304059999999999,,,
,,0.40406400000000003,,,
,,0.60937,,,
,,0.97814,,,
,,0.970404,,,
,,0.5041,,,
,,2.2576280000000004,,,
,,0.432962,,,
,,0.39223,,,
,,0.601392,,,
,,0.422588,,,
,,0.39418200000000003,,,
,,0.3202,,,
,,0.997246,,,
,,0.34954199999999996,,,
,,0.341156,,,
,,0.6097380000000001,,,
,,2.3849940000000003,,,
,,1.102392,,,
,,0.30681,,,
,,0.641078,,,
,,1.0658040000000002,,,
,,1.06449,,,
,,0.515476,,,
,,0.442,,,
,,0.580444,,,
,,0.633972,,,
,,0.33736,,,
,,1.15398,,,
,,0.6828440000000001,,,
,,0.458734,,,
,,0.982904,,,
,,0.695612,,,
,,1.098626,,,
,,0.430074,,,
,,0.9158160000000001,,,
,,1.0577560000000001,,,
,,0.90852,,,
,,0.480804,,,
,,0.43148200000000003,,,
,,0.600084,,,
,,0.723414,,,
,,0.30837000000000003,,,
,,0.514062,,,
,,0.7586520000000001,,,
,,0.877268,,,
,,0.55154,,,
,,0.631306,,,
,,0.726638,,,
,,0.686024,,,
,,0.454876,,,
,,0.550756,,,
,,0.6528700000000001,,,
,,0.863558,,,
,,3.2653339999999997,,,
,,0.79412,,,
,,0.5646100000000001,,,
,,1.351682,,,
,,0.836232,,,
,,1.739384,,,
,,3.555332,,,
,,0.347332,,,
,,0.338094,,,
,,0.47263,,,
,,0.52991,,,
,,0.620966,,,
,,0.893722,,,
,,0.476592,,,
,,0.886072,,,
,,0.9367540000000001,,,
,,0.425808,,,
,,1.496022,,,
,,0.620966,,,
,,0.805354,,,
,,0.65824,,,
,,0.874228,,,
,,1.131952,,,
,,0.539752,,,
,,0.460978,,,
,,0.6121340000000001,,,
,,1.5785280000000002,,,
,,0.6735720000000001,,,
,,1.5624000000000002,,,
,,0.659018,,,
,,0.49370800000000004,,,
,,0.453542,,,
,,0.6927880000000001,,,
,,0.508036,,,
,,0.68469,,,
,,0.976726,,,
,,0.37701999999999997,,,
,,0.822048,,,
,,1.205762,,,
,,0.8874080000000001,,,
,,0.9625480000000001,,,
,,1.486988,,,
,,0.8269679999999999,,,
,,0.532634,,,
,,0.6071900000000001,,,
,,1.21529,,,
,,0.7416760000000001,,,
,,0.71254,,,
,,1.441006,,,
,,0.7026720000000001,,,
,,0.90417,,,
,,0.316512,,,
,,0.430464,,,
,,0.535522,,,
,,0.45997000000000005,,,
,,0.6215499999999999,,,
,,0.46539800000000003,,,
,,0.579092,,,
,,0.8830180000000001,,,
,,1.189878,,,
,,0.703934,,,
,,0.8872300000000001,,,
,,0.5540839999999999,,,
,,1.2752059999999998,,,
,,0.779694,,,
,,1.164524,,,
,,0.53286,,,
,,0.580776,,,
,,0.6180220000000001,,,
,,0.685416,,,
,,1.09969,,,
,,0.816862,,,
,,1.171654,,,
,,1.096586,,,
,,0.567492,,,
,,0.459168,,,
,,0.456426,,,
,,0.3356,,,
,,1.0761500000000002,,,
,,0.71197,,,
,,0.7977960000000001,,,
,,0.357262,,,
,,0.2328,,,
,,1.115206,,,
,,2.0225180000000003,,,
,,0.751236,,,
,,1.2555239999999999,,,
,,0.452836,,,
,,0.39283999999999997,,,
,,0.340352,,,
,,0.476642,,,
,,0.634618,,,
,,0.669988,,,
,,0.42410000000000003,,,
,,0.872928,,,
,,0.737086,,,
,,0.6452279999999999,,,
,,2.577218,,,
,,0.616574,,,
,,0.8376720000000001,,,
,,0.7303400000000001,,,
,,0.265932,,,
,,0.663316,,,
,,0.890818,,,
,,0.580924,,,
,,1.1872660000000002,,,
,,1.220046,,,
,,0.9366920000000001,,,
,,0.986954,,,
,,1.1916780000000002,,,
,,0.7732559999999999,,,
,,1.075808,,,
,,0.544236,,,
,,0.8247380000000001,,,
,,0.327836,,,
,,0.403866,,,
,,0.729082,,,
,,0.845506,,,
,,0.65,,,
,,0.46165,,,
,,0.274874,,,
,,0.32200599999999996,,,
,,0.311802,,,
,,0.61017,,,
,,0.540166,,,
,,0.335886,,,
,,0.36295,,,
,,0.36433,,,
,,0.44492200000000004,,,
,,0.40995600000000004,,,
,,0.527594,,,
,,0.676358,,,
,,0.5278980000000001,,,
,,0.355578,,,
,,0.64588,,,
,,0.481332,,,
,,0.63352,,,
,,0.7395560000000001,,,
,,0.616366,,,
,,0.905096,,,
,,0.718576,,,
,,0.458594,,,
,,0.32573,,,
,,0.5880040000000001,,,
,,0.339488,,,
,,0.45963400000000004,,,
,,0.56106,,,
,,0.31737,,,
,,0.367614,,,
,,0.44763000000000003,,,
,,0.492686,,,
,,0.298904,,,
,,0.405784,,,
,,0.493514,,,
,,0.386104,,,
,,0.870708,,,
,,0.487626,,,
,,0.5169020000000001,,,
,,0.528972,,,
,,1.242322,,,
,,1.253324,,,
,,0.36264,,,
,,0.507138,,,
,,0.45880200000000004,,,
,,0.47416800000000003,,,
,,0.5689740000000001,,,
,,0.37560000000000004,,,
,,0.6160420000000001,,,
,,0.503352,,,
,,0.9005,,,
,,0.41000000000000003,,,
,,0.37979399999999996,,,
,,0.412688,,,
,,0.309742,,,
,,0.43705,,,
,,0.36826600000000004,,,
,,0.45299400000000006,,,
,,0.7884500000000001,,,
,,0.5680320000000001,,,
,,0.331494,,,
,,0.45796,,,
,,0.33752,,,
,,0.33316,,,
,,0.28594400000000003,,,
,,0.423622,,,
,,0.32118,,,
,,0.32277,,,
,,0.2597,,,
,,0.29533,,,
,,0.36193400000000003,,,
,,0.48982,,,
,,0.7456780000000001,,,
,,0.412626,,,
,,0.57667,,,
,,1.5588520000000001,,,
,,0.503746,,,
,,0.470426,,,
,,0.327836,,,
,,0.376962,,,
,,0.49113799999999996,,,
,,0.39223,,,
,,0.366344,,,
,,0.348144,,,
,,0.289116,,,
,,0.348144,,,
,,0.311724,,,
,,0.33217399999999997,,,
,,0.54537,,,
,,0.41041000000000005,,,
,,0.602066,,,
,,2.18142,,,
,,0.596272,,,
,,0.66328,,,
,,0.296,,,
,,0.582408,,,
,,0.768042,,,
,,0.47464,,,
,,0.754488,,,
,,0.855152,,,
,,0.829584,,,
,,0.444558,,,
,,0.688352,,,
,,0.72797,,,
,,0.355848,,,
,,1.002248,,,
,,0.865122,,,
,,0.776124,,,
,,0.8996000000000001,,,
,,0.639014,,,
,,0.563252,,,
,,0.6404,,,
,,0.606092,,,
,,0.404718,,,
,,0.400824,,,
,,0.584126,,,
,,0.928054,,,
,,0.455214,,,
,,0.32129800000000003,,,
,,0.449022,,,
,,0.39351200000000003,,,
,,0.613452,,,
,,0.9918060000000001,,,
,,0.499268,,,
,,0.62012,,,
,,0.511812,,,
,,1.0979860000000001,,,
,,1.0538399999999999,,,
,,0.372156,,,
,,0.427818,,,
,,0.285748,,,
,,0.67631,,,
,,1.170862,,,
,,0.41744400000000004,,,
,,0.382962,,,
,,1.159538,,,
,,0.26400799999999996,,,
,,0.348832,,,
,,1.380192,,,
,,1.314444,,,
,,1.408336,,,
,,0.717264,,,
,,1.1358679999999999,,,
,,0.601066,,,
,,0.829778,,,
,,1.3305239999999998,,,
,,0.568824,,,
,,0.40406400000000003,,,
,,0.7026380000000001,,,
,,1.31766,,,
,,1.134924,,,
,,1.0853240000000002,,,
,,0.40824,,,
,,0.6056699999999999,,,
,,0.8373120000000001,,,
,,0.358022,,,
,,0.35668,,,
,,0.5344800000000001,,,
,,0.60824,,,
,,0.604202,,,
,,2.4893,,,
,,0.607872,,,
,,0.882542,,,
,,0.270296,,,
,,0.359962,,,
,,0.7035480000000001,,,
,,0.9447300000000001,,,
,,0.496488,,,
,,0.503924,,,
,,0.47154199999999996,,,
,,0.6137659999999999,,,
,,1.3324760000000002,,,
,,0.419948,,,
,,0.39802,,,
,,0.953914,,,
,,0.30662,,,
,,0.39069200000000004,,,
,,0.654498,,,
,,0.364856,,,
,,0.359962,,,
,,0.824342,,,
,,0.46409,,,
,,0.316764,,,
,,0.321726,,,
,,0.32842000000000005,,,
,,0.476924,,,
,,0.557684,,,
,,0.5473020000000001,,,
,,0.650246,,,
,,0.522904,,,
,,0.314554,,,
,,1.3082880000000001,,,
,,0.346832,,,
,,0.355848,,,
,,0.72776,,,
,,0.585314,,,
,,1.801866,,,
,,1.084996,,,
,,0.8027179999999999,,,
,,1.014348,,,
,,0.630784,,,
,,0.7660399999999999,,,
,,0.469552,,,
,,0.829868,,,
,,1.661094,,,
,,1.038724,,,
,,0.57567,,,
,,0.572018,,,
,,0.459078,,,
,,0.3737,,,
,,0.567492,,,
,,0.542014,,,
,,0.467234,,,
,,0.621174,,,
,,0.602182,,,
,,0.52042,,,
,,1.9490640000000001,,,
,,0.41899400000000003,,,
,,0.40525,,,
,,1.98778,,,
,,1.148412,,,
,,3.101344,,,
,,0.558802,,,
,,0.593448,,,
,,0.501138,,,
,,0.780166,,,
,,0.465446,,,
,,0.29288200000000003,,,
,,0.380316,,,
,,0.618182,,,
,,0.5432939999999999,,,
,,0.67767,,,
,,0.409414,,,
,,1.173244,,,
,,1.337536,,,
,,1.523302,,,
,,0.9931920000000001,,,
,,0.38413,,,
,,0.560802,,,
,,0.64548,,,
,,1.0879880000000002,,,
,,0.77501,,,
,,1.439562,,,
,,2.795478,,,
,,1.7098320000000002,,,
,,0.78031,,,
,,0.9900720000000001,,,
,,0.80174,,,
,,2.56648,,,
,,1.084066,,,
,,0.462018,,,
,,0.47144400000000003,,,
,,0.5381440000000001,,,
,,0.42821,,,
,,0.33567800000000003,,,
,,0.420462,,,
,,0.6612140000000001,,,
,,0.384838,,,
,,0.339488,,,
,,0.7424120000000001,,,
,,0.524324,,,
,,0.461566,,,
,,0.38046800000000003,,,
,,0.449022,,,
,,0.892564,,,
,,0.419142,,,
,,0.600496,,,
,,0.39984,,,
,,0.461692,,,
,,0.34644,,,
,,0.602756,,,
,,0.877086,,,
,,0.746968,,,
,,0.617298,,,
,,0.63925,,,
,,0.830502,,,
,,0.51225,,,
,,0.722838,,,
,,0.88109,,,
,,0.805652,,,
,,0.625514,,,
,,0.826726,,,
,,0.943918,,,
,,0.786498,,,
,,3.1599180000000002,,,
,,0.607596,,,
,,1.13253,,,
,,1.3639700000000001,,,
,,0.38014800000000004,,,
,,2.4264940000000004,,,
,,0.528866,,,
,,0.479416,,,
,,0.32195,,,
,,0.379388,,,
,,0.464486,,,
,,0.554,,,
,,1.016756,,,
,,0.252388,,,
,,0.241404,,,
,,0.37560000000000004,,,
,,0.518556,,,
,,0.518556,,,
,,0.707766,,,
,,0.8634740000000001,,,
,,1.1252680000000002,,,
,,0.530316,,,
,,1.6572360000000002,,,
,,0.9780960000000001,,,
,,0.52275,,,
,,1.011834,,,
,,0.591152,,,
,,0.525544,,,
,,0.365978,,,
,,1.888982,,,
,,0.480066,,,
,,0.53749,,,
,,0.6279260000000001,,,
,,0.7029120000000001,,,
,,0.430464,,,
,,0.835476,,,
,,0.536824,,,
,,0.408626,,,
,,0.36707,,,
,,0.4156,,,
,,0.35170999999999997,,,
,,0.425282,,,
,,0.46385000000000004,,,
,,0.581024,,,
,,0.855096,,,
,,1.516914,,,
,,0.527006,,,
,,0.646334,,,
,,0.501474,,,
,,0.887308,,,
,,0.474522,,,
,,0.6753640000000001,,,
,,1.0361099999999999,,,
,,0.568074,,,
,,0.965616,,,
,,0.43156,,,
,,1.03028,,,
,,0.514186,,,
,,0.614752,,,
,,0.377116,,,
,,0.454158,,,
,,0.338354,,,
,,0.35208999999999996,,,
,,0.470034,,,
,,0.590338,,,
,,0.946168,,,
,,0.714944,,,
,,0.762284,,,
,,1.0308840000000001,,,
,,0.355848,,,
,,0.345606,,,
,,1.8596679999999999,,,
,,1.517302,,,
,,2.466278,,,
,,0.5894539999999999,,,
,,0.419948,,,
,,1.221318,,,
,,0.390512,,,
,,0.322274,,,
,,0.8913840000000001,,,
,,0.734654,,,
,,1.121614,,,
,,0.75917,,,
,,2.143478,,,
,,0.7364160000000001,,,
,,0.737502,,,
,,0.274926,,,
,,0.699442,,,
,,0.952806,,,
,,1.0181660000000001,,,
,,1.027938,,,
,,1.870854,,,
,,0.579544,,,
,,0.831686,,,
,,0.6577540000000001,,,
,,0.354176,,,
,,0.552984,,,
,,0.811578,,,
,,0.5549660000000001,,,
,,0.6186860000000001,,,
,,0.930892,,,
,,0.99936,,,
,,1.471262,,,
,,0.596566,,,
,,0.27802800000000005,,,
,,0.53077,,,
,,0.552482,,,
,,0.234,,,
,,0.417918,,,
,,1.0437159999999999,,,
,,0.5349579999999999,,,
,,0.706816,,,
,,0.606106,,,
,,0.423628,,,
,,0.55541,,,
,,0.627936,,,
,,3.525088,,,
,,2.3657559999999997,,,
,,0.438346,,,
,,0.812778,,,
,,0.6304339999999999,,,
,,0.9380940000000001,,,
,,1.0417239999999999,,,
,,0.901768,,,
,,0.6999679999999999,,,
,,0.700562,,,
,,0.42177800000000004,,,
,,0.911582,,,
,,0.741482,,,
,,1.7014120000000001,,,
,,0.397416,,,
,,0.593996,,,
,,0.561588,,,
,,0.435394,,,
,,0.346594,,,
,,0.610266,,,
,,0.39802,,,
,,0.378866,,,
,,1.5335180000000002,,,
,,0.5983440000000001,,,
,,0.892692,,,
,,0.340476,,,
,,0.365644,,,
,,0.540448,,,
,,0.7029120000000001,,,
,,0.8146660000000001,,,
,,1.4049079999999998,,,
,,0.838474,,,
,,0.35688000000000003,,,
,,0.635814,,,
,,1.59758,,,
,,2.078312,,,
,,0.5272,,,
,,1.081184,,,
,,0.28792399999999996,,,
,,1.0719100000000001,,,
,,0.554822,,,
,,1.387724,,,
,,0.621742,,,
,,0.381602,,,
,,0.88766,,,
,,1.01763,,,
,,1.010198,,,
,,1.4091040000000001,,,
,,1.114202,,,
,,0.73585,,,
,,1.249174,,,
,,0.45290199999999997,,,
,,0.445278,,,
,,0.594428,,,
,,0.739084,,,
,,0.671408,,,
,,0.938732,,,
,,1.176626,,,
,,0.61,,,
,,0.35438400000000003,,,
,,0.6869299999999999,,,
,,1.1251900000000001,,,
,,1.080512,,,
,,1.024754,,,
,,0.514218,,,
,,0.530298,,,
,,0.36332400000000004,,,
,,1.812664,,,
,,0.913298,,,
,,1.211486,,,
,,0.37899400000000005,,,
,,0.38998000000000005,,,
,,0.37257999999999997,,,
,,0.29350200000000004,,,
,,0.462796,,,
,,1.6604880000000002,,,
,,0.554,,,
,,0.6394,,,
,,1.204806,,,
,,0.939942,,,
,,1.473914,,,
,,0.7049120000000001,,,
,,0.813728,,,
,,2.639946,,,
,,0.757852,,,
,,0.638226,,,
,,0.705354,,,
,,0.6730119999999999,,,
,,0.570028,,,
,,0.957448,,,
,,1.034842,,,
,,0.730406,,,
,,1.320098,,,
,,0.971958,,,
,,0.934102,,,
,,1.958032,,,
,,0.680732,,,
,,0.912196,,,
,,1.8584960000000001,,,
,,1.57722,,,
,,1.42403,,,
,,1.255174,,,
,,0.42977600000000005,,,
,,0.894974,,,
,,0.602544,,,
,,0.817042,,,
,,1.249174,,,
,,0.773524,,,
,,0.555006,,,
,,1.600042,,,
,,0.968844,,,
,,0.328444,,,
,,1.0601600000000002,,,
,,1.139446,,,
,,0.488086,,,
,,0.617298,,,
,,1.289578,,,
,,0.934138,,,
,,0.470642,,,
,,1.220884,,,
,,0.6552100000000001,,,
,,1.441722,,,
,,0.411752,,,
,,0.480666,,,
,,0.50484,,,
,,0.6272000000000001,,,
,,1.2881,,,
,,0.517984,,,
,,0.82235,,,
,,0.7184020000000001,,,
,,0.614638,,,
,,0.8520220000000001,,,
,,2.305012,,,
,,1.1088019999999998,,,
,,1.364464,,,
,,0.9962820000000001,,,
,,2.556142,,,
,,0.403886,,,
,,0.714288,,,
,,0.414922,,,
,,0.739514,,,
,,1.652828,,,
,,1.2456340000000001,,,
,,3.196358,,,
,,0.483922,,,
,,0.5042099999999999,,,
,,1.35106,,,
,,0.945544,,,
,,1.922108,,,
,,0.44058600000000003,,,
,,0.344094,,,
,,0.48567000000000005,,,
,,0.42069,,,
,,0.32890800000000003,,,
,,0.65292,,,
,,0.6162759999999999,,,
,,1.781614,,,
,,0.534734,,,
,,1.072942,,,
,,0.614348,,,
,,0.567538,,,
,,0.632256,,,
,,0.52,,,
,,0.542856,,,
,,0.756328,,,
,,0.46496800000000005,,,
,,1.043348,,,
,,0.41687,,,
,,1.407682,,,
,,1.049298,,,
,,1.163994,,,
,,0.9732419999999999,,,
,,0.32439999999999997,,,
,,1.1567280000000002,,,
,,0.32842000000000005,,,
,,0.623024,,,
,,0.541794,,,
,,0.43825200000000003,,,
,,0.487512,,,
,,0.383212,,,
,,0.352414,,,
,,0.372156,,,
,,0.372392,,,
,,0.43169,,,
,,0.45318400000000003,,,
,,0.351028,,,
,,0.48155200000000004,,,
,,0.359026,,,
,,0.783992,,,
,,0.7923239999999999,,,
,,0.445624,,,
,,0.600256,,,
,,0.651462,,,
,,0.332746,,,
,,0.340352,,,
,,0.483794,,,
,,0.365846,,,
,,0.290874,,,
,,0.33184400000000003,,,
,,0.463436,,,
,,1.333772,,,
,,0.5558160000000001,,,
,,0.678068,,,
,,0.526186,,,
,,0.886882,,,
,,0.6812039999999999,,,
,,0.43352,,,
,,0.507138,,,
,,0.3708,,,
,,0.498958,,,
,,0.598896,,,
,,1.3038779999999999,,,
,,0.58814,,,
,,0.98899,,,
,,0.26701400000000003,,,
,,0.624656,,,
,,0.45827999999999997,,,
,,0.41274200000000005,,,
,,1.1836099999999998,,,
,,0.818858,,,
,,1.30951,,,
,,1.112708,,,
,,1.9060920000000001,,,
,,1.123424,,,
,,0.878328,,,
,,0.529774,,,
,,0.435894,,,
,,1.0672439999999999,,,
,,0.866804,,,
,,0.818616,,,
,,0.946414,,,
,,0.3644,,,
,,0.422018,,,
,,0.444616,,,
,,0.549676,,,
,,0.948802,,,
,,0.521648,,,
,,0.43560000000000004,,,
,,0.7302820000000001,,,
,,0.486806,,,
,,0.634004,,,
,,0.5917060000000001,,,
,,3.2082620000000004,,,
,,0.47093599999999997,,,
,,0.6721820000000001,,,
,,0.3644,,,
,,0.745668,,,
,,0.96387,,,
,,0.647386,,,
,,0.476138,,,
,,0.574776,,,
,,0.6057400000000001,,,
,,0.8637400000000001,,,
,,0.795832,,,
,,1.449144,,,
,,0.5768880000000001,,,
,,0.572256,,,
,,0.8714500000000001,,,
,,0.385316,,,
,,1.30951,,,
,,0.932354,,,
,,2.4646120000000002,,,
,,0.74213,,,
,,0.734654,,,
,,0.79313,,,
,,1.2119680000000002,,,
,,0.6621180000000001,,,
,,2.424396,,,
,,0.6495700000000001,,,
,,0.55623,,,
,,1.2820239999999998,,,
,,0.388046,,,
,,0.5414640000000001,,,
,,1.201732,,,
,,2.456886,,,
,,0.44736200000000004,,,
,,0.532664,,,
,,0.43320600000000004,,,
,,0.498124,,,
,,0.96747,,,
,,0.468158,,,
,,0.79834,,,
,,0.8917039999999999,,,
,,1.938982,,,
,,0.665002,,,
,,0.710924,,,
,,0.696704,,,
,,0.40794600000000003,,,
,,2.011488,,,
,,0.532906,,,
,,0.7028200000000001,,,
,,1.1720519999999999,,,
,,0.890144,,,
,,0.7494660000000001,,,
,,1.173576,,,
,,1.016366,,,
,,0.44643,,,
,,0.466476,,,
,,0.7923239999999999,,,
,,0.431356,,,
,,0.578222,,,
,,0.501198,,,
,,0.71164,,,
,,0.98327,,,
,,0.695348,,,
,,0.809902,,,
,,0.576722,,,
,,0.460978,,,
,,0.783236,,,
,,1.255944,,,
,,0.678412,,,
,,0.535212,,,
,,0.664686,,,
,,0.550072,,,
,,0.865602,,,
,,1.153694,,,
,,1.069154,,,
,,0.357144,,,
,,0.582468,,,
,,0.716204,,,
,,0.730548,,,
,,0.707742,,,
,,0.441202,,,
,,1.523608,,,
,,0.481664,,,
,,0.87046,,,
,,0.46812400000000004,,,
,,0.52903,,,
,,0.43965800000000005,,,
,,0.87299,,,
,,0.6258440000000001,,,
,,0.876924,,,
,,0.53412,,,
,,0.536854,,,
,,0.7617999999999999,,,
,,3.459572,,,
,,0.7748160000000001,,,
,,0.47057400000000005,,,
,,0.38544,,,
,,0.850624,,,
,,1.679244,,,
,,1.5780399999999999,,,
,,0.7451599999999999,,,
,,0.491468,,,
,,0.6732039999999999,,,
,,0.724872,,,
,,0.837558,,,
,,0.474692,,,
,,2.0786700000000002,,,
,,0.348528,,,
,,0.945578,,,
,,1.721434,,,
,,1.000922,,,
,,2.4728980000000003,,,
,,0.877456,,,
,,0.39548000000000005,,,
,,1.131172,,,
,,0.73934,,,
,,0.52923,,,
,,0.9556760000000001,,,
,,0.333034,,,
,,1.014744,,,
,,0.518124,,,
,,2.2716060000000002,,,
,,0.5204500000000001,,,
,,1.019898,,,
,,0.6765700000000001,,,
,,0.532756,,,
,,0.8564700000000001,,,
,,0.853288,,,
,,0.992542,,,
,,0.46178800000000003,,,
,,0.83939,,,
,,0.638498,,,
,,0.58641,,,
,,0.8994420000000001,,,
,,0.22011000000000003,,,
,,2.160816,,,
,,0.42506400000000005,,,
,,0.362834,,,
,,1.16262,,,
,,0.235194,,,
,,0.9370940000000001,,,
,,1.121972,,,
,,0.897466,,,
,,0.738336,,,
,,1.024822,,,
,,0.5444439999999999,,,
,,0.91116,,,
,,0.708782,,,
,,0.8441040000000001,,,
,,0.59738,,,
,,1.077614,,,
,,0.7533,,,
,,0.719688,,,
,,0.783134,,,
,,0.723546,,,
,,0.825138,,,
,,0.38552400000000003,,,
,,1.149478,,,
,,1.691244,,,
,,2.582828,,,
,,0.462204,,,
,,1.79921,,,
,,0.60742,,,
,,0.500452,,,
,,0.45310000000000006,,,
,,0.6912480000000001,,,
,,1.656398,,,
,,0.451486,,,
,,0.38212599999999997,,,
,,0.8985960000000001,,,
,,0.514218,,,
,,0.44481400000000004,,,
,,0.898134,,,
,,0.565322,,,
,,1.940058,,,
,,0.408626,,,
,,0.49729199999999996,,,
,,1.0842580000000002,,,
,,0.534134,,,
,,0.644772,,,
,,0.441276,,,
,,0.82374,,,
,,0.640104,,,
,,1.164186,,,
,,0.5285639999999999,,,
,,0.931384,,,
,,0.669806,,,
,,0.511864,,,
,,1.342632,,,
,,0.83511,,,
,,0.39320800000000006,,,
,,0.5621860000000001,,,
,,0.5395700000000001,,,
,,0.231742,,,
,,0.2934,,,
,,0.47584800000000005,,,
,,1.792874,,,
,,0.657866,,,
,,0.348856,,,
,,0.8208880000000001,,,
,,1.054182,,,
,,0.447946,,,
,,0.546882,,,
,,0.448896,,,
,,1.23444,,,
,,0.622012,,,
,,2.131726,,,
,,2.807716,,,
,,0.834536,,,
,,4.51044,,,
,,1.1452460000000002,,,
,,1.170982,,,
,,0.562314,,,
,,0.7321340000000001,,,
,,0.753204,,,
,,0.68,,,
,,0.6735140000000001,,,
,,0.6167440000000001,,,
,,0.67255,,,
,,0.822894,,,
,,1.4414120000000001,,,
,,0.90992,,,
,,0.418616,,,
,,0.942688,,,
,,0.568384,,,
,,0.700438,,,
,,1.275116,,,
,,0.505874,,,
,,3.279068,,,
,,0.6937580000000001,,,
,,0.34805200000000003,,,
,,0.27411599999999997,,,
,,0.672682,,,
,,0.71254,,,
,,0.642996,,,
,,0.8684700000000001,,,
,,0.785224,,,
,,0.593188,,,
,,1.013786,,,
,,0.902852,,,
,,2.921348,,,
,,2.44021,,,
,,0.657802,,,
,,0.602876,,,
,,1.349254,,,
,,0.63309,,,
,,0.361872,,,
,,0.607542,,,
,,0.8137340000000001,,,
,,0.572172,,,
,,2.100484,,,
,,0.570474,,,
,,0.7971140000000001,,,
,,1.19828,,,
,,0.353554,,,
,,0.568862,,,
,,0.505352,,,
,,0.914464,,,
,,1.119572,,,
,,0.9003220000000001,,,
,,1.593598,,,
,,1.257324,,,
,,1.397254,,,
,,0.7128540000000001,,,
,,2.7127559999999997,,,
,,0.366676,,,
,,0.607596,,,
,,0.929166,,,
,,0.5652780000000001,,,
,,0.598504,,,
,,0.53352,,,
,,0.847924,,,
,,1.453492,,,
,,0.743304,,,
,,0.419948,,,
,,0.81559,,,
,,0.51925,,,
,,1.302846,,,
,,0.337236,,,
,,0.7671680000000001,,,
,,0.9284500000000001,,,
,,0.999264,,,
,,0.6084740000000001,,,
,,0.41744400000000004,,,
,,0.6045499999999999,,,
,,0.35208999999999996,,,
,,0.40816600000000003,,,
,,1.224444,,,
,,1.07353,,,
,,0.80711,,,
,,0.27802800000000005,,,
,,0.693466,,,
,,0.6201960000000001,,,
,,0.803952,,,
,,1.369462,,,
,,0.8612200000000001,,,
,,0.7442179999999999,,,
,,1.514814,,,
,,0.371296,,,
,,0.704778,,,
,,0.402934,,,
,,0.35880399999999996,,,
,,0.509404,,,
,,2.32526,,,
,,0.434442,,,
,,0.78846,,,
,,1.797884,,,
,,0.9891900000000001,,,
,,0.552984,,,
,,0.38998000000000005,,,
,,1.156684,,,
,,0.9147780000000001,,,
,,1.798672,,,
,,0.951226,,,
,,1.659186,,,
,,0.461202,,,
,,0.39836200000000005,,,
,,1.66401,,,
,,0.731096,,,
,,0.41615800000000003,,,
,,0.537848,,,
,,1.5152260000000002,,,
,,0.60962,,,
,,0.64005,,,
,,0.760066,,,
,,0.56935,,,
,,1.359966,,,
,,1.0413620000000001,,,
,,1.005228,,,
,,0.29936599999999997,,,
,,0.32277,,,
,,0.652772,,,
,,0.580294,,,
,,1.2557280000000002,,,
,,0.529744,,,
,,0.494016,,,
,,1.5314,,,
,,1.294248,,,
,,0.492686,,,
,,0.346808,,,
,,0.31321,,,
,,0.360976,,,
,,1.769232,,,
,,0.317042,,,
,,0.491202,,,
,,0.282056,,,
,,0.71164,,,
,,0.43081400000000003,,,
,,0.41183,,,
,,0.316764,,,
,,0.563648,,,
,,2.2320439999999997,,,
,,0.429106,,,
,,0.464796,,,
,,0.68126,,,
,,1.344336,,,
,,0.715766,,,
,,0.380316,,,
,,0.408626,,,
,,1.7817660000000002,,,
,,0.7869740000000001,,,
,,1.113728,,,
,,0.8554400000000001,,,
,,0.408886,,,
,,0.6020800000000001,,,
,,0.61717,,,
,,2.252428,,,
,,0.625284,,,
,,0.43801799999999996,,,
,,0.636088,,,
,,0.9506060000000001,,,
,,0.816374,,,
,,1.5434459999999999,,,
,,1.087558,,,
,,0.48982,,,
,,0.53116,,,
,,0.91337,,,
,,0.9868020000000001,,,
,,2.14807,,,
,,0.446162,,,
,,0.5381440000000001,,,
,,0.228078,,,
,,1.669114,,,
,,1.159448,,,
,,0.834346,,,
,,0.326338,,,
,,0.7533,,,
,,1.723586,,,
,,0.38082600000000005,,,
,,1.2854780000000001,,,
,,1.071456,,,
,,0.357144,,,
,,0.378846,,,
,,0.361508,,,
,,1.2377280000000002,,,
,,1.101126,,,
,,1.75636,,,
,,0.35170999999999997,,,
,,0.550146,,,
,,1.126198,,,
,,1.641462,,,
,,0.571108,,,
,,0.32954,,,
,,0.582274,,,
,,0.36707,,,
,,0.571612,,,
,,1.465398,,,
,,3.76952,,,
,,0.5864640000000001,,,
,,0.505352,,,
,,0.638952,,,
,,1.507328,,,
,,0.441234,,,
,,0.43637200000000004,,,
,,0.550146,,,
,,1.7644780000000002,,,
,,1.8250979999999999,,,
,,0.605152,,,
,,0.911654,,,
,,0.910772,,,
,,0.482912,,,
,,0.45889,,,
,,0.52,,,
,,0.373122,,,
,,0.43947600000000003,,,
,,0.632968,,,
,,0.881344,,,
,,0.743756,,,
,,1.05921,,,
