CA2,CA2,CA2,CA1,CA1,CA1
Basal,Proximal,Distal,Basal,Proximal,Distal
0.05472,0.159872,0.43596799999999997,0.298112,0.186944,0.077376
0.246144,0.104256,0.632768,0.115328,0.105664,0.44544
0.031104,0.21523199999999998,0.09183999999999999,0.347456,0.049664,0.19244799999999998
0.091136,0.06444799999999999,0.106496,0.27488,0.11430399999999999,0.21670399999999998
0.821888,0.061888,0.165312,0.043136,0.16467199999999999,0.059135999999999994
0.272384,0.103168,0.097152,0.155328,0.116352,0.155328
0.064192,0.200768,0.13792,0.108096,0.26323199999999997,0.10009599999999999
0.06297599999999999,0.298112,0.36774399999999996,0.12070399999999999,0.218752,0.13203199999999998
0.409792,0.349568,0.32576,0.07782399999999999,0.15692799999999998,0.200064
0.073984,0.142016,0.107904,0.126912,0.286016,0.23596799999999998
0.174208,0.437056,0.165568,0.103104,0.16070399999999999,0.08288
0.14368,0.07564799999999999,0.100352,0.20921599999999999,0.10668799999999999,0.161984
0.21337599999999998,0.170752,0.503168,0.284224,0.071424,0.07187199999999999
0.0992,0.049727999999999994,0.251776,0.282304,0.126656,0.18265599999999999
0.11295999999999999,0.22111999999999998,0.09088,0.25344,0.14751999999999998,0.085376
0.093568,0.427648,0.195968,0.042047999999999995,0.092608,0.094592
0.148608,0.059711999999999994,0.6121599999999999,0.289216,0.07219199999999999,0.058112
0.177344,0.351808,0.11987199999999999,0.04256,0.083072,0.32262399999999997
0.138176,0.070592,0.255232,0.19180799999999998,0.11743999999999999,0.173184
0.065216,0.22195199999999998,0.270016,0.22092799999999999,0.10867199999999999,0.126464
0.129472,0.5704319999999999,0.033535999999999996,0.652224,0.393408,0.19955199999999998
0.180992,0.065664,0.546432,0.11424,0.068672,0.157632
0.12121599999999999,0.849984,0.28032,0.076928,0.056639999999999996,0.570176
0.220544,0.12787199999999999,0.11692799999999999,0.25023999999999996,0.051328,0.141568
0.155584,0.124736,0.5349119999999999,0.12140799999999999,0.07168,0.20838399999999999
0.148864,0.7343999999999999,0.923584,0.425216,0.15295999999999998,0.19552
0.20895999999999998,0.575104,0.459072,0.117376,0.08864,0.12223999999999999
0.041664,0.28793599999999997,0.328192,0.069824,0.234112,0.3392
0.177792,0.13369599999999998,0.39904,0.068352,0.15756799999999999,0.112896
0.073472,0.10355199999999999,0.263296,0.08032,0.174528,0.14604799999999998
0.1376,0.075264,0.25446399999999997,0.219136,0.232448,0.281088
0.10700799999999999,0.10528,0.500288,0.08159999999999999,0.076352,0.06905599999999999
0.17312,0.039168,0.068608,0.12128,0.090432,0.10751999999999999
0.24518399999999999,0.293056,0.123584,0.049791999999999996,0.084608,0.108288
0.10656,0.07583999999999999,0.26278399999999996,0.18515199999999998,0.112576,0.117632
0.116672,0.06816,0.101696,0.085376,0.171648,0.2032
0.406976,0.28512,0.209344,0.107776,0.089088,0.10931199999999999
0.177856,0.6230399999999999,0.353792,0.291904,0.080064,0.337024
0.041152,0.126464,0.34304,0.129344,0.059455999999999995,0.164096
0.128832,0.068288,0.216448,0.179584,0.34937599999999996,0.13824
0.098816,0.10553599999999999,0.49190399999999995,0.32844799999999996,0.07731199999999999,0.278656
0.055872,0.027776,1.223744,0.220608,0.140672,0.101952
0.329024,0.06905599999999999,0.063488,0.15878399999999998,0.137152,0.055423999999999994
0.251008,0.22483199999999998,0.950272,0.335296,0.35475199999999996,0.07232
0.050432,0.183936,0.085376,0.160768,0.093888,0.12953599999999998
0.101376,0.107136,0.0608,0.293632,0.10156799999999999,0.3216
0.413184,0.355776,0.310976,0.076608,0.171456,0.15872
0.060031999999999995,0.15814399999999998,0.049152,0.153088,0.137024,0.244992
0.15488,0.059135999999999994,0.35903999999999997,0.16486399999999998,0.105472,0.255424
0.045183999999999995,0.07750399999999999,0.588544,0.169152,0.10188799999999999,0.167936
0.404736,0.239616,0.294528,0.300544,0.076416,0.163072
0.37983999999999996,0.283904,0.041088,0.11046399999999999,0.275904,0.148096
0.46399999999999997,0.07155199999999999,0.546432,0.130688,0.049856,0.057984
0.558592,0.122304,0.042623999999999995,0.248576,0.296832,0.160512
0.38195199999999996,0.241024,0.04448,0.09862399999999999,0.06643199999999999,0.7037439999999999
0.211392,0.40588799999999997,0.09497599999999999,0.176448,0.243328,0.133376
0.086336,0.103424,0.07187199999999999,0.126272,0.056192,0.31456
0.1888,0.23155199999999998,0.10092799999999999,0.14464,0.081344,0.07532799999999999
0.192704,0.248,0.078912,0.192192,0.08934399999999999,0.120768
0.049344,0.241536,0.351232,0.175872,0.08191999999999999,0.06272
0.15711999999999998,0.073664,0.311168,0.059519999999999997,0.886656,0.083712
0.10931199999999999,0.11891199999999999,0.18783999999999998,0.24896,0.565184,0.095936
0.11392,0.240704,0.104448,0.17664,0.14048,0.170816
0.159104,0.05984,0.6373759999999999,0.305664,0.105792,0.225536
0.10048,0.149248,0.330368,0.267328,0.144192,0.27552
0.044288,0.053439999999999994,0.177856,0.107904,0.173696,0.13747199999999998
0.097984,0.932736,0.021632,0.29958399999999996,0.21696,0.10336
0.187904,0.10016,0.025727999999999997,0.23763199999999998,0.10803199999999999,0.286592
0.070592,0.284736,0.10124799999999999,0.12415999999999999,0.181632,0.35065599999999997
0.065536,0.21235199999999999,0.19327999999999998,0.33471999999999996,0.196352,0.346944
0.053183999999999995,0.067456,0.283456,0.215104,0.160576,0.146496
0.088896,0.12172799999999999,0.6691199999999999,0.074048,0.116672,0.11244799999999999
0.58528,0.138176,0.11033599999999999,0.066304,0.16319999999999998,0.160512
0.06278399999999999,0.266816,0.08736,0.081984,0.11046399999999999,0.067008
0.096704,0.19724799999999998,0.254976,0.524224,0.060416,0.225024
0.065216,0.04704,0.178752,0.17382399999999998,0.34137599999999996,0.5139199999999999
0.076928,0.26988799999999996,0.198464,0.123072,0.169984,0.23712
0.044927999999999996,0.26527999999999996,0.184256,0.33599999999999997,0.184128,0.098496
0.43923199999999996,0.061439999999999995,0.252416,0.40499199999999996,0.18035199999999998,0.06912
0.130496,0.08256,0.272256,0.29375999999999997,0.12928,0.121088
0.083648,0.21664,0.36236799999999997,0.192704,0.134592,0.111936
0.10982399999999999,0.58624,0.129472,0.35276799999999997,0.393792,0.104256
0.064256,0.211136,0.045759999999999995,0.533184,0.204544,0.60448
0.372928,0.130624,0.109888,0.12467199999999999,0.842752,0.121664
0.463744,0.202816,0.162496,0.11827199999999999,0.073984,0.723776
0.17094399999999998,0.06412799999999999,0.07039999999999999,0.22272,0.44678399999999996,0.4208
0.203584,0.13055999999999998,0.43001599999999995,0.497088,0.13663999999999998,0.16108799999999998
0.057471999999999995,0.209664,0.16550399999999998,0.16,0.12448,0.16896
1.025728,0.13568,0.41497599999999996,0.20921599999999999,0.25817599999999996,0.27296
0.11711999999999999,0.09497599999999999,0.150912,0.15334399999999998,0.15008,0.106432
0.270656,0.06752,0.173376,0.078272,0.12736,0.030528
0.081664,0.12102399999999999,0.09056,0.493952,0.07449599999999999,0.182336
0.400256,0.074752,0.191552,0.53504,0.072,0.11424
0.065792,0.08691199999999999,0.17376,0.04896,0.09824,0.25023999999999996
0.417728,0.942464,0.7028479999999999,0.34892799999999996,0.315712,0.300992
0.086144,0.191488,0.10931199999999999,0.064512,0.316928,0.16671999999999998
0.133632,0.07302399999999999,0.076736,0.222464,0.07168,0.127552
0.364224,0.164992,0.137152,0.345792,0.079744,0.112384
0.16339199999999998,0.17113599999999998,0.37740799999999997,0.339648,0.17868799999999999,0.118336
0.124928,0.1664,0.24,0.099712,0.19455999999999998,0.235072
0.09100799999999999,0.12544,0.16755199999999998,0.218304,0.259136,0.19648
0.066304,0.15264,0.19308799999999998,0.15545599999999998,0.113344,0.071424
0.18048,0.368,0.32448,0.040383999999999996,0.310144,0.221248
0.21651199999999998,0.252928,0.140672,0.09529599999999999,0.090944,0.32179199999999997
0.363904,0.24352,0.05728,0.104768,0.05024,0.098368
0.12038399999999999,0.20992,0.16236799999999998,0.043136,0.12339199999999999,0.061312
0.647424,0.084224,0.08256,0.290624,0.07334399999999999,0.045888
0.137856,0.290752,0.09888,0.22777599999999998,0.08992,0.286848
0.02848,0.07155199999999999,0.11065599999999999,0.5219199999999999,0.187328,0.079104
0.18054399999999998,0.11231999999999999,0.160512,0.276736,0.21254399999999998,0.0528
0.24134399999999998,0.129152,0.09529599999999999,0.516864,0.227008,0.12268799999999999
0.07731199999999999,0.271488,0.120192,0.171648,0.339136,0.262528
0.307392,0.466752,0.389824,0.134208,0.292416,0.49363199999999996
0.087488,0.08473599999999999,0.672128,0.074368,0.148608,0.11558399999999999
0.027968,0.167232,0.499264,0.072832,0.62496,0.19161599999999998
0.256256,0.38848,0.271232,0.03392,0.145792,0.13683199999999998
0.20524799999999999,0.097408,0.112896,0.167232,0.166592,0.11711999999999999
0.100352,0.127616,0.15744,0.034367999999999996,0.155328,0.07328
0.380224,0.050367999999999996,0.24409599999999998,0.132544,0.16,0.11443199999999999
0.194816,0.278592,0.149568,0.08864,0.255488,0.23430399999999998
0.19475199999999998,0.287552,0.11526399999999999,0.301888,0.076032,0.050496
0.032576,0.11148799999999999,0.159872,0.15500799999999998,0.186048,0.060351999999999996
0.20646399999999998,0.33395199999999997,0.20096,0.185024,0.123328,0.125824
0.453248,0.098688,0.24192,0.081664,0.21964799999999998,0.127104
0.383552,0.278208,0.170816,0.07865599999999999,0.14585599999999999,0.07667199999999999
0.195264,0.09331199999999999,0.21318399999999998,0.14143999999999998,0.342144,0.06304
0.43219199999999997,0.223744,0.5305599999999999,0.122752,0.20582399999999998,0.071104
0.32255999999999996,0.102976,0.275584,0.08076799999999999,0.22822399999999998,0.09068799999999999
0.35359999999999997,0.07615999999999999,0.13696,0.06611199999999999,0.111104,0.09536
0.35353599999999996,0.30879999999999996,0.092608,0.06905599999999999,0.342336,0.14751999999999998
0.073472,0.150528,0.360064,0.078208,0.127104,0.39993599999999996
0.144,0.08691199999999999,0.5536639999999999,0.07551999999999999,0.128576,0.162304
0.69984,0.176192,0.197376,0.15001599999999998,0.105088,0.054528
0.093952,0.199104,0.0576,0.11936,0.14368,0.13683199999999998
0.44172799999999995,0.28032,1.66624,0.15526399999999999,0.11609599999999999,0.04928
0.088832,0.07731199999999999,0.232448,0.16966399999999998,0.11263999999999999,0.09759999999999999
0.14374399999999998,0.401984,0.12832,0.16025599999999998,0.12992,0.155136
0.52032,0.07417599999999999,0.10751999999999999,0.07897599999999999,0.08063999999999999,0.081024
0.07647999999999999,0.081344,0.072768,0.042367999999999996,0.378752,0.083072
0.194624,0.314752,0.39622399999999997,0.369792,0.195904,0.10188799999999999
0.166016,0.070464,0.248576,0.294528,0.19744,0.127488
0.22304,0.32704,0.11359999999999999,0.401024,0.11903999999999999,0.349504
0.16569599999999998,0.16512,0.417216,0.13350399999999998,0.24128,0.106304
0.215552,0.046976,0.264192,0.110784,0.34809599999999996,0.058367999999999996
0.250624,0.239808,0.438272,0.10950399999999999,0.150336,0.069632
0.218048,0.15328,0.29856,0.15839999999999999,0.30169599999999996,0.123776
0.152064,0.18035199999999998,0.264,0.0208,0.609216,0.10470399999999999
0.06784,0.169984,0.177728,0.057856,0.19807999999999998,0.092096
0.140736,0.5232,0.218048,0.125376,0.078208,0.257664
0.058688,0.26592,0.12806399999999998,0.047104,0.072128,0.246912
0.44057599999999997,0.075968,0.092864,0.089152,0.18035199999999998,0.107136
0.070912,0.36780799999999997,0.293056,0.3392,0.23135999999999998,0.112512
0.317248,0.288896,0.25529599999999997,0.5352319999999999,0.160768,0.08902399999999999
0.019776,0.149504,0.081984,0.5541119999999999,0.13414399999999999,0.182336
0.342336,0.519168,0.086464,0.132288,0.242304,0.10835199999999999
0.09727999999999999,0.09580799999999999,0.152768,0.048895999999999995,0.155136,0.10886399999999999
0.15711999999999998,0.162496,0.180224,0.06944,0.212224,0.07808
0.27232,0.08806399999999999,0.442432,0.13856,0.086656,0.178496
0.124928,0.08806399999999999,0.11743999999999999,0.15564799999999998,0.20083199999999998,0.070912
0.077888,0.058816,0.20768,0.03936,0.12236799999999999,0.081344
0.09504,0.11327999999999999,0.39168,0.037503999999999996,0.313088,0.07008
0.20479999999999998,0.07468799999999999,0.11327999999999999,0.134016,0.14457599999999998,0.091712
0.55904,0.10783999999999999,0.252096,0.334144,0.07904,0.259136
0.443264,0.21836799999999998,0.031616,0.48108799999999996,0.107904,0.078336
0.08723199999999999,0.377664,0.303168,0.103488,0.291328,0.140288
0.14496,0.064704,0.027648,0.090816,0.14041599999999999,0.05728
0.471808,0.273216,0.12319999999999999,0.126528,0.118336,0.06956799999999999
0.293888,0.08992,0.030208,0.163776,0.241728,0.0624
0.325376,0.158848,0.250816,0.17299199999999998,0.121088,0.074944
0.20992,0.185216,0.239168,0.040576,0.070848,0.050432
0.125056,0.281856,0.10867199999999999,0.32511999999999996,0.117184,0.064064
0.363328,0.174016,0.294336,0.37792,0.190272,0.356992
0.30380799999999997,0.634944,0.287296,0.198016,0.229376,0.30259199999999997
0.26739199999999996,0.43302399999999996,0.32723199999999997,0.031872,0.299392,0.065344
0.129344,0.23199999999999998,0.039616,0.326656,0.120768,0.158464
0.604416,0.13414399999999999,0.18950399999999998,0.11033599999999999,0.09344,0.19558399999999998
0.39244799999999996,0.111424,0.025023999999999998,0.07968,0.16467199999999999,0.068096
0.556672,0.28959999999999997,0.207808,0.110784,0.06559999999999999,0.09862399999999999
0.09119999999999999,0.36947199999999997,0.158464,0.473728,0.189632,0.21651199999999998
0.44511999999999996,0.210944,0.076032,0.05824,0.17324799999999999,0.14912
0.0272,0.13088,0.085696,0.20665599999999998,0.09376,0.26208
0.312896,0.071744,0.067968,0.09977599999999999,0.24896,0.104128
0.253952,0.126528,0.060287999999999994,0.102336,0.12672,0.197312
0.101376,0.031167999999999998,0.07232,0.100672,0.051136,0.080192
0.12659199999999998,0.5089279999999999,0.080704,0.28159999999999996,0.10124799999999999,0.092032
0.19424,0.289344,0.066816,0.35193599999999997,0.35859199999999997,0.091968
0.38873599999999997,0.21855999999999998,0.661504,0.142848,0.052224,0.062335999999999996
0.176896,0.183104,0.18035199999999998,0.10368,0.08832,0.1248
0.056256,0.16319999999999998,0.032063999999999995,0.103488,0.123264,0.233536
0.593152,0.120448,0.19078399999999998,0.12896,0.193152,0.066688
0.09644799999999999,0.060416,0.23219199999999998,0.062208,0.09318399999999999,0.15148799999999998
0.290112,0.180224,0.106304,0.34752,0.06752,0.096896
0.070528,0.021311999999999998,0.28582399999999997,0.088512,0.112768,0.102848
0.076736,0.910144,0.139712,0.212224,0.173056,0.080576
0.113216,0.02336,0.19104,0.269376,0.14368,0.129984
0.294272,0.26323199999999997,0.224768,0.174848,0.184576,0.266688
0.105344,0.22463999999999998,0.21312,0.071232,0.083072,0.10105599999999999
0.23052799999999998,0.1616,0.035968,0.11116799999999999,0.19871999999999998,0.367232
0.079936,0.106624,0.059711999999999994,0.33516799999999997,0.301376,0.20768
0.091968,0.244224,0.05024,0.08352,0.178304,0.16927999999999999
0.08832,0.14112,0.574016,0.17632,0.115072,0.352448
0.123904,0.12287999999999999,0.34975999999999996,0.375168,0.15488,0.145664
0.198784,0.145472,0.178624,0.32467199999999996,0.265216,0.09644799999999999
0.260032,0.139648,0.301504,0.07135999999999999,0.625728,0.087616
0.112768,0.12371199999999999,0.053696,0.045503999999999996,0.16768,0.173952
0.150464,0.224512,0.250432,0.14393599999999998,0.132352,0.14393599999999998
0.14816,0.075072,0.055487999999999996,0.143808,0.054015999999999995,0.092608
0.210816,0.048768,0.08768,0.043968,0.035199999999999995,0.123968
0.11974399999999999,0.307712,0.18662399999999998,0.132096,0.19904,0.09977599999999999
0.33055999999999996,0.113728,0.029952,0.09024,0.22508799999999998,0.166144
0.22816,0.48364799999999997,0.10899199999999999,0.21472,0.053696,0.39916799999999997
0.341696,0.065344,0.42719999999999997,0.070848,0.331712,0.416448
0.16441599999999998,0.60704,0.066048,0.04448,0.162496,0.06297599999999999
0.154752,0.241856,0.6611199999999999,0.19494399999999998,0.083328,0.07878399999999999
0.213632,0.23302399999999998,0.31596799999999997,0.198144,0.206592,0.243968
0.18783999999999998,0.152064,0.24416,0.166592,0.135744,0.081344
0.20396799999999998,0.11065599999999999,0.359744,0.070976,0.104128,0.075456
0.11014399999999999,0.10073599999999999,0.030208,0.341696,0.06393599999999999,0.19603199999999998
0.170816,0.646208,0.054144,0.097344,0.143808,0.150528
0.045888,0.30713599999999996,0.062656,0.174208,0.163712,0.082368
0.36652799999999996,0.37900799999999996,0.091136,0.097152,0.075264,0.141888
0.279808,0.300352,0.36563199999999996,0.062015999999999995,0.24179199999999998,0.106816
0.296064,0.662272,0.23904,0.16947199999999998,0.055167999999999995,0.10976
0.214912,0.09363199999999999,0.260608,0.22611199999999998,0.133056,0.065664
0.31872,0.058047999999999995,0.264832,0.276032,0.153728,0.081984
0.191296,0.24345599999999998,0.21318399999999998,0.121472,0.43174399999999996,0.304064
0.13408,0.205568,0.08832,0.18931199999999998,0.278016,0.337024
0.201984,0.304064,0.076224,0.06611199999999999,0.06368,0.11072
0.10368,0.085824,0.32927999999999996,0.201728,0.12096,0.142016
0.119616,0.271232,0.435776,0.24115199999999998,0.06297599999999999,0.22009599999999999
0.12223999999999999,0.13350399999999998,0.191872,0.09945599999999999,0.25657599999999997,0.260416
0.062912,0.088448,0.052095999999999996,0.27660799999999997,0.133568,0.132992
0.207872,0.201088,0.19168,0.08032,0.109632,0.09433599999999999
0.15775999999999998,0.112192,0.10457599999999999,0.281152,0.02464,0.184
0.065984,0.215936,0.02592,0.045568,0.10521599999999999,0.088
0.239872,0.11392,0.149888,0.06272,0.07583999999999999,0.186752
0.33088,0.21228799999999998,0.114816,0.156864,0.103168,0.145472
0.265408,0.423232,0.054784,0.077184,0.076224,0.12742399999999998
0.41580799999999996,0.11411199999999999,0.253824,0.17324799999999999,0.08671999999999999,0.180992
0.239616,0.07872,0.116224,0.044288,0.1152,0.12185599999999999
0.33555199999999996,0.167872,0.025599999999999998,0.049215999999999996,0.18528,0.125376
0.31423999999999996,0.241728,0.26688,0.194816,0.101632,0.15859199999999998
0.160832,0.335744,0.23936,0.200512,0.081344,0.8437119999999999
0.056575999999999994,0.20736,0.081728,0.147008,0.179392,0.09529599999999999
0.17446399999999998,0.07968,0.06905599999999999,0.22214399999999998,0.054015999999999995,0.118528
0.143424,0.085184,0.109888,0.072576,0.234368,0.096384
0.06656,0.06707199999999999,0.14976,0.31616,0.071936,0.15334399999999998
0.259136,0.08358399999999999,0.25529599999999997,0.2864,0.24115199999999998,0.11673599999999999
0.180224,0.167616,0.085952,0.100224,0.20332799999999998,0.09568
0.496,0.06591999999999999,0.412416,0.103616,0.14438399999999998,0.13644799999999999
0.03712,0.19142399999999998,0.26662399999999997,0.046784,0.23199999999999998,0.060736
0.54048,0.08838399999999999,0.18156799999999998,0.046591999999999995,0.17740799999999998,0.063744
0.242304,0.029311999999999998,0.6238079999999999,0.191296,0.163328,0.10073599999999999
0.08691199999999999,0.199616,0.049088,0.163456,0.211008,0.07238399999999999
0.118464,0.214528,0.126528,0.070912,0.466368,0.125056
0.050047999999999995,0.076032,0.086464,0.222848,0.138176,0.17299199999999998
0.097536,0.05248,0.266432,0.164928,0.11839999999999999,0.045503999999999996
0.064704,0.170752,0.300096,0.060736,0.084992,0.248832
0.34060799999999997,1.327488,0.301632,0.192384,0.126016,0.18617599999999998
0.160832,0.192768,0.081728,0.079488,0.071744,0.179328
0.142784,0.405632,0.370496,0.044927999999999996,0.310272,0.158976
0.17491199999999998,0.151232,0.273344,0.382656,0.724096,0.12639999999999998
0.085376,0.081984,0.076096,0.389312,0.089792,0.12
0.17407999999999998,0.19206399999999998,0.166272,0.125696,0.13024,0.391104
0.126336,0.071168,0.07814399999999999,0.095744,0.483008,0.253504
0.077056,0.082624,0.207872,0.376256,0.224576,0.063872
0.155904,1.241792,0.090944,0.161792,0.224704,0.16985599999999998
0.386304,0.177152,0.7034239999999999,0.069696,0.081984,0.086592
0.19584,0.12499199999999999,0.15692799999999998,0.098304,0.178944,0.063808
0.6942079999999999,0.085632,0.085824,0.487168,0.076096,0.072128
0.043199999999999995,0.37535999999999997,0.07699199999999999,0.41670399999999996,0.07020799999999999,0.232448
0.203072,0.10982399999999999,0.187712,0.347968,0.087296,0.310848
0.201728,0.229184,0.337472,0.198144,0.225408,0.054528
0.377664,0.076928,0.13088,0.146752,0.394368,0.1296
0.193408,0.103936,0.059264,0.084608,0.128128,0.40928
0.112192,0.108544,0.425728,0.101184,0.038655999999999996,0.21248
0.125824,0.076864,0.65632,0.069632,0.090496,0.117824
0.057856,0.19411199999999998,0.426176,0.09350399999999999,0.206528,0.080192
0.224768,0.20582399999999998,0.201408,0.052992,0.098688,0.158848
0.11552,0.3008,0.354304,0.209664,0.12185599999999999,0.09472
0.134784,0.126848,0.07238399999999999,0.10073599999999999,0.39366399999999996,0.042367999999999996
0.096896,0.1616,0.163648,0.07103999999999999,0.110592,0.345856
0.097984,0.059199999999999996,0.042496,0.136064,0.101824,0.107392
0.091392,0.190912,0.113344,0.33305599999999996,0.14604799999999998,0.49363199999999996
0.088832,0.08934399999999999,0.044607999999999995,0.030272,0.0576,0.35526399999999997
0.076032,0.315648,0.16255999999999998,0.059584,0.237888,0.235264
0.052095999999999996,0.12153599999999999,0.338752,0.207616,0.155904,0.19871999999999998
0.027136,0.052031999999999995,0.425664,0.17407999999999998,0.105472,0.161856
0.445888,0.19136,0.453376,0.076096,0.06643199999999999,0.063872
0.24620799999999998,0.070336,0.09990399999999999,0.069824,0.168256,0.23199999999999998
0.09024,0.136576,0.168384,0.08044799999999999,0.466752,0.240448
0.11660799999999999,0.033344,0.11327999999999999,0.175808,0.460288,0.113728
0.107776,0.058943999999999996,0.13376,0.056384,0.43628799999999995,0.274688
0.175808,0.095424,0.040639999999999996,0.43135999999999997,0.33510399999999996,0.074624
0.11424,0.09561599999999999,0.8120959999999999,0.072576,0.138688,0.12511999999999998
0.149504,0.054848,0.145024,0.07904,0.21983999999999998,0.07071999999999999
0.29164799999999996,0.18617599999999998,0.040192,0.078848,0.08870399999999999,0.06432
0.112832,0.0944,0.268608,0.19327999999999998,0.151872,0.10438399999999999
0.22803199999999998,0.23232,0.12896,0.106752,0.079424,0.07456
0.530368,0.178496,0.08512,0.126336,0.167424,0.297024
0.10687999999999999,0.11347199999999999,0.199104,0.469184,0.16608,0.160832
0.096064,0.0848,0.17260799999999998,0.061119999999999994,0.185216,0.6331519999999999
0.469248,0.107456,0.224576,0.236736,0.067456,0.13977599999999998
0.19168,0.39615999999999996,0.456192,0.075136,0.062848,0.030143999999999997
0.13792,0.08012799999999999,0.285504,0.173504,0.07392,0.090112
0.05504,0.14304,0.181888,0.093376,0.14227199999999998,0.084288
0.37023999999999996,0.118016,0.15392,0.09926399999999999,0.21503999999999998,0.17510399999999998
0.219136,0.057664,0.056832,0.253056,0.137088,0.091776
0.047104,0.326976,0.149248,0.322752,0.053632,0.168704
0.1696,0.19968,0.15795199999999998,0.10803199999999999,0.074752,0.06527999999999999
0.146304,0.37856,0.11673599999999999,0.182336,0.099392,0.184192
0.142144,0.148864,0.515008,0.11942399999999999,0.12153599999999999,0.07564799999999999
0.235904,0.18323199999999998,0.13792,0.088,0.074944,0.373504
0.094272,0.07731199999999999,0.31648,0.064512,0.124096,0.058752
0.08352,0.12672,0.192576,0.09759999999999999,0.35712,0.340928
0.23948799999999998,0.100544,0.179136,0.132736,0.111744,0.291584
0.118528,0.227648,0.42886399999999997,0.102336,0.294272,0.153408
0.07302399999999999,0.17215999999999998,0.393408,0.18208,0.08576,0.079232
0.11315199999999999,0.08473599999999999,0.158656,0.070912,0.197568,0.1984
0.3712,0.22489599999999998,0.169792,0.10271999999999999,0.07417599999999999,0.150784
0.19648,0.088256,0.985024,0.101504,0.150592,0.17792
0.29247999999999996,0.107648,0.33088,0.070144,0.241088,0.23007999999999998
0.26118399999999997,0.166848,0.1888,0.267968,0.16863999999999998,0.10886399999999999
0.06841599999999999,0.203904,0.45894399999999996,0.04928,0.162112,0.147392
0.040512,0.28620799999999996,0.80672,0.09363199999999999,0.112896,0.149248
0.09247999999999999,0.156544,0.061888,0.24639999999999998,0.113728,0.11263999999999999
0.22003199999999998,0.33792,0.121088,0.06559999999999999,0.130688,0.077888
0.069632,0.798528,0.234432,0.11212799999999999,0.9148799999999999,0.056128
0.370176,0.12544,0.065984,0.115072,0.129792,0.14310399999999998
0.286528,0.10355199999999999,0.022335999999999998,0.20063999999999999,0.34604799999999997,0.08576
0.113088,0.182528,0.072448,0.141952,0.07980799999999999,0.052351999999999996
0.162816,0.138816,0.037568,0.192128,0.255616,0.19308799999999998
0.128384,0.177792,0.604992,0.07712,0.294912,0.22444799999999998
0.452032,0.056575999999999994,0.07417599999999999,0.108736,0.39936,0.09811199999999999
0.5603199999999999,0.082368,0.310656,0.06726399999999999,0.159104,0.08191999999999999
0.31872,0.155904,0.038528,0.19519999999999998,0.188416,0.203712
0.081216,0.118464,0.13119999999999998,0.095424,0.112384,0.101824
0.23807999999999999,0.307776,0.20032,0.226688,0.156864,0.08191999999999999
0.07302399999999999,0.085696,0.053439999999999994,0.046464,0.096832,0.157696
0.475968,0.17407999999999998,0.160512,0.217088,0.21356799999999998,0.12639999999999998
0.19008,0.21228799999999998,0.39500799999999997,0.376704,0.156672,0.086336
0.093888,0.30380799999999997,0.05024,0.174784,0.124224,0.07488
0.682304,0.072896,0.293056,0.031487999999999995,0.18783999999999998,0.22425599999999998
0.23052799999999998,0.1424,0.38284799999999997,0.212608,0.101824,0.218944
0.092032,0.8250879999999999,0.173504,0.051199999999999996,0.187584,0.294016
0.129024,0.08243199999999999,0.163072,0.266432,0.303936,0.187392
0.091968,0.100288,0.21836799999999998,0.13888,0.245824,0.052927999999999996
0.596544,0.15295999999999998,0.131776,0.07615999999999999,0.066304,0.24012799999999998
0.34944,0.221376,0.399744,0.683584,0.16025599999999998,0.178944
0.427456,0.069312,0.217088,0.167424,0.193216,0.08358399999999999
0.19539199999999998,0.431936,0.15417599999999998,0.39264,0.230208,0.087168
0.089728,0.061439999999999995,0.41536,0.225152,0.195264,0.092224
0.18112,0.066816,0.13267199999999998,0.0832,0.10656,0.35897599999999996
0.416128,0.075072,0.44927999999999996,0.133632,0.262336,0.226432
0.2576,0.21606399999999998,0.171648,0.266432,0.119616,0.073472
0.391488,0.150912,0.117696,0.10060799999999999,0.063872,0.237696
0.37273599999999996,0.151168,0.14079999999999998,0.09235199999999999,0.10291199999999999,0.065472
0.406784,0.050112,0.145152,0.051775999999999996,0.23660799999999998,0.067776
0.578048,0.064832,0.069824,0.419776,0.59104,0.074368
0.156544,0.24384,0.18515199999999998,0.51488,0.13644799999999999,0.107584
0.034367999999999996,0.20672,0.802496,0.12057599999999999,0.23737599999999998,0.10368
0.37196799999999997,0.44799999999999995,0.15731199999999998,0.296128,0.105088,0.09811199999999999
0.121984,0.11008,0.610688,0.07872,0.248576,0.252224
0.11577599999999999,0.19750399999999999,0.6703359999999999,0.17593599999999998,0.09433599999999999,0.28627199999999997
0.24537599999999998,0.19104,0.606528,0.042176,0.11807999999999999,0.13216
0.058112,0.152064,1.15136,0.075904,0.09267199999999999,0.093248
0.35616,0.04928,0.022784,0.164608,0.23423999999999998,0.062335999999999996
0.1984,0.36544,0.090944,0.198656,0.19724799999999998,0.069184
0.076416,0.595712,0.08179199999999999,0.08953599999999999,0.19296,0.13952
0.416128,0.325632,0.08639999999999999,0.08032,0.26451199999999997,0.08441599999999999
0.295744,0.16633599999999998,0.2752,0.038335999999999995,0.072768,0.22003199999999998
0.132288,0.084544,0.158208,0.08275199999999999,0.119808,0.246528
0.041728,0.134464,0.155136,0.35436799999999996,0.772928,0.23884799999999998
0.515904,0.23577599999999999,0.07008,0.15552,0.094912,0.12185599999999999
0.391296,0.08556799999999999,0.372032,0.14848,0.086528,0.112384
0.373952,0.12544,0.6050559999999999,0.303616,0.07968,0.066688
0.147392,0.343168,0.383104,0.16716799999999998,0.135488,0.9763839999999999
0.090624,0.31295999999999996,0.086464,0.092224,0.100032,0.041088
0.178816,0.22527999999999998,0.208832,0.084608,0.176832,0.08588799999999999
0.056575999999999994,0.247744,0.331328,0.27327999999999997,0.08556799999999999,0.236672
0.144128,0.329664,0.232448,0.084864,0.088896,0.07968
0.13888,0.11430399999999999,0.252224,0.465024,0.064192,0.167424
0.464896,0.23635199999999998,0.13683199999999998,0.288128,0.205888,0.151936
0.40287999999999996,0.165248,0.119104,0.303744,0.199104,0.10502399999999999
0.044288,0.494784,0.064,0.113024,0.073792,0.071424
0.055423999999999994,0.13727999999999999,0.317504,0.35488,0.154112,0.39392
0.033088,0.38662399999999997,0.15417599999999998,0.07897599999999999,0.07808,0.245312
0.15616,0.24684799999999998,0.39788799999999996,0.420736,0.119808,0.210368
0.193984,0.06559999999999999,0.060224,0.17510399999999998,0.111744,0.086336
0.1328,0.08902399999999999,0.064896,0.16422399999999998,0.034432,0.08921599999999999
0.385088,0.16006399999999998,0.09695999999999999,0.144192,0.082624,0.198848
0.610816,0.10368,0.21145599999999998,0.189824,0.08191999999999999,0.15692799999999998
0.314304,0.1472,0.28928,0.075968,0.066176,0.10886399999999999
0.161472,0.159488,0.147584,0.293248,0.044607999999999995,0.069504
0.110784,0.159808,0.0736,0.09529599999999999,0.079936,0.21190399999999998
0.16985599999999998,0.6828799999999999,0.202176,0.054079999999999996,0.083072,0.926464
0.051968,0.105408,0.31129599999999996,0.147584,0.126208,0.047296
0.164608,0.375616,0.49279999999999996,0.257664,0.147392,0.11347199999999999
0.081408,0.506496,0.167616,0.09990399999999999,0.066048,0.077056
0.097344,0.31328,0.718528,0.162944,0.163008,0.18073599999999998
0.070912,0.08806399999999999,0.052095999999999996,0.5624319999999999,0.152384,0.257984
0.142848,0.18515199999999998,0.2032,0.135616,0.09862399999999999,0.22508799999999998
0.11974399999999999,0.054784,0.057856,0.126656,0.087616,0.39033599999999996
0.20256,0.089728,0.33055999999999996,0.104128,0.073792,0.187776
0.211136,0.051328,0.332544,0.096064,0.111872,0.115328
0.143296,0.067776,0.181312,0.331072,0.090112,0.073088
0.022208,0.31232,0.470784,0.135936,0.076352,0.28083199999999997
0.190336,0.133632,0.21254399999999998,0.07008,0.137024,0.229632
0.634496,0.11673599999999999,0.18867199999999998,0.137792,0.185408,0.171072
0.101824,0.260224,0.15564799999999998,0.163008,0.06816,0.110592
0.23743999999999998,0.186112,0.398528,0.12736,0.262208,0.178944
0.097088,0.114368,0.12736,0.17984,0.212672,0.297664
0.316096,0.11359999999999999,0.172864,0.079936,0.185472,0.13913599999999998
0.1616,0.243392,0.236032,0.08159999999999999,0.076608,0.09312
0.113856,0.109568,0.5548799999999999,0.104256,0.04736,0.15231999999999998
0.041728,0.132544,0.44223999999999997,0.18112,0.12255999999999999,0.128448
0.15103999999999998,0.611584,0.141696,0.159744,0.081152,0.158336
0.153536,0.17695999999999998,0.39583999999999997,0.18528,0.07936,0.19980799999999999
0.149696,0.218048,0.16863999999999998,0.22784,0.12339199999999999,0.219776
0.09119999999999999,0.101824,0.540608,0.348608,0.053183999999999995,0.401536
0.658304,0.276736,0.13599999999999998,0.22380799999999998,0.08512,0.39936
0.19622399999999998,0.134592,0.08384,0.08524799999999999,0.063872,0.167296
0.24870399999999998,0.16319999999999998,0.255552,0.112064,0.216448,0.029567999999999997
0.19904,0.13376,0.112768,0.09747199999999999,0.099072,0.19008
0.101952,0.19244799999999998,0.086016,0.19411199999999998,0.219264,0.27232
0.285248,0.226432,0.10239999999999999,0.171264,0.084032,0.258112
0.44966399999999995,0.161024,1.080384,0.1984,0.069696,0.22694399999999998
0.265024,0.122112,0.604096,0.220544,0.053376,0.141504
0.295616,0.123136,0.139904,0.105664,0.0576,0.105984
0.062208,0.12659199999999998,0.319488,0.099008,0.047424,0.079552
0.311424,0.076544,0.23283199999999998,0.20928,0.04416,0.10323199999999999
0.146496,0.18809599999999999,0.214912,0.170752,0.552064,0.058367999999999996
0.08224,0.154496,0.130432,0.068864,0.11609599999999999,0.107776
0.053503999999999996,0.05472,0.076288,0.364096,0.102464,0.29292799999999997
0.174144,0.292416,0.072256,0.061503999999999996,0.312832,0.24608
0.100352,0.041088,0.087424,0.20864,0.10457599999999999,0.29881599999999997
0.17721599999999998,0.08441599999999999,0.445632,0.056448,0.12575999999999998,0.07731199999999999
0.18995199999999998,0.07039999999999999,0.636992,0.13568,0.102976,0.076352
0.6553599999999999,0.7221759999999999,0.056192,0.08576,0.13055999999999998,0.13152
0.23763199999999998,0.262272,0.075264,0.048319999999999995,0.088256,0.164288
0.231808,0.153856,0.32723199999999997,0.06432,0.167616,0.604992
0.24262399999999998,0.234944,0.17363199999999998,0.14464,0.06272,0.097088
0.276352,0.32051199999999996,0.106304,0.07936,0.067776,0.22342399999999998
0.28582399999999997,0.09644799999999999,0.252288,0.08838399999999999,0.11315199999999999,0.146304
0.512768,0.20895999999999998,0.929344,0.185664,0.218688,0.053503999999999996
0.111936,0.14112,0.071104,0.08063999999999999,0.096576,0.134016
0.273856,0.136576,0.581376,0.257472,0.069184,0.183936
0.47935999999999995,0.070912,0.163008,0.299968,0.14432,0.095872
0.14790399999999998,0.17664,0.47187199999999996,0.193024,0.25856,0.042943999999999996
0.079744,0.193856,0.211008,0.24991999999999998,0.099328,0.07353599999999999
0.196288,0.051968,1.486208,0.206336,0.080256,0.07776
0.078208,0.414016,0.437824,0.125248,0.11641599999999999,0.146944
0.178304,0.09068799999999999,0.330304,0.098176,0.060351999999999996,0.101952
0.178176,0.055423999999999994,0.22905599999999998,0.066688,0.088768,0.079104
0.452544,0.08159999999999999,0.214784,0.112512,0.089728,0.054015999999999995
0.19622399999999998,0.19078399999999998,0.21344,0.046208,0.21254399999999998,0.143872
0.062015999999999995,0.12255999999999999,0.16191999999999998,0.244224,0.08211199999999999,0.068928
0.29568,0.174976,0.255104,0.076544,0.15167999999999998,0.16569599999999998
0.639936,0.385472,0.131968,0.060351999999999996,0.214976,0.17990399999999998
0.066624,0.140544,0.513792,0.068352,0.073792,0.09695999999999999
0.07712,0.149632,0.34649599999999997,0.056192,0.140288,0.33504
0.18636799999999998,0.116544,0.07929599999999999,0.097024,0.20864,0.081472
0.058303999999999995,0.1936,0.547968,0.099328,0.16947199999999998,0.050496
0.047167999999999995,0.11903999999999999,0.26144,0.112896,0.09811199999999999,0.14707199999999998
0.297728,0.12415999999999999,0.478336,0.0464,0.078528,0.19776
0.113216,0.091264,0.141184,0.179776,0.051712,0.192704
0.092544,0.214912,0.049088,0.09759999999999999,0.092544,0.08377599999999999
0.172352,0.077376,0.652928,0.046528,0.096704,0.31936
0.060992,0.42879999999999996,0.66848,0.221888,0.107584,0.244608
0.106752,0.070336,0.29331199999999996,0.21983999999999998,0.07296,0.444032
0.19705599999999998,0.348224,0.113664,0.48991999999999997,0.11552,0.63872
0.349568,0.11552,0.09472,0.133184,0.104832,0.124224
0.0944,0.270848,0.07168,0.230464,0.145088,0.08294399999999999
0.07776,0.142656,0.30675199999999997,0.10368,0.04768,0.087744
0.229184,0.092928,0.28876799999999997,0.24761599999999998,0.06873599999999999,0.14176
0.373888,0.07500799999999999,0.453312,0.084224,0.057408,0.199872
0.073984,0.095552,0.349248,0.27372799999999997,0.055999999999999994,0.13312
0.061439999999999995,0.196352,0.0848,0.090432,0.049088,0.118848
0.19999999999999998,0.603008,0.18579199999999998,0.168128,0.201344,0.063168
0.053503999999999996,0.10732799999999999,0.41292799999999996,0.12448,0.147776,0.11936
0.053632,0.161216,0.11724799999999999,0.06726399999999999,0.09894399999999999,0.13433599999999998
0.092096,0.0896,0.18431999999999998,0.119936,0.08377599999999999,0.138752
0.138752,0.19667199999999999,0.420288,0.117952,0.14271999999999999,0.239808
0.22399999999999998,0.08819199999999999,0.21439999999999998,0.26304,0.067712,0.08588799999999999
0.157184,0.181312,0.096832,0.036671999999999996,0.21216,0.08512
0.267904,0.032383999999999996,0.090432,0.176256,0.062015999999999995,0.16768
0.6791039999999999,0.195008,0.236224,0.147968,0.051712,0.124608
0.150784,0.09414399999999999,0.2016,0.06304,0.062015999999999995,0.0848
0.138688,0.25344,0.78784,0.18016,0.091584,0.059328
0.373952,0.271488,0.060672,0.23801599999999998,0.11475199999999999,0.191744
0.17068799999999998,0.13408,0.15808,0.23782399999999998,0.163328,0.130816
0.306048,0.074432,0.32556799999999997,0.15443199999999999,0.06643199999999999,0.18598399999999998
0.060544,0.118464,0.354176,0.091392,0.14016,0.16224
0.053183999999999995,0.398528,0.30214399999999997,0.211136,0.22297599999999998,0.17248
0.06048,0.12575999999999998,0.130944,0.101504,0.055167999999999995,0.044416
0.091648,0.061503999999999996,0.249792,0.218688,0.300096,0.12089599999999999
0.050752,0.55104,0.18828799999999998,0.339264,0.12659199999999998,0.347136
0.24326399999999998,0.234368,0.379968,0.044992,0.102144,0.064
0.16544,0.35264,0.42144,0.43430399999999997,0.095232,0.22758399999999998
0.17574399999999998,0.20768,0.125696,0.319552,0.09267199999999999,0.06848
0.044224,0.055423999999999994,0.33017599999999997,0.41728,0.059455999999999995,0.16902399999999998
0.072896,0.325888,0.32678399999999996,0.10783999999999999,0.118144,0.993216
0.105792,0.088896,0.052607999999999995,0.20864,0.645632,0.117824
0.105472,0.748992,0.081216,0.18016,0.047552,0.358784
0.20812799999999998,0.245056,0.37529599999999996,0.18239999999999998,0.11859199999999999,0.289856
0.21888,0.21670399999999998,0.327296,0.109888,0.06988799999999999,0.07814399999999999
0.29791999999999996,0.117184,0.271488,0.08044799999999999,0.176,0.072128
0.388544,0.120448,0.625216,0.18016,0.09151999999999999,0.24608
0.230656,0.08736,0.092544,0.07238399999999999,0.17638399999999999,0.110592
0.07488,0.171456,0.16902399999999998,0.139008,0.255488,0.095104
0.264192,0.12383999999999999,0.266816,0.07814399999999999,0.13452799999999998,0.075712
0.36646399999999996,0.19833599999999998,0.72,0.095872,0.28332799999999997,0.136384
0.261312,0.059904,0.24896,0.05984,0.029504,0.08224
0.17056,0.05824,0.649408,0.142464,0.393472,0.13580799999999998
0.152448,0.052927999999999996,0.11295999999999999,0.215104,0.09350399999999999,0.095552
0.11295999999999999,0.288128,0.023871999999999997,0.055167999999999995,0.25023999999999996,0.149504
0.18495999999999999,0.131136,0.131584,0.124736,0.14112,0.091392
0.20294399999999999,0.038848,0.10700799999999999,0.067328,0.15628799999999998,0.5018239999999999
0.08384,0.046464,0.107072,0.084864,0.123776,0.15443199999999999
0.358784,0.12575999999999998,0.132544,0.108096,0.18528,0.091456
0.11148799999999999,0.121088,0.184192,0.083648,0.358784,0.08870399999999999
0.07488,0.134464,0.3744,0.08838399999999999,0.047552,0.038335999999999995
0.16153599999999999,0.331648,0.32140799999999997,0.175232,0.243584,0.094208
0.096704,0.14976,0.442304,0.339264,0.115968,0.070976
0.335872,0.131328,0.103936,0.098496,0.19078399999999998,0.10803199999999999
0.16927999999999999,0.097728,0.088448,0.123968,0.090944,0.067008
0.216256,0.19916799999999998,0.11807999999999999,0.07731199999999999,0.074816,0.252864
0.15398399999999998,0.346752,0.08358399999999999,0.06822399999999999,0.125376,0.154304
0.353408,0.205568,0.031296,0.071936,0.169152,0.168768
0.38048,0.18764799999999998,0.11148799999999999,0.401792,0.12806399999999998,0.262656
0.35686399999999996,0.22009599999999999,0.1648,0.097408,0.081472,0.102656
0.14227199999999998,0.35987199999999997,0.076416,0.088128,0.26156799999999997,0.132096
0.123456,0.253504,0.644736,0.16236799999999998,0.086656,0.12025599999999999
0.19552,0.10835199999999999,0.193664,0.125184,0.200896,0.119488
0.077184,0.12006399999999999,0.180032,0.271424,0.08544,0.15968
0.149056,0.696064,0.328576,0.13203199999999998,0.07878399999999999,0.142592
0.233088,0.16096,0.249792,0.064512,0.18995199999999998,0.163008
0.085824,0.17068799999999998,0.703616,0.068352,0.076096,0.10419199999999999
0.239552,0.169408,0.174848,0.107968,0.122624,0.084608
0.176256,0.44390399999999997,0.44716799999999995,0.061439999999999995,0.12595199999999998,0.142208
0.09344,0.23366399999999998,1.4529919999999998,0.069184,0.109248,0.07449599999999999
0.09824,0.606464,0.268992,0.333312,0.13350399999999998,0.087104
0.100992,0.14944,0.10470399999999999,0.092864,0.053759999999999995,0.233984
0.163072,0.13376,0.269568,0.417728,0.25312,0.16755199999999998
0.216,0.06944,0.128832,0.113408,0.055807999999999996,0.070912
0.09504,0.25151999999999997,0.225024,0.184192,0.070464,0.124096
0.20793599999999998,0.091904,0.18809599999999999,0.06611199999999999,0.062015999999999995,0.084544
0.5377919999999999,0.33811199999999997,0.051328,0.29247999999999996,0.053888,0.05824
0.414016,0.22195199999999998,0.029439999999999997,0.1376,0.072576,0.083968
0.677696,0.33811199999999997,0.5728,0.053312,0.10271999999999999,0.095744
0.165184,0.101952,0.142464,0.13472,0.044671999999999996,0.265536
0.11136,0.058432,0.12121599999999999,0.217664,0.11936,0.058559999999999994
0.17184,0.27392,0.048063999999999996,0.078016,0.026688,0.06304
0.364544,0.113408,0.092544,0.18137599999999998,0.090304,0.059648
0.26323199999999997,0.159744,0.072128,0.07103999999999999,0.058816,0.054655999999999996
0.024704,0.31801599999999997,0.160128,0.14368,0.17721599999999998,0.120128
0.18764799999999998,0.130816,0.50784,0.202624,0.046208,0.106624
0.12768,0.09056,0.33977599999999997,0.21503999999999998,0.11116799999999999,0.085696
0.0544,0.091776,0.322112,0.058176,0.070656,1.110464
0.33471999999999996,0.070848,0.385408,0.08607999999999999,0.195904,0.098304
0.45977599999999996,0.326912,0.255232,0.059584,0.067392,0.130304
0.08736,0.17529599999999998,0.406976,0.26111999999999996,0.099008,0.33555199999999996
0.378112,0.052607999999999995,0.191168,0.17260799999999998,0.06048,0.09247999999999999
0.19168,0.10156799999999999,0.205952,0.253248,0.278016,0.058623999999999996
0.43839999999999996,0.107072,0.14496,0.11936,0.064256,0.139648
0.16902399999999998,0.059584,0.25651199999999996,0.351616,0.049471999999999995,0.25279999999999997
0.108416,0.115648,0.17638399999999999,0.19807999999999998,0.081408,0.22758399999999998
0.44390399999999997,0.15456,0.14368,0.247808,0.075136,0.29952
0.185088,0.145664,0.035392,0.31551999999999997,0.180864,0.094528
0.24326399999999998,0.051519999999999996,0.188736,0.500224,0.067392,0.15584
0.363392,0.139328,0.125248,0.34208,0.075712,0.164608
0.06675199999999999,0.103104,0.18867199999999998,0.144896,0.16633599999999998,0.084288
0.150912,0.331328,0.405632,0.163328,0.068608,0.09299199999999999
0.123904,0.198016,0.308032,0.126208,0.166464,0.07782399999999999
0.111552,0.107136,0.449536,0.07219199999999999,0.30784,0.081728
0.138688,0.06393599999999999,0.035136,0.215552,0.09433599999999999,0.06758399999999999
0.089088,0.108736,0.16352,0.09017599999999999,0.5749759999999999,0.07872
0.198848,0.1488,0.11046399999999999,0.107648,0.07135999999999999,0.037888
0.214784,0.667136,0.076928,0.115904,0.197184,0.111872
0.250752,0.152384,0.084864,0.20185599999999998,0.109632,0.092288
0.12870399999999999,0.41798399999999997,0.377472,0.122496,0.08159999999999999,0.086656
0.195904,0.288064,0.036351999999999995,0.05568,0.15295999999999998,0.138368
0.08211199999999999,0.0832,0.038079999999999996,0.119936,0.197184,0.64672
0.7885439999999999,0.19519999999999998,0.263936,0.081728,0.0784,0.22304
0.15756799999999999,0.28064,0.046591999999999995,0.142336,0.184128,0.174784
0.40543999999999997,0.051519999999999996,0.074816,0.23263999999999999,0.08639999999999999,0.16883199999999998
0.29056,0.09036799999999999,0.077376,0.0576,0.12,0.282688
0.170624,0.10124799999999999,0.158912,0.091584,0.22111999999999998,0.09363199999999999
0.360832,0.086528,0.436672,0.200768,0.080576,0.100544
0.33311999999999997,0.125504,0.28627199999999997,0.08,0.052287999999999994,0.322304
0.473728,0.227904,0.43795199999999995,0.061312,0.179648,0.039168
0.11116799999999999,0.28159999999999996,1.374976,0.12992,0.651072,0.407808
0.090816,0.214464,0.18764799999999998,0.123584,0.1936,0.137856
0.16319999999999998,0.43513599999999997,0.318528,0.12403199999999999,0.054079999999999996,0.402176
0.046848,0.103104,0.090944,0.15744,0.078016,0.11584
0.16755199999999998,0.1424,0.216192,0.27161599999999997,0.228672,0.223936
0.115712,0.120128,0.288192,0.12992,0.09529599999999999,0.312256
0.257152,0.18783999999999998,0.16780799999999998,0.22688,0.19494399999999998,0.16780799999999998
0.337856,0.091136,0.513408,0.214528,0.235456,0.16339199999999998
0.174208,0.23571199999999998,0.39904,0.127296,0.10124799999999999,0.04928
0.28192,0.094528,0.20249599999999998,0.10931199999999999,0.121984,0.08224
0.060992,0.35136,0.590912,0.132352,0.107392,0.1328
0.067648,0.145344,0.35187199999999996,0.153472,0.17990399999999998,0.268032
0.11859199999999999,0.095232,0.54496,0.09894399999999999,0.06432,0.23071999999999998
0.118656,0.20479999999999998,0.185408,0.153088,0.102336,0.339136
0.051264,0.05728,0.29587199999999997,0.22425599999999998,0.103168,0.065728
0.12140799999999999,0.189696,0.280192,0.18208,0.11494399999999999,0.23052799999999998
0.05248,0.073152,0.039552,0.084864,0.304576,0.255808
0.16288,0.08512,0.44422399999999995,0.076928,0.085632,0.09312
0.12102399999999999,0.496256,0.294272,0.011072,0.16697599999999999,0.066688
0.08288,0.49529599999999996,0.274176,0.0848,0.10771199999999999,0.1424
0.080832,0.098368,0.24128,0.161856,0.081856,0.11692799999999999
0.11673599999999999,0.227264,0.06656,0.155392,0.105088,0.076608
0.043584,0.137344,0.303552,0.183808,0.327872,0.294464
0.06016,0.071616,0.258944,0.08832,0.153664,0.042816
0.182592,0.035328,0.055487999999999996,0.110784,0.23577599999999999,0.651328
0.09926399999999999,0.11097599999999999,0.106304,0.09433599999999999,0.110784,0.142144
0.057984,0.445696,0.061056,0.273984,0.209088,0.156736
0.035648,0.158336,0.211136,0.10912,0.075456,0.078336
0.22777599999999998,0.24896,0.2512,0.066816,0.184576,0.7037439999999999
0.067136,0.426048,0.14656,0.183744,0.026879999999999998,0.338816
0.115072,0.2704,0.057408,0.2176,0.145472,0.37868799999999997
0.187392,0.058623999999999996,0.07500799999999999,0.279232,0.239232,0.142016
0.045759999999999995,0.07712,0.122752,0.34656,0.097152,0.086592
0.12556799999999999,0.05536,0.24608,0.063872,0.108928,0.130048
0.30816,0.116352,0.162496,0.12089599999999999,0.065088,0.168896
0.16255999999999998,0.14944,0.10572799999999999,0.10867199999999999,0.104128,0.069632
0.040832,0.0736,0.361664,0.07302399999999999,0.097664,0.1392
0.12192,0.088448,0.07872,0.05248,0.14227199999999998,0.038911999999999995
0.11315199999999999,0.068032,0.16172799999999998,0.07270399999999999,0.093376,0.743424
0.136384,0.2352,0.13683199999999998,0.091968,0.2512,0.118656
0.02144,0.101504,0.216384,0.089152,0.106816,0.068672
0.059264,0.17792,0.278016,0.080064,0.105792,0.132288
0.092416,0.069632,0.8429439999999999,0.185088,0.8622335,0.14016
0.07296,0.130688,0.20627199999999998,0.086144,0.259584,0.11462399999999999
0.138752,0.09497599999999999,0.097344,0.055999999999999994,0.232768,0.073088
0.256,0.148032,0.06527999999999999,0.05568,0.149568,0.031872
0.21567999999999998,0.163264,0.071808,0.145536,0.104,0.266944
0.072064,0.258752,0.122432,0.082368,0.080256,0.053503999999999996
0.1616,0.183552,0.039936,0.07270399999999999,0.08032,0.15392
0.297856,0.106432,0.08607999999999999,0.11392,0.1392,0.086272
0.23679999999999998,0.106496,0.09318399999999999,0.20607999999999999,0.12217599999999999,0.326912
0.058879999999999995,0.077952,0.12659199999999998,0.525056,0.502336,0.071296
0.082304,0.073728,0.079424,0.17215999999999998,0.166016,0.14291199999999998
0.09945599999999999,0.058816,0.08544,0.049536,0.09548799999999999,0.080256
0.042047999999999995,0.22636799999999999,0.22912,0.30630399999999997,0.035519999999999996,0.414528
0.42175999999999997,0.063424,0.09088,0.22591999999999998,0.132608,0.258752
0.210304,0.069504,0.26976,0.258368,0.130112,0.21753599999999998
0.137024,0.081152,0.11584,0.168384,0.11552,0.083456
0.308544,0.050432,0.109696,0.24864,0.0688,0.124608
0.08416,0.089792,0.28256,0.091968,0.065856,0.161984
0.16652799999999998,0.080704,0.195456,0.094848,0.28384,0.1536
0.033024,0.09017599999999999,0.284736,0.038079999999999996,0.195328,0.190912
0.238528,0.219712,0.13248,0.29312,0.1056,0.12096
0.10592,0.029311999999999998,0.231936,0.076032,0.149504,0.089472
0.110912,0.064512,0.047936,0.142144,0.15295999999999998,0.09977599999999999
0.496704,0.09631999999999999,0.36607999999999996,0.158656,0.120192,0.225984
0.217408,0.08544,0.257216,0.17011199999999999,0.17536,0.09497599999999999
0.15488,0.185856,0.159296,0.20646399999999998,0.13312,0.172736
0.23993599999999998,0.128128,0.079424,0.11347199999999999,0.18528,0.19935999999999998
0.198144,0.068544,0.23052799999999998,0.07392,0.104,0.168256
0.525376,0.144128,0.180416,0.068032,0.097344,0.11168
0.035904,0.134784,0.250816,0.2016,0.26592,0.135424
0.11263999999999999,0.147136,0.136768,0.224192,0.059775999999999996,0.140224
0.067392,0.115904,0.152384,0.056512,0.20083199999999998,0.31212799999999996
0.17088,0.17427199999999998,0.075776,0.203264,0.15923199999999998,0.054848
0.209024,0.079168,0.058688,0.09267199999999999,0.07904,0.14918399999999998
0.119104,0.051008,0.091904,0.135232,0.279808,0.086016
0.198784,0.14848,0.05216,0.096896,0.19916799999999998,0.044288
0.172928,0.23532799999999998,0.129344,0.08288,0.094912,0.06336
0.079552,0.081024,0.08505599999999999,0.27232,0.08556799999999999,0.164928
0.345856,0.163008,0.20793599999999998,0.176512,0.13747199999999998,0.108096
0.06924799999999999,0.089728,0.19436799999999999,0.38783999999999996,0.136768,0.23596799999999998
0.25529599999999997,0.124288,0.16467199999999999,0.054079999999999996,0.164992,0.11475199999999999
0.09875199999999999,0.112064,0.107776,0.04704,0.131584,0.230656
0.18176,0.246464,0.15488,0.059072,0.132736,0.13216
0.15001599999999998,0.20435199999999998,0.268544,0.0992,0.08127999999999999,0.192128
0.084352,0.057727999999999995,0.15065599999999998,0.13344,0.15103999999999998,0.16512
0.04992,0.09414399999999999,0.37216,0.167104,0.11871999999999999,0.0896
0.13811199999999998,0.07878399999999999,0.28415999999999997,0.112192,0.124288,0.05536
0.665536,0.44339199999999995,0.11558399999999999,0.158464,0.17657599999999998,0.047104
0.075264,0.266304,0.260992,0.07961599999999999,0.088128,0.213888
0.500992,0.04192,0.223936,0.28876799999999997,0.081536,0.103488
0.162304,0.264,1.0727039999999999,0.231296,0.129216,0.321984
0.19008,0.05696,0.327296,0.12255999999999999,0.095552,0.13516799999999998
0.091648,0.07103999999999999,0.22976,0.059904,0.12870399999999999,0.25952
0.22297599999999998,0.24659199999999998,0.090944,0.118528,0.060672,0.20313599999999998
0.383104,0.064512,0.14707199999999998,0.057408,0.110528,0.334464
0.169984,0.14355199999999999,0.168768,0.415616,0.087744,0.11295999999999999
0.060416,0.130688,0.21023999999999998,0.113664,0.6494719999999999,0.098816
0.128448,0.048895999999999995,0.086528,0.262336,0.14592,0.18387199999999998
0.283136,0.07232,0.075584,0.071168,0.07961599999999999,0.216448
0.29542399999999996,0.09811199999999999,0.21439999999999998,0.09151999999999999,0.068352,0.194304
0.09862399999999999,0.116352,1.025728,0.261696,0.1104,0.07488
0.16608,0.117184,0.909056,0.115392,0.081472,0.14048
0.27936,0.090432,0.093056,0.321984,0.038016,0.086464
0.14374399999999998,0.485824,0.26028799999999996,0.24972799999999998,0.047872,0.294656
0.101824,0.149248,0.26624,0.041152,0.28448,0.048448
0.18809599999999999,0.071232,0.13535999999999998,0.061183999999999995,0.341568,0.091968
0.257664,0.07615999999999999,0.36531199999999997,0.186752,0.19455999999999998,0.24051199999999998
0.131136,0.041664,0.155136,0.137536,0.21318399999999998,0.059584
0.37734399999999996,0.109056,0.36352,0.034304,0.11839999999999999,0.12415999999999999
0.125888,0.123648,0.2112,0.107392,0.073088,0.11923199999999999
0.037503999999999996,0.06432,0.08012799999999999,0.06873599999999999,0.089664,0.053376
0.040768,0.186688,0.29184,0.11724799999999999,0.194688,0.10112
0.41132799999999997,0.076608,0.07929599999999999,0.119168,0.24703999999999998,0.11724799999999999
0.0752,0.25472,0.337024,0.27743999999999996,0.08723199999999999,0.06527999999999999
0.05024,0.05696,0.259008,0.106752,0.059264,0.060992
0.17926399999999998,0.189568,0.12006399999999999,0.12889599999999998,0.14784,0.127616
0.11577599999999999,0.11295999999999999,0.203392,0.078592,0.187968,0.142592
0.09446399999999999,0.085632,0.039231999999999996,0.18745599999999998,0.092224,0.202624
0.056895999999999995,0.124096,0.150784,0.060863999999999994,0.078016,0.17152
0.13036799999999998,0.08179199999999999,0.055743999999999995,0.520832,0.08473599999999999,0.07564799999999999
0.22688,0.167424,0.440704,0.135104,0.088128,0.102336
0.179648,0.061888,0.58304,0.249856,0.08409599999999999,0.057727999999999995
0.29408,0.35584,0.0544,0.096704,0.190208,0.097024
0.07168,0.198272,0.144192,0.049536,0.091456,0.078208
0.44979199999999997,0.715584,0.294464,0.099328,0.181056,0.263936
0.168576,0.140672,0.174208,0.06912,0.145024,0.208256
0.204416,0.325632,0.15488,0.07264,0.056704,1.1807998999999998
0.170176,0.126144,0.11974399999999999,0.060416,0.282944,0.5164799999999999
0.06368,0.125824,0.30169599999999996,0.229952,0.065344,0.8634879999999999
0.48352,0.310656,0.092096,0.221632,0.087104,0.39168
0.051264,0.16339199999999998,0.080384,0.299008,0.060544,0.23532799999999998
0.084032,0.041791999999999996,0.100032,0.142144,0.055231999999999996,0.1504
0.10323199999999999,0.463872,0.571584,0.160384,0.121664,0.129216
0.178496,0.4896,0.038335999999999995,0.058112,0.105664,0.087296
0.19225599999999998,0.084672,0.179136,0.19168,0.07564799999999999,0.16127999999999998
0.13849599999999998,0.534272,0.116544,0.114688,0.11488,0.049471999999999995
0.129152,0.369536,0.667264,0.24659199999999998,0.27712,0.180864
0.170368,0.083648,0.291456,0.25056,0.182336,0.118976
0.867776,0.048319999999999995,0.140288,0.16319999999999998,0.12544,0.12025599999999999
0.105152,0.23071999999999998,0.22688,0.192384,0.0736,0.090816
0.146368,0.270016,0.46649599999999997,0.223296,0.08416,0.151872
0.09331199999999999,0.134656,0.15443199999999999,0.092288,0.12319999999999999,0.136704
0.352128,0.09408,0.466688,0.058752,0.156544,0.13888
0.15456,0.251648,0.19622399999999998,0.372288,0.068096,0.21952
0.11923199999999999,0.151232,0.176448,0.188736,0.074816,0.10387199999999999
0.087424,0.96704,0.186432,0.26304,0.057791999999999996,0.332352
0.067776,0.108096,0.215936,0.26118399999999997,0.116544,0.547584
0.113408,0.152576,0.11008,0.241472,0.087104,0.5686399999999999
0.080064,0.097984,0.06393599999999999,0.06643199999999999,0.11526399999999999,0.201408
0.12121599999999999,0.21190399999999998,0.127936,0.322816,0.042047999999999995,0.1328
0.109696,0.1344,0.073408,0.121344,0.046528,0.46227199999999996
0.191168,0.089792,0.124224,0.059904,0.159488,0.080832
0.51424,0.064,0.10092799999999999,0.394688,0.140096,0.105664
0.308736,0.258944,0.043264,0.14771199999999998,0.08256,0.11161599999999999
0.31232,0.10835199999999999,0.235264,0.273216,0.039616,0.099328
0.19552,0.055999999999999994,0.107968,0.06643199999999999,0.07302399999999999,0.112768
0.060992,0.154496,0.183808,0.22943999999999998,0.11616,0.251584
0.184128,0.1152,0.34112,0.127168,0.233536,0.271808
0.325696,0.187584,0.156608,0.08787199999999999,0.11244799999999999,0.089728
0.042752,0.07135999999999999,0.093568,0.169088,0.066688,0.13996799999999998
0.513664,0.17427199999999998,0.07744,0.146432,0.258368,0.06496
0.13888,0.38662399999999997,0.09824,0.180864,0.06368,0.24518399999999999
0.29292799999999997,0.26144,0.199936,0.270592,0.085504,0.113216
0.105984,0.357952,0.046528,0.16275199999999998,0.143616,0.117952
0.29984,0.508992,0.42668799999999996,0.29568,0.11673599999999999,0.097984
0.23699199999999998,0.8240639999999999,0.085824,0.166144,0.07897599999999999,0.761344
0.045503999999999996,0.597696,0.34604799999999997,0.053824,0.326464,0.11859199999999999
0.151744,0.035775999999999995,0.564928,0.053376,0.121088,0.060992
0.6231679999999999,0.251712,0.134784,0.25574399999999997,0.075264,0.17568
0.068544,0.11129599999999999,0.60992,0.096256,0.140096,0.240704
0.25945599999999996,0.126848,0.16505599999999998,0.065728,0.0928,0.082304
0.091392,0.348224,0.646976,0.145664,0.345408,0.146432
0.433984,0.1808,0.219392,0.221248,0.06329599999999999,0.13312
0.063744,0.13183999999999998,0.12096,0.040192,0.13344,0.13408
0.19494399999999998,0.23257599999999998,0.13222399999999998,0.12006399999999999,0.057727999999999995,0.051008
0.042688,0.032576,0.26323199999999997,0.030719999999999997,0.118144,0.054144
0.073728,0.154368,0.41625599999999996,0.075584,0.277632,0.068608
0.21408,0.117696,0.101696,0.349696,0.2384,0.12928
0.161152,0.117056,0.21567999999999998,0.428736,0.281536,0.081024
0.07897599999999999,0.06297599999999999,0.18752,0.224704,0.276032,0.160384
0.16,0.176512,0.780608,0.259584,0.172224,0.083008
0.15808,0.226432,0.063744,0.19078399999999998,0.09414399999999999,0.12371199999999999
0.112384,0.230464,0.052287999999999994,0.12300799999999999,0.241024,0.08588799999999999
0.127488,0.18118399999999998,0.118848,0.245504,0.039744,0.182784
0.129408,0.081856,0.5696,0.11660799999999999,0.1472,0.070272
0.122496,0.109696,0.130688,0.155136,0.16070399999999999,0.07385599999999999
0.106816,0.091648,0.151104,0.09926399999999999,0.1888,0.160384
0.296832,0.07961599999999999,0.070016,0.080384,0.05536,0.085824
0.25446399999999997,0.228736,0.34854399999999996,0.20959999999999998,0.085824,0.13535999999999998
0.071168,0.09977599999999999,0.259712,0.057024,0.137216,0.091392
0.049727999999999994,0.08620799999999999,0.42047999999999996,0.123776,0.06016,0.10521599999999999
0.44684799999999997,0.09036799999999999,0.5562239999999999,0.192576,0.063168,1.246669616
0.164928,0.072832,0.44639999999999996,0.312,0.13504,0.092608
0.340928,0.106944,0.224192,0.262336,0.22841599999999998,0.28038399999999997
0.286848,0.044416,0.400576,0.258304,0.058688,0.065984
0.447424,0.146432,0.145088,0.237248,0.103808,0.048448
0.20224,0.131968,0.10592,0.0672,0.0192,0.360768
0.15711999999999998,0.141568,0.571904,0.280192,0.06643199999999999,0.11724799999999999
0.31104,0.17049599999999998,0.187776,0.159744,0.027072,0.068288
0.142464,1.347456,0.17740799999999998,0.10092799999999999,0.24518399999999999,0.163008
0.197184,0.10432,0.092032,0.20992,0.091968,0.065728
0.61152,0.10112,0.207808,0.445376,0.088512,0.10156799999999999
0.207552,0.11616,0.06527999999999999,0.45772799999999997,0.252544,0.059968
0.092224,0.070336,0.081024,0.0688,0.714432,0.09580799999999999
0.059904,0.34809599999999996,0.100544,0.041728,0.187968,0.10751999999999999
0.111232,0.09747199999999999,0.231424,0.176704,0.089664,0.170752
0.643072,0.1792,0.08921599999999999,0.11488,0.10175999999999999,0.065536
0.120512,0.106432,0.0496,0.204096,0.117952,0.073088
0.21772799999999998,0.10931199999999999,0.267264,0.07456,0.10815999999999999,0.08703999999999999
0.058176,0.085632,0.0928,0.118144,0.240192,0.103616
0.105472,0.078592,0.313664,0.290752,0.135744,0.164928
0.14784,0.072512,0.073472,0.175232,0.12499199999999999,0.17664
0.073472,0.18073599999999998,0.410112,0.24678399999999998,0.092288,0.119296
0.105344,0.06758399999999999,0.111424,0.31616,0.103296,0.136768
0.353728,0.077184,0.331904,0.194304,0.116992,0.08275199999999999
0.21900799999999998,0.16896,0.083328,0.082688,0.080896,0.16633599999999998
0.2224,0.11743999999999999,0.625024,0.12415999999999999,0.09414399999999999,0.159552
0.27743999999999996,0.040448,0.079744,0.16569599999999998,0.181312,0.093952
0.184832,0.095424,0.142336,0.12172799999999999,0.262528,0.135232
0.22489599999999998,0.08524799999999999,0.287168,0.1504,0.090496,0.17907199999999998
0.1504,0.182976,0.36403199999999997,0.104128,0.103488,0.50688
0.187072,0.41171199999999997,0.17574399999999998,0.16588799999999998,0.103488,0.34188799999999997
0.133824,0.21798399999999998,0.599488,0.046976,0.24,0.15001599999999998
0.069504,0.04992,0.460288,0.07551999999999999,0.071936,0.09727999999999999
0.13088,0.13516799999999998,0.21209599999999998,0.09318399999999999,0.107136,0.094912
0.061248,0.08768,0.423168,0.123584,0.08032,0.097856
0.149568,0.16224,0.175424,0.1168,0.063104,0.11014399999999999
0.25792,0.171584,0.304512,0.23584,0.29625599999999996,0.3328
0.219328,0.16044799999999998,0.58048,0.24192,0.109248,0.226496
0.07878399999999999,0.072256,0.585536,0.16358399999999998,0.061439999999999995,0.10719999999999999
0.322112,0.205504,0.41375999999999996,0.08896,0.06559999999999999,0.076032
0.088896,0.088768,0.353472,0.238336,0.086016,0.19980799999999999
0.146304,0.27968,0.134784,0.210816,0.145088,0.050879999999999995
0.07615999999999999,0.08806399999999999,0.2496,0.102976,0.12992,0.132096
0.08838399999999999,0.043136,0.034623999999999995,0.326656,0.09612799999999999,0.21151999999999999
0.14079999999999998,0.128128,0.255552,0.246976,0.145344,0.065472
0.047424,0.107136,0.116672,0.158016,0.084992,0.09759999999999999
0.019455999999999998,0.17907199999999998,0.232768,0.17049599999999998,0.110784,0.181632
0.680832,0.126272,1.044352,0.127936,0.04544,0.214272
0.059135999999999994,0.226176,0.22169599999999998,0.093952,0.058879999999999995,0.060096
0.5088,0.06924799999999999,0.29497599999999996,0.21862399999999999,0.143232,0.229568
0.138688,0.07392,0.043328,0.07103999999999999,0.170176,0.266816
0.23577599999999999,0.072448,0.222656,0.20582399999999998,0.09952,0.12467199999999999
0.10470399999999999,0.038592,0.346368,0.35686399999999996,0.242112,0.12608
0.204096,0.060096,0.27968,0.125248,0.141568,0.300544
0.11859199999999999,0.149568,0.073472,0.045056,0.164736,0.268736
0.031424,0.082048,0.16319999999999998,0.089472,0.118336,0.106624
0.11987199999999999,0.07219199999999999,0.191104,0.035775999999999995,0.171392,0.20582399999999998
0.087488,0.135872,0.126528,0.15129599999999999,0.067328,0.07961599999999999
0.57344,0.12153599999999999,0.50784,0.106624,0.10323199999999999,0.17094399999999998
0.08544,0.42207999999999996,0.348736,0.12768,0.089472,1.23084782
0.212032,0.090944,0.06912,0.093888,0.096384,0.163328
0.6586879999999999,0.16288,0.27743999999999996,0.019712,0.161408,0.24851199999999998
0.259392,0.252544,0.173184,0.143488,0.311488,0.287616
0.156736,0.096832,0.289216,0.07270399999999999,0.22912,0.12595199999999998
0.7690239999999999,0.15103999999999998,0.196096,0.145664,0.109952,0.136128
0.174016,0.053376,0.21292799999999998,0.069696,0.370496,0.12454399999999999
0.071808,0.114176,0.192768,0.21107199999999998,0.33599999999999997,0.21401599999999998
0.037632,0.131456,0.27168,0.34912,0.187712,0.230144
0.17664,0.15609599999999998,0.150912,0.258368,0.17574399999999998,0.145344
0.11692799999999999,0.18911999999999998,0.229184,0.13958399999999999,0.10848,0.122816
0.22777599999999998,0.131968,0.08691199999999999,0.077184,0.18944,0.21087999999999998
0.258752,0.147776,0.174976,0.17491199999999998,0.12255999999999999,0.10457599999999999
0.154304,0.129984,0.16550399999999998,0.22214399999999998,0.383872,0.11424
0.20838399999999999,0.13663999999999998,0.110272,0.19584,0.388864,0.05984
0.478336,0.085696,0.089984,0.06822399999999999,0.067392,0.323712
0.26592,0.129664,0.24076799999999998,0.313216,0.043392,0.213888
0.065024,0.06444799999999999,0.45216,0.07936,0.132736,0.229824
0.335488,0.094208,0.088256,0.048832,0.0368,0.232448
0.183936,0.06752,0.20543999999999998,0.248768,0.24159999999999998,0.252928
0.29081599999999996,0.087936,0.603904,0.40371199999999996,0.129664,0.200704
0.08473599999999999,0.136512,0.11628799999999999,0.505664,0.081344,0.18470399999999998
0.055231999999999996,0.16544,0.37324799999999997,0.253888,0.072832,0.11711999999999999
0.100992,0.180608,0.24051199999999998,0.054079999999999996,0.071168,0.08768
0.077184,0.20063999999999999,0.06752,0.551808,0.082176,0.18239999999999998
0.150272,0.09151999999999999,0.134272,0.11923199999999999,0.11129599999999999,0.105792
0.070016,0.095936,0.13119999999999998,0.312768,0.145024,0.099072
0.28384,0.18048,0.088832,0.28499199999999997,0.36614399999999997,0.266944
0.052927999999999996,0.156224,0.09350399999999999,0.274048,0.18528,0.13100799999999999
0.326464,0.104128,0.06656,0.084992,0.48364799999999997,0.166848
0.195968,0.221248,0.09631999999999999,0.012159999999999999,0.234944,0.248192
0.023743999999999998,0.19807999999999998,0.253376,0.178496,0.139712,0.142592
0.27033599999999997,0.247936,0.400128,0.09068799999999999,0.10624,0.39552
0.19916799999999998,0.083072,0.835648,0.113216,0.048256,0.804928
0.08390399999999999,0.294656,0.406144,0.03168,0.10303999999999999,0.06464
0.070528,0.13472,0.16255999999999998,0.139392,0.362688,0.31257599999999996
0.08211199999999999,0.086976,0.096576,0.59264,0.218688,0.2304
0.21312,0.279488,0.681472,0.154496,0.076736,0.47948799999999997
1.1126399999999999,0.086144,0.137856,0.346176,0.112768,0.22752
0.271808,0.16550399999999998,0.26655999999999996,0.140288,0.103936,0.051519999999999996
0.427712,0.09235199999999999,0.07929599999999999,0.12121599999999999,0.101824,0.18764799999999998
0.121344,0.1152,0.357824,0.354112,0.13152,0.284416
0.232768,0.04768,0.318208,0.15584,0.0608,0.12128
0.157824,0.620672,0.164544,0.27116799999999996,0.11014399999999999,0.409024
0.11859199999999999,0.156352,0.13580799999999998,0.34355199999999997,0.18828799999999998,0.18367999999999998
0.216128,0.590656,0.271104,0.090944,0.20940799999999998,0.12102399999999999
0.063744,0.10175999999999999,0.096704,0.291456,0.113024,0.080832
0.105984,0.524096,0.134656,0.118464,0.09100799999999999,0.128192
0.100224,0.184192,0.21952,0.108544,0.193344,0.080576
0.14848,0.088,0.09267199999999999,0.13644799999999999,0.08492799999999999,0.11871999999999999
0.08409599999999999,0.17695999999999998,0.323328,0.036608,0.11014399999999999,0.10528
0.039744,0.043264,0.500672,0.107392,0.319744,0.1392
0.327552,0.096,0.208704,0.074944,0.0608,0.061248
0.29580799999999996,0.066688,0.09529599999999999,0.30969599999999997,0.270208,0.122752
0.095872,0.10656,0.225344,0.07551999999999999,0.080064,0.124736
0.084672,0.071296,0.10374399999999999,0.129024,0.187584,0.10732799999999999
0.322368,0.202816,0.07782399999999999,0.37657599999999997,0.040576,0.046144
0.24736,0.15417599999999998,0.13183999999999998,0.276096,0.06368,0.090432
0.372992,0.11180799999999999,0.096896,0.151616,0.08390399999999999,0.24672
0.099008,0.062592,0.069824,0.054015999999999995,0.024895999999999998,0.11628799999999999
0.09568,0.10867199999999999,0.086144,0.33139199999999996,0.21459199999999998,0.05312
0.072576,0.23884799999999998,0.11839999999999999,0.074624,0.17907199999999998,0.247104
0.048192,0.082176,0.17536,0.2176,0.228992,0.142144
0.154304,0.320256,0.21420799999999998,0.113408,0.070848,0.130944
0.13497599999999998,0.1872,0.25990399999999997,0.10617599999999999,0.27910399999999996,0.258496
0.194176,0.092544,0.204224,0.11891199999999999,0.31385599999999997,0.040576
0.375168,0.108608,0.026303999999999998,0.02144,0.112192,0.141952
0.337984,0.06476799999999999,0.46060799999999996,0.118016,0.14784,0.061119999999999994
0.118464,0.053888,0.269568,0.10303999999999999,0.07782399999999999,0.106112
0.25734399999999996,0.06393599999999999,0.06412799999999999,0.112832,0.297344,0.2176
0.135424,0.164096,0.144064,0.117824,0.117376,0.208704
0.189824,0.142016,0.06048,0.099968,0.0624,0.23846399999999998
0.125696,0.162432,0.068544,0.141568,0.379264,0.11443199999999999
0.176448,0.107648,0.175168,0.427264,0.067328,0.095872
0.124096,0.164096,0.14918399999999998,0.37619199999999997,0.101952,0.504128
0.265856,0.127552,0.278144,0.109568,0.233984,0.188352
0.295296,0.126784,0.112192,0.09952,0.102976,0.28870399999999996
0.10259199999999999,0.41414399999999996,0.49574399999999996,0.29836799999999997,0.18182399999999999,0.08275199999999999
0.049536,0.045696,0.400704,0.20294399999999999,0.06432,0.076864
0.208192,0.273344,0.068032,0.147456,0.111232,0.06559999999999999
0.7551359999999999,0.135104,0.040128,0.041408,0.222656,0.379264
0.466368,0.501632,0.061119999999999994,0.199936,0.13024,0.212416
0.102272,0.077248,0.06848,0.149504,0.15167999999999998,0.12723199999999998
0.08159999999999999,0.201344,0.19411199999999998,0.19014399999999998,0.059775999999999996,0.076032
0.063168,0.06758399999999999,0.29216,0.266368,0.075392,0.112576
0.059648,0.07039999999999999,0.34431999999999996,0.24281599999999998,0.169152,0.102016
0.153216,0.12140799999999999,0.374272,0.200064,0.068928,0.19833599999999998
0.32556799999999997,0.056768,0.442304,0.051519999999999996,0.055743999999999995,0.11295999999999999
0.51456,0.113408,0.546304,0.06611199999999999,0.154304,0.07302399999999999
0.10803199999999999,0.10355199999999999,0.535424,0.205888,0.213248,0.088832
0.15744,0.483712,0.502912,0.129344,0.48384,0.048576
0.1936,0.38579199999999997,0.5101439999999999,0.190848,0.1536,0.023167999999999998
0.191168,0.06822399999999999,0.535616,0.342912,0.18201599999999998,0.014912
0.06048,0.250176,0.582016,0.131968,0.16588799999999998,0.21484799999999998
0.31423999999999996,0.09465599999999999,0.619456,0.41881599999999997,0.093952,0.038784
0.217216,0.153024,0.848448,0.17926399999999998,0.27584,0.067968
0.109952,0.10976,0.8891519999999999,0.195008,0.17312,0.071744
0.140672,0.169152,0.383424,0.271936,0.17529599999999998,0.087488
0.146816,0.29497599999999996,0.042367999999999996,0.154368,0.086656,0.288896
0.24639999999999998,0.03744,0.23347199999999999,0.0288,0.14707199999999998,0.042688
0.181888,0.30214399999999997,0.056768,0.19616,0.159872,0.17823999999999998
0.21824,0.076288,0.072832,0.117824,0.330816,0.06393599999999999
0.12889599999999998,0.12140799999999999,0.246912,0.066624,0.07353599999999999,0.37107199999999996
0.471616,0.11660799999999999,0.26976,0.061119999999999994,0.161792,0.067968
0.330304,0.11161599999999999,0.06988799999999999,0.38790399999999997,0.191872,0.489216
0.210304,0.065984,0.226048,0.09344,0.04928,0.21536
0.096896,0.147392,0.055167999999999995,0.060031999999999995,0.16966399999999998,0.169088
0.09984,0.177152,0.33408,0.6624639999999999,0.132544,0.147008
0.147456,0.29984,0.322688,0.028735999999999998,0.075392,0.053632
0.245824,0.188608,0.22943999999999998,0.106752,0.194816,0.09663999999999999
0.11315199999999999,0.25984,0.752128,0.190336,0.091904,0.100288
0.193408,0.192512,0.29036799999999996,0.100992,0.0992,0.2672
0.308032,0.213632,0.360064,0.138368,0.5799679999999999,0.097152
0.130688,0.098176,0.268608,0.145024,0.300928,0.17856
0.08736,0.142464,0.36863999999999997,0.187712,0.167872,0.103104
0.081152,0.16550399999999998,0.173568,0.073728,0.09465599999999999,0.133376
0.18431999999999998,0.104448,0.126848,0.197824,0.212672,0.12192
0.294656,0.232704,0.277568,0.119808,0.052544,0.057791999999999996
0.125696,0.079872,0.407232,0.07232,0.454208,0.06956799999999999
0.274688,0.26451199999999997,0.223744,0.043008,0.431168,0.167296
0.1248,0.200768,0.303616,0.317248,0.208512,0.045376
0.08326399999999999,0.10918399999999999,0.117184,0.306944,0.152896,0.031807999999999996
0.12415999999999999,0.079424,0.032,0.192704,0.097664,0.037568
0.13766399999999998,0.26144,0.288256,0.108096,0.105472,0.14112
0.26048,0.3008,0.071296,0.400064,0.15968,0.09350399999999999
0.17312,0.185728,0.098496,0.341248,0.128576,0.054848
0.25823999999999997,0.080512,0.07488,0.186112,0.332416,0.051648
0.523008,0.094912,0.5009279999999999,0.08256,0.112768,0.07968
0.111872,0.21337599999999998,0.21952,0.068928,0.197376,0.06675199999999999
0.098048,0.2256,0.115648,0.37407999999999997,0.141376,0.114176
0.160576,0.085504,0.052224,0.100544,0.336064,0.236032
0.091264,0.16070399999999999,0.034367999999999996,0.153408,0.046784,0.103488
0.110272,0.075712,0.6840959999999999,0.298624,0.11526399999999999,0.523968
0.185088,0.11129599999999999,0.447424,0.192832,0.216576,0.197632
0.11673599999999999,0.206848,0.42675199999999996,0.10271999999999999,0.072448,0.087168
0.0928,0.159296,0.47731199999999996,0.17759999999999998,0.107072,0.071936
0.07488,0.101632,0.07417599999999999,0.072,0.21689599999999998,0.064384
0.373312,0.326272,0.1248,0.051775999999999996,0.20627199999999998,0.087104
0.17804799999999998,0.121664,0.050432,0.101184,0.02752,0.050176
0.042943999999999996,0.056319999999999995,0.142208,0.067776,0.04288,0.040256
0.24851199999999998,0.06976,0.45638399999999996,0.277312,0.19935999999999998,0.063424
0.057536,0.173312,0.383552,0.275456,0.054976,0.056063999999999996
0.20940799999999998,0.16127999999999998,0.590592,0.401472,0.138752,0.08576
0.518016,0.132096,0.137984,0.63296,0.107456,0.062208
0.253248,0.13024,0.06873599999999999,0.088,0.066496,0.06912
0.1504,0.075072,0.128384,0.049215999999999996,0.11641599999999999,0.250112
0.068544,0.130752,0.134272,0.011968,0.162688,0.095232
0.073408,0.126976,0.078528,0.121344,0.046911999999999995,0.26745599999999997
0.113216,0.13376,0.08288,0.38144,0.017216,0.115968
0.431616,0.186944,0.15808,0.218112,0.24761599999999998,0.12268799999999999
0.176512,0.120192,0.626304,0.20230399999999998,0.097664,0.091776
0.11987199999999999,0.29171199999999997,0.23891199999999999,0.085312,0.162496,0.312768
0.224704,0.13433599999999998,0.184192,0.029824,0.071488,0.061376
0.194176,0.502976,0.5532159999999999,0.201408,0.09779199999999999,0.046655999999999996
0.17593599999999998,0.416064,0.29836799999999997,0.102528,0.106304,0.06624
0.22496,0.18656,0.10899199999999999,0.427008,0.23551999999999998,0.047167999999999995
0.163648,0.12415999999999999,0.222272,0.560384,0.1936,0.10803199999999999
0.17472,0.35564799999999996,0.128576,0.096576,0.22591999999999998,0.181248
0.46105599999999997,0.414272,0.223552,0.16704,0.092096,0.112832
0.454592,0.12556799999999999,0.254784,0.263168,0.456512,0.19769599999999998
0.183616,0.035008,0.061695999999999994,0.168768,0.120192,0.667968
0.06988799999999999,0.10668799999999999,0.103104,0.061119999999999994,0.340416,0.5202559999999999
0.116352,0.126464,0.428224,0.11756799999999999,0.27136,0.046911999999999995
0.168896,0.128512,0.37491199999999997,0.17177599999999998,0.2544,0.096512
0.27424,0.11046399999999999,0.911424,0.118784,0.054079999999999996,0.138432
0.279424,0.08358399999999999,0.115072,0.073152,0.22399999999999998,0.194176
0.06496,0.07232,0.19136,0.401408,0.534592,0.040768
0.079488,0.117504,0.150976,0.343744,0.024191999999999998,0.134848
0.260416,0.18867199999999998,0.86912,0.03616,0.112256,0.08275199999999999
1.214016,0.139712,0.209472,0.14937599999999998,0.203072,0.223296
0.28083199999999997,0.153408,0.081088,0.213888,0.319552,0.320384
0.393984,0.10188799999999999,0.2016,0.233536,0.122112,0.059199999999999996
0.182464,0.062271999999999994,0.124224,0.078208,0.507136,0.088768
0.283008,0.2384,0.12870399999999999,0.09312,0.11673599999999999,0.21312
0.25529599999999997,0.23052799999999998,0.11392,0.20748799999999998,0.157632,0.058496
0.12064,0.158272,0.116544,0.288512,0.20063999999999999,0.0464
0.207552,0.21043199999999998,0.29420799999999997,0.144832,0.06361599999999999,0.088576
0.079744,0.07353599999999999,0.162496,0.13632,0.104832,0.043392
0.221248,0.104128,0.064384,0.12511999999999998,0.137856,0.201728
0.218112,0.094848,0.078592,0.062912,0.2112,0.142656
0.300672,0.068352,0.119168,0.091968,0.129216,0.053696
0.12255999999999999,0.05504,0.485056,0.101504,0.162048,0.056575999999999994
0.20063999999999999,0.062464,0.051712,0.079424,0.225152,0.39136
0.11014399999999999,0.045888,0.523776,0.059072,0.11033599999999999,0.11212799999999999
0.921024,0.015743999999999998,0.13632,0.042304,0.09497599999999999,0.153536
0.08352,0.098368,0.127616,0.049408,0.174144,0.115904
0.13535999999999998,0.136576,0.08448,0.117056,0.080192,0.057088
0.07187199999999999,0.18265599999999999,0.28831999999999997,0.09408,0.212608,0.09036799999999999
0.077056,0.160192,0.19391999999999998,0.039296,0.166656,0.067392
0.17868799999999999,0.128512,0.071232,0.14464,0.08639999999999999,0.064192
0.105344,0.157056,0.143232,0.361856,0.461696,0.48198399999999997
0.025984,0.13139199999999998,0.546432,0.210304,0.11545599999999999,0.076544
0.346624,0.185472,0.24140799999999998,0.21004799999999998,0.039487999999999995,0.145728
0.40192,0.120128,0.03744,0.15456,0.087296,0.130944
0.11180799999999999,0.32844799999999996,0.065024,0.17856,0.08671999999999999,0.07583999999999999
0.27827199999999996,0.115392,0.091776,0.092096,0.076864,0.17555199999999999
0.116352,0.100352,0.11411199999999999,0.097216,0.039616,0.15212799999999999
0.102656,0.06559999999999999,0.252992,0.07583999999999999,0.19750399999999999,0.087424
0.06752,0.060096,0.11891199999999999,0.105088,0.0832,0.09529599999999999
0.08953599999999999,0.072512,0.10912,0.115968,0.085696,0.098688
0.12236799999999999,0.08556799999999999,0.0672,0.7268479999999999,0.066368,0.14048
0.15744,0.072768,0.386368,0.106752,0.069376,0.093696
0.237248,0.146432,0.226688,0.07667199999999999,0.121984,0.447872
0.094592,0.11212799999999999,0.191552,0.16832,0.126912,0.345792
0.068992,0.052863999999999994,0.07667199999999999,0.03872,0.068288,0.063232
0.101952,0.322496,0.09056,0.34764799999999996,0.097984,0.076352
0.070784,0.245696,0.26111999999999996,0.083456,0.10112,0.11609599999999999
0.702464,0.040639999999999996,0.106816,0.21715199999999998,0.10624,0.0832
0.10912,0.210176,0.174528,0.04,0.081344,0.063168
0.27532799999999996,0.046911999999999995,0.228288,0.094784,0.130688,0.092032
0.250432,0.01984,0.10470399999999999,0.07865599999999999,0.282624,0.178816
0.08179199999999999,0.12192,0.114688,0.060416,0.193472,0.047872
0.090112,0.11903999999999999,0.08588799999999999,0.24736,0.08492799999999999,0.166464
0.117184,0.163072,0.11347199999999999,0.11660799999999999,0.07782399999999999,0.323968
0.06924799999999999,0.0944,0.134784,0.10175999999999999,0.11430399999999999,0.062335999999999996
0.277952,0.14112,0.076352,0.288896,0.108288,0.18054399999999998
0.09984,0.058112,0.21536,0.133376,0.071168,0.12006399999999999
0.054911999999999996,0.166016,0.068992,0.16044799999999998,0.12006399999999999,0.07615999999999999
0.059775999999999996,0.203584,0.050432,0.249472,0.064064,0.056639999999999996
0.12057599999999999,0.064896,0.11839999999999999,0.24934399999999998,0.14336,0.13369599999999998
0.409344,0.39206399999999997,0.393856,0.147392,0.064832,0.08671999999999999
0.291136,0.104256,0.272768,0.18944,0.126144,0.08544
0.083136,0.06624,0.25312,0.054208,0.238528,0.0832
0.144704,0.175488,0.20704,0.08224,0.08544,0.056639999999999996
0.21753599999999998,0.64576,0.123264,0.334144,0.07667199999999999,0.081664
0.307776,0.36607999999999996,0.7011839999999999,0.20102399999999998,0.15212799999999999,0.054272
0.5498879999999999,0.044927999999999996,0.064704,0.114816,0.149056,0.154496
0.090496,0.082624,0.116544,0.2336,0.260544,0.073216
0.17343999999999998,0.153216,0.27283199999999996,0.058112,0.056319999999999995,0.14112
0.06790399999999999,0.35270399999999996,0.242304,0.13580799999999998,0.291456,0.043328
0.162112,0.1456,0.591168,0.053503999999999996,0.092416,0.059904
0.055872,0.154368,0.18828799999999998,0.044927999999999996,0.144704,0.116544
0.16416,0.087168,0.422656,0.18809599999999999,0.10668799999999999,0.078592
0.073664,0.109632,0.090624,0.21190399999999998,0.087296,0.17427199999999998
0.096512,0.24761599999999998,0.494336,0.080256,0.142976,0.11315199999999999
0.214464,0.099712,0.126848,0.044031999999999995,0.128512,0.10092799999999999
0.22527999999999998,0.06873599999999999,0.112704,0.104832,0.0944,0.07424
0.07187199999999999,0.22111999999999998,0.08934399999999999,0.17113599999999998,0.08512,0.087104
0.113088,0.04256,0.064704,0.060927999999999996,0.163136,0.048256
0.11648,0.46067199999999997,0.25740799999999997,0.221248,0.134784,0.113408
0.21337599999999998,0.11859199999999999,0.147968,0.079424,0.094848,0.11724799999999999
0.5068159999999999,0.129216,0.0528,0.20096,0.061695999999999994,0.274688
0.160384,0.107264,0.082816,0.114176,0.0832,0.05792
0.09344,0.079232,0.07417599999999999,0.49785599999999997,0.033472,0.072832
0.170624,0.107584,0.04416,0.09856,0.31904,0.033408
0.170432,0.162688,0.126464,0.268608,0.067392,0.044416
0.08275199999999999,0.08191999999999999,0.080832,0.17856,0.09247999999999999,0.096896
0.15878399999999998,0.616448,0.059199999999999996,0.102656,0.06841599999999999,0.050879999999999995
0.100672,0.303936,0.033024,0.150272,0.12448,0.050047999999999995
0.054655999999999996,0.071232,0.8468479999999999,0.188032,0.10009599999999999,0.16191999999999998
0.427008,0.050688,0.29312,0.12371199999999999,0.195136,0.11001599999999999
0.08191999999999999,0.071744,0.118464,0.24204799999999999,0.06822399999999999,0.06496
0.104768,0.102208,0.08275199999999999,0.100672,0.053696,0.068096
0.137344,0.042816,0.112576,0.15859199999999998,0.141568,0.270272
0.069376,0.024447999999999998,0.07020799999999999,0.271936,0.07270399999999999,0.08934399999999999
0.06297599999999999,0.061888,0.083328,0.030272,0.10156799999999999,0.177088
0.071168,0.05248,0.076928,0.34227199999999997,0.1456,0.278592
0.052095999999999996,0.17856,0.069504,0.290176,0.090496,0.624512
0.038655999999999996,0.8288,0.13312,0.10105599999999999,0.374592,0.227072
0.059135999999999994,0.060224,0.28332799999999997,0.075776,0.483904,0.218752
0.14656,0.12864,0.178944,0.10323199999999999,0.0784,0.141696
0.10950399999999999,0.038016,0.098368,0.43052799999999997,0.092224,0.204672
0.11616,0.199488,0.12192,0.155904,0.081536,0.11955199999999999
0.196544,0.121344,0.299904,0.161024,0.11488,0.082624
0.25728,0.112256,0.117376,0.107776,0.07532799999999999,0.142784
0.15129599999999999,0.10976,0.6715519999999999,0.11609599999999999,0.069376,0.198016
0.070656,0.337088,0.7490559999999999,0.124736,0.218752,0.18303999999999998
0.137792,0.090496,0.256,0.177728,0.178496,0.09945599999999999
0.070016,0.147136,0.17971199999999998,0.06624,0.075456,0.107456
0.225536,0.145728,0.209728,0.406592,0.112768,0.12639999999999998
0.20928,0.192512,0.22508799999999998,0.338816,0.184576,0.06272
0.0848,0.10982399999999999,0.19641599999999998,0.12351999999999999,0.18387199999999998,0.06643199999999999
0.32006399999999996,0.09727999999999999,0.08787199999999999,0.06272,0.061952,0.083072
0.612416,0.141888,0.218112,0.055231999999999996,0.152192,0.080704
0.5863039999999999,0.08256,0.257216,0.12768,0.52832,0.077376
0.207552,0.12832,0.136704,0.073984,0.182464,0.059584
0.101696,0.127104,0.071424,0.109696,0.388416,0.05536
0.161152,0.136576,0.11609599999999999,0.12319999999999999,0.072448,0.19104
0.162176,0.110528,0.109888,0.48991999999999997,0.104768,0.046655999999999996
0.12192,0.09235199999999999,0.10457599999999999,0.34054399999999996,0.138432,0.216448
0.49862399999999996,0.34105599999999997,0.293568,0.30547199999999997,0.099648,0.09446399999999999
0.152256,0.088768,0.323136,0.112704,0.196928,0.207168
0.348224,0.011776,0.230976,0.34438399999999997,0.083136,0.224768
0.43104,0.01824,0.31328,0.056639999999999996,0.058559999999999994,0.152256
0.09990399999999999,0.08224,0.188032,0.168448,0.163456,0.13984
0.169216,0.249856,0.67136,0.20665599999999998,0.160768,0.06784
0.28224,0.278208,0.24537599999999998,0.20230399999999998,0.036032,0.141824
0.46220799999999995,0.109376,0.296192,0.275456,0.104832,0.431168
0.07155199999999999,0.110592,0.084288,0.06278399999999999,0.1344,0.424
0.19142399999999998,0.133824,0.072064,0.110272,0.13344,0.08076799999999999
0.09984,0.040063999999999995,0.414784,0.278528,0.220544,0.10687999999999999
0.147776,0.121472,0.149056,0.171648,0.19142399999999998,0.13599999999999998
0.16025599999999998,0.086336,0.10912,0.15609599999999998,0.26272,0.070144
0.09875199999999999,0.095104,0.09024,0.087808,0.167744,0.079744
0.167296,0.18656,0.12383999999999999,0.138624,0.044671999999999996,0.171456
0.22009599999999999,0.40422399999999997,0.485824,0.20518399999999998,0.103296,0.13894399999999998
0.267712,0.088832,0.08896,0.07564799999999999,0.07897599999999999,0.084672
0.203264,0.10528,0.08095999999999999,0.077376,0.06822399999999999,0.05728
0.11116799999999999,0.122624,0.106752,0.450688,0.050496,0.34848
0.48691199999999996,0.34566399999999997,0.15552,0.299904,0.122944,0.10406399999999999
0.424896,0.119808,0.12992,0.10553599999999999,0.077376,0.13312
0.271296,0.148288,0.51232,,0.183552,0.17030399999999998
0.40384,0.10112,0.627648,,0.10656,0.054464
0.052672,0.065856,0.10976,,0.16671999999999998,0.08294399999999999
0.16441599999999998,0.037888,0.039424,,0.08787199999999999,0.134848
0.152448,0.070656,0.5962879999999999,,0.055936,0.17529599999999998
0.117696,0.21728,0.0752,,0.10604799999999999,0.064576
0.09631999999999999,0.06444799999999999,0.30342399999999997,,0.08806399999999999,0.155328
0.447424,0.213824,0.125184,,0.042176,0.25408
0.126656,0.220416,0.09414399999999999,,0.052031999999999995,0.09824
0.280704,0.13696,0.085504,,0.153088,0.125696
0.23340799999999998,0.245824,0.11231999999999999,,0.09132799999999999,0.102656
0.09408,0.06278399999999999,0.09004799999999999,,0.12544,0.047104
0.18239999999999998,0.141376,0.064832,,0.10528,0.052031999999999995
0.455872,0.062528,0.199872,,0.07135999999999999,0.23423999999999998
0.24972799999999998,0.073216,0.110592,,0.030336,0.126272
0.037952,0.077568,0.156608,,0.07155199999999999,0.076544
0.18975999999999998,0.043008,0.19008,,0.236096,0.092032
0.0784,0.060672,0.042432,,0.20576,0.197568
0.172736,0.030847999999999997,0.144896,,0.089664,0.108544
0.370176,0.12454399999999999,0.1792,,0.22214399999999998,0.126464
0.215552,0.057856,0.16863999999999998,,0.304896,0.109568
0.07468799999999999,0.118784,0.07667199999999999,,0.40998399999999996,0.0944
0.054144,0.15814399999999998,0.28064,,0.052544,0.085504
0.032704,0.117504,0.096832,,0.12723199999999998,0.2848
0.136384,0.150272,0.48326399999999997,,0.06336,0.37068799999999996
0.256768,0.027392,0.353728,,0.091968,0.100544
0.080064,0.742464,0.23449599999999998,,0.06726399999999999,0.18892799999999998
0.12236799999999999,0.11046399999999999,0.169152,,0.09548799999999999,0.184256
0.036416,0.100672,0.559808,,0.28499199999999997,0.34771199999999997
0.281088,0.08755199999999999,0.158336,,0.10009599999999999,0.533184
0.116544,0.258368,0.08076799999999999,,0.052927999999999996,0.184896
0.110208,0.025151999999999997,0.174976,,0.105472,0.10387199999999999
0.08819199999999999,0.255552,0.12025599999999999,,0.054208,0.13913599999999998
0.326272,0.13036799999999998,0.828672,,0.21375999999999998,0.126144
0.051968,0.18118399999999998,0.330304,,0.17510399999999998,0.06752
0.26655999999999996,1.0764799999999999,0.09088,,0.08832,0.087296
0.033984,0.121984,0.07155199999999999,,0.14604799999999998,0.119936
0.189248,0.081536,0.208896,,0.26432,0.11616
0.163008,0.064704,0.13683199999999998,,0.047552,0.073664
0.24409599999999998,0.412736,0.23974399999999998,,0.130048,0.044992
0.018496,0.125248,0.117824,,0.126848,0.13894399999999998
0.364992,0.036351999999999995,0.12383999999999999,,0.155072,0.106496
0.193216,0.12319999999999999,0.241728,,0.075456,0.039487999999999995
0.16505599999999998,0.061695999999999994,0.24179199999999998,,0.408576,0.04992
0.474304,0.228672,0.083328,,0.177664,0.076096
0.24825599999999998,0.21631999999999998,0.069824,,0.22848,0.642944
0.4688,0.071616,0.219264,,0.073728,0.062144
0.10432,0.083648,0.11084799999999999,,0.055616,0.020159999999999997
0.09331199999999999,0.11942399999999999,0.126528,,0.10656,0.11488
0.096064,0.094208,0.66464,,0.110528,0.254144
0.193344,0.042752,0.11807999999999999,,0.122944,0.198784
0.111744,0.135104,0.274368,,0.138048,0.162176
0.042816,0.030591999999999998,0.06393599999999999,,0.13952,0.173376
0.247296,0.225408,0.133376,,0.125696,0.102528
0.113344,0.05728,0.205056,,0.09119999999999999,0.19705599999999998
0.140864,0.245504,0.175168,,0.102144,0.101312
0.02112,0.13152,0.45260799999999995,,0.11475199999999999,0.11398399999999999
0.152064,0.06297599999999999,0.160512,,0.041664,0.248832
0.025344,0.081472,0.7852159999999999,,0.090304,0.193984
0.396416,0.22841599999999998,0.319424,,0.097344,0.20396799999999998
0.17113599999999998,0.17574399999999998,0.211648,,0.108416,0.16127999999999998
0.40793599999999997,0.10700799999999999,0.38048,,0.149568,0.172032
0.159872,0.14041599999999999,0.114048,,0.281024,0.229376
0.250944,0.040383999999999996,0.142784,,0.08639999999999999,0.16089599999999998
0.10259199999999999,0.07564799999999999,0.08639999999999999,,0.064512,0.075136
0.095744,0.013951999999999999,0.050623999999999995,,0.018175999999999998,0.059775999999999996
0.094208,0.06790399999999999,0.067648,,0.060416,0.172096
0.12556799999999999,0.22860799999999998,0.08416,,0.060927999999999996,0.100544
0.067648,0.091136,0.104256,,0.07302399999999999,0.13139199999999998
0.11244799999999999,0.280064,0.157504,,0.13248,0.106304
0.39878399999999997,0.085376,0.236096,,0.058047999999999995,0.064512
0.08505599999999999,0.16947199999999998,0.280704,,0.055616,0.072576
0.128448,0.13663999999999998,0.195328,,0.084544,0.065856
0.21375999999999998,0.12704,0.149568,,0.067648,0.046335999999999995
0.115008,0.47103999999999996,0.06432,,0.160512,0.827904
0.101632,0.193344,0.36614399999999997,,0.17657599999999998,0.12595199999999998
0.126272,0.11462399999999999,0.09036799999999999,,0.059008,0.059904
0.070784,0.200896,0.12787199999999999,,0.069952,0.080064
0.04384,0.086784,0.169344,,0.096384,0.069312
0.087744,0.123776,0.21273599999999998,,0.06527999999999999,0.073728
0.068032,0.06393599999999999,0.141952,,0.11839999999999999,0.129216
0.20524799999999999,0.196544,0.091712,,0.242944,0.27078399999999997
0.16255999999999998,0.08288,0.07647999999999999,,0.09843199999999999,0.172352
0.09119999999999999,0.13747199999999998,0.13024,,0.066688,0.07763199999999999
0.18112,0.225536,0.140288,,0.097216,0.238144
0.073792,0.262208,0.190528,,0.20793599999999998,0.20166399999999998
0.022463999999999998,0.13830399999999998,0.29171199999999997,,0.206528,0.118336
0.048448,0.115648,0.260608,,0.051392,0.187776
0.103104,0.087936,0.160192,,0.163456,0.13727999999999999
0.062015999999999995,0.09056,0.09888,,0.22272,0.040448
0.14816,0.11398399999999999,0.07731199999999999,,0.050303999999999995,0.14271999999999999
0.19206399999999998,0.5216,0.056448,,0.083456,0.18752
0.10521599999999999,0.077568,0.083648,,0.12403199999999999,0.121472
0.24095999999999998,0.051328,0.09235199999999999,,0.10502399999999999,0.17555199999999999
0.082816,0.046976,0.20185599999999998,,0.28959999999999997,0.118656
0.295744,0.0576,0.11295999999999999,,0.13913599999999998,0.26739199999999996
0.186432,0.096704,0.0624,,0.08806399999999999,0.11891199999999999
0.299904,0.08179199999999999,0.190208,,0.137088,0.08063999999999999
0.286144,0.069952,0.109056,,0.165376,0.10112
0.22886399999999998,0.192128,0.20691199999999998,,0.10105599999999999,0.177088
0.086016,0.108096,0.33376,,0.091264,0.17446399999999998
0.070528,0.058112,0.225024,,0.036224,0.135104
0.100352,0.079936,0.0736,,0.348224,0.235648
0.118464,0.096704,0.188416,,0.35980799999999996,0.234816
0.140224,0.065152,0.125376,,0.06841599999999999,0.124736
0.07187199999999999,0.584128,0.11462399999999999,,0.22848,0.022912
0.14291199999999998,0.074368,0.064384,,0.09318399999999999,0.403584
0.17152,0.08473599999999999,0.218496,,0.188608,0.27366399999999996
0.202176,0.18464,0.076864,,0.217408,0.092864
0.06726399999999999,0.184,0.265088,,0.032256,0.11558399999999999
0.106752,0.062592,0.253568,,0.046464,0.07468799999999999
0.07776,0.09151999999999999,0.12383999999999999,,0.313344,0.046464
0.269312,0.187904,0.48672,,0.145472,0.149696
0.052287999999999994,1.114112,0.240384,,0.12371199999999999,0.210304
0.10464,0.192768,0.184,,0.21375999999999998,0.052544
0.066368,0.059584,0.135552,,0.17759999999999998,0.055616
0.042752,0.374272,0.16108799999999998,,0.43628799999999995,0.135872
0.10656,0.06688,0.038016,,0.12057599999999999,0.12742399999999998
0.11859199999999999,0.35775999999999997,0.13683199999999998,,0.094528,0.142528
0.263744,0.27116799999999996,0.135872,,0.041471999999999995,0.0544
0.12768,0.045759999999999995,0.21881599999999998,,0.15148799999999998,0.112512
0.11577599999999999,0.052607999999999995,0.16755199999999998,,0.117312,0.152576
0.087936,0.18265599999999999,0.137792,,0.096,0.38464
0.10009599999999999,0.244864,0.306496,,0.104256,0.436992
0.1056,0.230848,0.09548799999999999,,0.071808,0.157056
0.060031999999999995,0.16416,0.127168,,0.147328,0.11008
0.09792,0.6175999999999999,0.153472,,0.12825599999999998,0.055743999999999995
0.055616,0.410112,0.102976,,0.2864,0.306944
0.656192,1.232512,0.36863999999999997,,0.193408,0.091392
0.20876799999999998,0.08512,0.291584,,0.055872,0.039487999999999995
0.141888,0.20768,0.43084799999999995,,0.15251199999999998,0.060544
0.21023999999999998,0.083456,0.567168,,0.150528,0.415552
0.22803199999999998,0.21004799999999998,0.064064,,0.08384,0.1888
0.196736,0.101952,0.263872,,0.0688,0.147456
0.230464,0.06476799999999999,0.255424,,0.363392,0.5169279999999999
0.402688,0.18752,0.6656639999999999,,0.09088,0.21983999999999998
0.058688,0.23071999999999998,0.279616,,0.15839999999999999,0.189184
0.43475199999999997,0.14457599999999998,0.226624,,0.543808,0.06688
0.5824,0.207808,0.229568,,0.053439999999999994,0.11871999999999999
0.090304,0.098496,1.014272,,0.22688,0.127104
0.305792,0.416896,0.6514559999999999,,0.26336,0.054976
0.061568,0.179776,0.5314559999999999,,0.103296,0.13849599999999998
0.235648,0.21855999999999998,0.332992,,0.038911999999999995,0.060031999999999995
0.095936,0.047616,0.138816,,0.052416,0.30969599999999997
0.28064,0.062079999999999996,0.14393599999999998,,0.058432,0.094528
0.54272,0.065344,0.066304,,0.1296,0.22016
0.08864,0.16832,0.123264,,0.16,0.140288
0.039487999999999995,0.15500799999999998,0.043455999999999995,,0.096576,0.2976
0.17472,0.11616,0.14854399999999998,,0.156608,0.16716799999999998
0.242944,0.155072,0.14464,,0.23551999999999998,0.17363199999999998
0.107264,0.297024,0.214912,,0.125376,0.49324799999999996
0.025856,0.354048,0.20384,,0.10982399999999999,0.208192
0.089088,0.14592,0.139648,,0.033856,0.05728
0.14707199999999998,0.09695999999999999,0.197952,,0.39532799999999996,0.24307199999999998
0.053759999999999995,0.129024,0.047936,,0.183616,0.12723199999999998
0.130048,0.10982399999999999,0.0496,,0.109952,0.102656
0.095232,0.174336,0.312832,,0.07763199999999999,0.060031999999999995
0.432832,0.120832,0.115648,,0.041152,0.168256
0.362432,0.05504,0.281152,,0.13312,0.136384
0.313344,0.286336,0.402368,,0.11545599999999999,0.10175999999999999
0.217216,0.161792,0.4224,,0.210688,0.182784
0.20287999999999998,0.078592,0.051968,,0.11513599999999999,0.08819199999999999
0.087616,0.072256,0.122432,,0.115904,0.16505599999999998
0.488512,0.101696,0.171648,,0.135744,0.09862399999999999
0.28959999999999997,0.36288,0.173504,,0.136512,0.10636799999999999
0.098368,0.083712,0.091456,,0.07020799999999999,0.07750399999999999
0.09017599999999999,0.266048,0.401408,,0.071232,0.239424
0.06675199999999999,0.127936,0.262336,,0.14304,0.06272
0.372544,0.039807999999999996,0.5415679999999999,,0.232896,0.10419199999999999
0.066368,0.140672,0.080704,,0.222528,0.098688
0.52864,0.08768,0.12351999999999999,,0.120448,0.101376
0.087936,0.08691199999999999,0.17823999999999998,,0.196736,0.063872
0.246336,0.08928,0.068992,,0.8446079999999999,0.090624
0.13183999999999998,0.051072,0.105408,,0.120128,0.07564799999999999
0.718336,0.062656,0.136896,,0.283136,0.19263999999999998
0.097152,0.14496,0.085952,,0.193856,0.084288
0.30624,0.1168,0.123648,,0.130496,0.083456
0.055231999999999996,0.5326719999999999,0.139456,,0.143488,0.11584
0.142848,0.23936,0.18470399999999998,,0.044095999999999996,0.22169599999999998
0.11148799999999999,0.065728,0.27910399999999996,,0.066048,0.12742399999999998
0.19935999999999998,0.102528,0.191168,,0.21318399999999998,0.127744
0.22323199999999999,0.20812799999999998,0.162432,,0.201728,0.065664
0.461312,0.16127999999999998,0.018175999999999998,,0.133248,0.050752
0.283008,0.058367999999999996,0.14048,,0.019776,0.059328
0.081856,0.16633599999999998,0.292032,,0.325248,0.149248
0.056575999999999994,0.14899199999999999,0.079168,,0.14336,0.396544
0.155136,0.336064,0.12217599999999999,,0.15731199999999998,0.081408
0.303104,0.10143999999999999,0.43967999999999996,,0.07583999999999999,0.061759999999999995
0.166144,0.14041599999999999,0.174208,,0.075392,0.08256
0.20704,0.161856,0.086976,,0.057151999999999994,0.09088
0.171904,0.587904,0.09312,,0.21023999999999998,0.129472
0.127616,0.13350399999999998,0.101312,,0.12864,0.202752
0.23449599999999998,0.185216,0.10470399999999999,,0.059199999999999996,0.18579199999999998
0.23199999999999998,0.260096,0.13452799999999998,,0.089152,0.08544
0.097088,0.090752,0.0928,,0.17657599999999998,0.18944
0.360768,0.21228799999999998,0.11648,,0.069312,0.124224
0.172736,0.071296,0.13139199999999998,,0.8769279999999999,0.624192
0.22342399999999998,0.099008,0.055552,,0.121088,0.21248
0.169536,0.0768,0.429504,,0.123776,0.096704
0.174016,0.08870399999999999,0.818176,,0.09536,0.094016
0.15334399999999998,0.083008,0.19494399999999998,,0.15488,0.060927999999999996
0.379968,0.300544,0.08409599999999999,,0.292864,0.09759999999999999
0.155392,0.114816,0.1088,,0.11033599999999999,0.42751999999999996
0.137088,0.17299199999999998,0.184192,,0.11513599999999999,0.126528
0.29375999999999997,0.125696,0.06726399999999999,,0.089792,0.614208
0.206976,0.30380799999999997,0.050752,,0.363456,0.04736
0.266816,0.424448,0.09376,,0.08243199999999999,0.085312
0.040576,0.2496,0.151808,,0.273984,0.07353599999999999
0.383424,0.08012799999999999,0.654656,,0.081536,0.11827199999999999
0.056063999999999996,0.11859199999999999,0.126272,,0.233984,0.090496
0.314432,0.094592,0.250816,,0.139904,0.09056
0.48102399999999995,0.25952,0.179392,,0.212032,0.369728
0.17536,0.239424,0.152064,,0.21292799999999998,1.3637537279999998
0.167424,0.347584,0.14656,,0.09631999999999999,0.125248
0.291904,0.088576,0.238592,,0.092544,0.065792
0.202176,0.403584,0.227904,,0.279232,0.320832
0.07699199999999999,0.229312,0.18054399999999998,,0.15795199999999998,0.19014399999999998
0.251328,0.26208,0.209664,,0.120128,0.0848
0.21439999999999998,0.259648,0.34271999999999997,,0.15328,0.264768
0.22092799999999999,0.373312,0.517632,,0.065728,0.18847999999999998
0.30969599999999997,0.14112,0.35987199999999997,,0.240192,0.073088
0.387264,0.115072,0.8079999999999999,,0.21344,0.064896
0.05248,0.388032,0.09119999999999999,,0.24736,0.126528
0.25151999999999997,0.023488,0.11648,,0.14668799999999999,0.06329599999999999
0.585216,0.352192,0.462784,,0.124416,0.22304
0.18847999999999998,0.031296,0.12153599999999999,,0.046208,0.162048
0.44716799999999995,0.22028799999999998,0.071808,,0.085952,0.10041599999999999
0.038016,0.33932799999999996,0.071744,,0.103488,0.046848
0.174784,0.31104,0.069376,,0.06848,0.068672
0.13952,0.27008,0.025536,,0.10470399999999999,0.07667199999999999
0.318912,0.548352,0.123456,,0.13472,0.14016
0.17279999999999998,0.107264,0.39577599999999996,,0.092864,0.335872
0.055423999999999994,0.081536,0.121088,,0.263744,0.21503999999999998
0.04,0.344704,0.198784,,0.10867199999999999,0.11827199999999999
0.085504,0.319744,0.40710399999999997,,0.08607999999999999,1.057536
0.058303999999999995,0.057088,0.36319999999999997,,0.146304,0.074624
0.152896,0.130688,0.133632,,0.050623999999999995,0.280448
0.096256,0.116864,0.44102399999999997,,0.051199999999999996,0.110272
0.208064,0.052672,0.552704,,0.182592,0.13644799999999999
0.5006079999999999,0.126784,0.175808,,0.104128,0.270464
0.24806399999999998,0.271744,0.7096319999999999,,0.261504,0.3104
0.25248,0.071488,0.065216,,0.074752,0.105984
0.44345599999999996,0.10848,0.06297599999999999,,0.23776,0.25376
0.12217599999999999,0.27788799999999997,0.172928,,0.17695999999999998,0.097408
0.139264,0.19744,0.22336,,0.216,0.18112
0.1568,0.097984,0.056768,,0.19327999999999998,0.124928
0.258688,0.165376,0.119616,,0.0896,0.076736
0.225984,0.059904,0.159168,,0.09363199999999999,0.16025599999999998
0.181248,0.17984,0.075456,,0.162496,0.3568
0.024128,0.111744,0.324352,,0.086016,0.22688
0.145088,0.08275199999999999,0.182336,,0.10489599999999999,0.13632
0.958208,0.148096,0.09984,,0.17868799999999999,0.092928
0.140992,0.056575999999999994,0.120832,,0.09312,0.086528
0.097216,0.091264,0.10438399999999999,,0.140288,0.18265599999999999
0.208256,0.384384,0.132608,,0.281344,0.13408
0.260416,0.183808,0.24121599999999999,,0.235264,0.071488
0.091968,0.06822399999999999,0.122304,,0.19289599999999998,0.08691199999999999
0.09984,0.1008,0.181952,,,0.058752
0.160768,0.144064,0.25472,,,0.059008
0.10912,0.078848,0.436864,,,0.35225599999999996
0.099008,0.11033599999999999,0.180224,,,0.138816
0.076736,0.0464,0.142208,,,0.27283199999999996
0.034432,0.061376,0.082688,,,0.270144
0.660416,0.11462399999999999,0.062335999999999996,,,0.47481599999999996
0.259712,0.110784,0.27168,,,0.234816
0.09875199999999999,0.113856,0.16896,,,0.013888
0.073152,0.08607999999999999,0.10188799999999999,,,0.050112
0.09504,0.047872,0.177152,,,0.381504
0.09331199999999999,0.081536,0.14835199999999998,,,0.116352
0.181504,0.193984,0.08703999999999999,,,0.06527999999999999
0.462528,0.235392,0.062912,,,0.070336
0.021759999999999998,0.096384,0.11513599999999999,,,0.350848
0.104768,0.049727999999999994,0.089472,,,0.100864
0.086848,0.090304,0.149248,,,0.08992
0.238144,0.135552,0.30131199999999997,,,0.107584
0.265152,0.152448,0.15839999999999999,,,0.08377599999999999
0.06361599999999999,0.225024,0.157632,,,0.08870399999999999
0.20940799999999998,0.242944,0.12025599999999999,,,0.160192
0.15072,0.08377599999999999,0.086336,,,0.08288
0.49779199999999996,0.069504,0.153216,,,0.10239999999999999
0.21043199999999998,0.12928,0.17382399999999998,,,0.132288
0.08243199999999999,0.166592,0.15923199999999998,,,0.0752
0.46022399999999997,0.031296,0.120128,,,0.765504
0.433984,0.063872,0.10982399999999999,,,0.09331199999999999
0.16172799999999998,0.04768,0.087616,,,0.18911999999999998
0.11084799999999999,0.054144,0.29247999999999996,,,0.20895999999999998
0.09267199999999999,0.167296,0.162176,,,0.203648
0.394624,0.285568,0.127616,,,0.09888
0.148416,0.18783999999999998,0.10470399999999999,,,0.16172799999999998
0.45593599999999995,0.14476799999999998,0.358272,,,0.107776
0.079232,0.105408,0.290176,,,0.088832
0.039296,0.136192,0.11443199999999999,,,0.869888
0.16716799999999998,0.53088,0.580288,,,0.398528
0.25318399999999996,0.338304,0.224768,,,0.239808
0.138752,0.168512,0.206144,,,0.401984
0.138368,0.198144,0.191488,,,0.630464
0.621888,0.113664,0.260096,,,0.097984
0.144256,0.061056,0.73952,,,0.12032
0.082176,0.229312,0.09151999999999999,,,0.116544
0.267328,0.08032,0.112192,,,0.087296
0.105664,0.141888,0.21792,,,0.071616
0.49190399999999995,0.145152,0.18073599999999998,,,0.3616
0.161984,0.101632,0.12415999999999999,,,0.19039999999999999
0.288576,0.087168,0.09580799999999999,,,0.163904
0.426816,0.120128,0.13747199999999998,,,0.12
0.20928,0.09382399999999999,0.053696,,,0.185216
0.102848,0.469952,0.393088,,,0.072
0.195072,0.07392,0.094848,,,0.09312
0.456576,0.256064,0.087296,,,0.107456
0.05728,0.216768,0.287296,,,0.41344
0.21606399999999998,0.09497599999999999,0.074112,,,0.264192
0.09119999999999999,0.102016,0.29715199999999997,,,0.19014399999999998
0.058112,0.061439999999999995,0.334848,,,0.12236799999999999
0.629952,0.09408,0.26822399999999996,,,0.130944
0.308288,0.085184,0.140864,,,0.12038399999999999
0.198208,0.106432,0.318272,,,0.23596799999999998
0.08992,0.09068799999999999,0.29958399999999996,,,0.141312
0.36416,0.22547199999999998,0.0576,,,0.10470399999999999
0.322432,0.378944,0.305344,,,0.160768
0.229376,0.24076799999999998,0.24544,,,0.05056
0.071104,0.208512,0.34310399999999996,,,0.048063999999999996
0.11180799999999999,0.20793599999999998,0.22713599999999998,,,0.08736
0.221568,0.094528,0.06496,,,0.031104
0.167104,0.261248,0.573888,,,0.12192
0.273216,0.102016,0.32352,,,0.132736
0.258496,0.060224,0.142592,,,0.26451199999999997
0.03712,0.096896,0.14976,,,0.229568
0.312512,0.116224,0.11392,,,0.233984
0.052672,0.11839999999999999,0.307328,,,0.091456
0.08723199999999999,0.228544,0.144448,,,0.5850879999999999
0.254336,0.343616,0.560448,,,0.129792
0.467072,0.08556799999999999,0.257856,,,0.09382399999999999
0.257152,0.158976,0.8069759999999999,,,0.19289599999999998
0.480768,0.6481279999999999,0.132608,,,0.065408
0.102976,0.213888,1.4976639999999999,,,0.085696
0.11743999999999999,0.063744,0.41663999999999995,,,0.291968
0.5063679999999999,0.305792,0.23967999999999998,,,0.163008
0.106752,0.449088,0.255424,,,0.12140799999999999
0.10303999999999999,0.066304,0.235392,,,0.140672
0.124288,0.045056,0.6156159999999999,,,0.087424
0.0416,0.325376,0.100864,,,0.059904
0.067648,0.16799999999999998,0.35872,,,0.072768
0.706816,0.134848,0.24639999999999998,,,0.135296
0.533376,0.129856,0.043712,,,0.198144
0.5411199999999999,0.21542399999999998,0.169408,,,0.057664
0.660736,0.15904,0.2448,,,0.20915199999999998
0.127936,0.110272,0.096896,,,0.115008
0.540736,0.15136,0.226432,,,0.18464
0.19436799999999999,0.177472,0.177088,,,0.5820799999999999
0.050303999999999995,0.15692799999999998,0.10835199999999999,,,0.243136
0.359488,0.102464,0.190656,,,0.10751999999999999
0.21945599999999998,0.162048,0.49785599999999997,,,0.24608
0.10848,0.12499199999999999,0.079936,,,0.10668799999999999
0.23865599999999998,0.061952,0.398464,,,0.092032
0.599232,0.261632,0.194432,,,0.077568
0.07500799999999999,0.07532799999999999,0.31129599999999996,,,0.12371199999999999
0.074368,0.045248,0.319616,,,0.118144
0.21728,0.149632,0.09894399999999999,,,0.12556799999999999
0.339584,0.199616,0.2784,,,0.072576
0.43545599999999995,0.158016,0.029567999999999997,,,0.087104
0.169216,0.12128,0.040063999999999995,,,0.071168
0.295168,0.234176,0.2912,,,0.07929599999999999
0.33478399999999997,0.066624,0.427008,,,0.066816
0.07782399999999999,0.06412799999999999,0.608128,,,0.08441599999999999
0.057984,0.06956799999999999,0.123776,,,0.07468799999999999
0.71424,0.397696,0.050303999999999995,,,0.10406399999999999
0.22777599999999998,0.133952,0.232768,,,0.160832
0.209664,0.145024,0.166912,,,0.117632
0.086464,0.113536,0.0624,,,0.06624
0.183552,0.080384,0.12096,,,0.11046399999999999
0.174976,0.16608,0.7561599999999999,,,0.07039999999999999
0.18662399999999998,0.148864,0.107392,,,0.0944
0.059199999999999996,0.056895999999999995,0.20192,,,0.184256
0.168384,0.169216,0.285504,,,0.148032
0.210688,0.23302399999999998,0.20479999999999998,,,0.097344
0.063488,0.22848,0.13516799999999998,,,0.323392
0.122304,0.10323199999999999,0.31673599999999996,,,0.199488
0.11001599999999999,0.161024,0.125376,,,0.151552
0.16044799999999998,0.15878399999999998,0.246528,,,0.136768
0.21696,0.65376,0.13344,,,0.09926399999999999
0.236224,0.42425599999999997,0.263808,,,0.146368
0.12128,0.10771199999999999,0.352576,,,0.216448
0.47865599999999997,0.09235199999999999,0.249856,,,0.086144
0.10867199999999999,0.50176,0.720448,,,0.111872
0.12217599999999999,0.260928,0.11161599999999999,,,0.191744
0.317888,0.415168,0.14374399999999998,,,0.20940799999999998
0.48697599999999996,0.15692799999999998,0.166912,,,0.117504
0.23776,0.18995199999999998,0.088768,,,0.20959999999999998
0.262592,0.182528,0.207232,,,0.241088
0.48396799999999995,0.09414399999999999,0.296128,,,0.071936
0.11148799999999999,0.070464,0.092416,,,0.075584
0.120192,0.131904,0.15808,,,0.28460799999999997
0.210816,0.28768,0.074944,,,0.060672
1.091712,0.18553599999999998,0.046464,,,0.132736
0.097152,0.239552,0.159168,,,0.035519999999999996
0.082496,0.24908799999999998,0.134272,,,0.052736
0.49785599999999997,0.181504,0.085376,,,0.106496
0.183296,0.274752,0.482048,,,0.08294399999999999
0.135424,0.33222399999999996,0.092096,,,0.705472
0.112064,0.147328,0.11180799999999999,,,0.149312
0.140992,0.28454399999999996,0.242368,,,0.056256
0.109376,0.34483199999999997,0.055936,,,0.34431999999999996
0.24723199999999998,0.283136,0.103424,,,0.29836799999999997
0.293952,0.081408,0.11673599999999999,,,0.10041599999999999
0.38822399999999996,0.198016,0.117312,,,0.10406399999999999
0.38873599999999997,0.129856,0.11552,,,0.148224
0.106624,0.20211199999999999,0.057088,,,0.118848
0.174976,0.14176,1.1086719999999999,,,0.671744
0.63552,0.192768,0.12908799999999998,,,0.107264
0.047167999999999995,0.135744,0.08838399999999999,,,0.15584
0.081664,0.213056,0.225664,,,0.046591999999999995
0.067328,0.065536,0.278976,,,0.17664
0.283456,0.08556799999999999,0.102016,,,0.10041599999999999
0.101312,0.616448,0.195648,,,0.09843199999999999
0.312512,0.122112,0.214336,,,0.20768
0.302656,0.052927999999999996,0.359936,,,0.086848
0.227904,0.048256,0.101952,,,0.138816
0.750016,0.186752,0.159296,,,0.12742399999999998
0.8986879999999999,0.106816,0.096832,,,0.121088
0.25574399999999997,0.753088,0.252544,,,0.06368
0.5219199999999999,0.22905599999999998,0.129472,,,0.080256
0.255168,0.11552,0.011647999999999999,,,0.1328
0.0576,0.36991999999999997,0.27699199999999996,,,0.28076799999999996
0.5648639999999999,0.134016,0.7853439999999999,,,0.04448
0.11987199999999999,0.097728,0.10124799999999999,,,0.322048
0.350848,0.15328,0.23430399999999998,,,0.22777599999999998
0.12089599999999999,0.135744,0.069632,,,0.127808
0.127744,0.118976,0.682496,,,0.195904
0.060096,0.189248,0.144128,,,0.227904
0.15001599999999998,0.229184,0.142784,,,0.141184
0.08870399999999999,0.272704,0.079936,,,0.07731199999999999
0.120512,0.135616,0.756736,,,0.069696
0.14912,0.25279999999999997,0.46444799999999997,,,0.243392
0.35692799999999997,0.323264,0.17248,,,0.12185599999999999
0.41958399999999996,0.140672,0.156352,,,0.9853897639999999
0.41824,0.267136,0.081344,,,0.074816
0.082816,0.1504,0.11104,,,0.095104
0.200512,0.386752,0.14944,,,0.146752
0.204736,0.252992,0.16966399999999998,,,0.33504
0.077056,0.141696,0.150976,,,0.12121599999999999
0.251776,0.16780799999999998,0.130816,,,0.09792
0.43052799999999997,0.14227199999999998,0.242304,,,0.058752
0.120512,0.041984,0.5690879999999999,,,0.322112
0.36928,0.48319999999999996,0.078592,,,0.161408
0.221568,0.260096,0.17248,,,0.14937599999999998
0.142336,0.102784,0.060736,,,0.11987199999999999
0.288512,0.41215999999999997,0.228992,,,0.056512
0.157056,0.239168,0.366592,,,0.037376
0.221376,0.079168,0.181056,,,0.060992
0.36224,0.068032,0.071808,,,0.132992
0.13504,0.048319999999999995,0.0896,,,0.09376
0.15398399999999998,0.075392,0.044607999999999995,,,0.195008
0.256832,0.10783999999999999,0.028607999999999998,,,0.537856
0.382208,0.10835199999999999,0.155136,,,0.096832
0.210112,0.045312,0.117184,,,0.09004799999999999
0.040639999999999996,0.049408,0.350464,,,0.14304
0.74368,0.20287999999999998,0.114176,,,0.13472
0.112576,0.085312,0.11616,,,0.051008
0.27455999999999997,0.20351999999999998,0.165824,,,0.106816
0.050432,0.358656,0.153856,,,0.11424
0.05312,0.10918399999999999,0.051008,,,0.22675199999999998
0.135424,0.139712,0.11526399999999999,,,0.18272
0.06988799999999999,0.055807999999999996,0.217472,,,0.053696
0.522496,0.130176,0.124736,,,0.08063999999999999
0.46067199999999997,0.08524799999999999,0.087936,,,0.045568
0.124224,0.086592,0.102848,,,0.322304
0.29856,0.07904,0.258112,,,0.361408
0.522752,0.06988799999999999,0.11104,,,0.071168
0.21587199999999998,0.33088,0.317824,,,0.12672
0.13100799999999999,0.144448,0.149888,,,0.200128
0.09132799999999999,0.23615999999999998,0.09612799999999999,,,0.077568
0.39878399999999997,0.0672,0.243392,,,0.059072
0.049727999999999994,0.057151999999999994,0.08703999999999999,,,0.061248
0.24262399999999998,0.12319999999999999,0.052224,,,0.1008
0.210112,0.37216,0.045376,,,0.11724799999999999
0.03232,0.29414399999999996,0.07551999999999999,,,0.097728
0.073472,0.07763199999999999,0.07264,,,0.096896
0.087808,0.147328,0.11104,,,0.22323199999999999
0.30496,0.117952,0.206528,,,0.163136
0.515648,0.22752,0.09561599999999999,,,0.121792
0.09952,0.14521599999999998,0.378496,,,0.25823999999999997
0.368064,0.31264,0.098688,,,0.328192
0.08492799999999999,0.188032,0.225344,,,0.09561599999999999
0.107136,0.10124799999999999,0.191168,,,0.107392
0.56896,0.051072,0.185664,,,0.09312
0.242112,0.06707199999999999,0.079552,,,0.07187199999999999
0.3936,0.067968,0.084032,,,0.26662399999999997
0.067136,0.1616,0.118144,,,0.102464
0.272384,0.334848,0.242112,,,0.07814399999999999
0.11526399999999999,0.10944,0.068672,,,0.07763199999999999
0.08358399999999999,0.26144,0.084608,,,0.051392
0.383744,0.230976,0.06675199999999999,,,0.029056
0.174848,0.310336,0.10303999999999999,,,0.041152
0.286464,0.23763199999999998,0.09504,,,0.26361599999999996
0.39334399999999997,0.165376,0.049791999999999996,,,0.20691199999999998
0.364928,0.125184,0.069696,,,0.073472
0.167232,0.174848,0.24639999999999998,,,0.053376
0.34681599999999996,0.15756799999999999,0.179776,,,0.12064
0.347008,0.12486399999999999,0.257664,,,0.367872
0.09408,0.17728,0.14751999999999998,,,0.082176
0.147328,0.37312,0.207424,,,0.173696
0.37983999999999996,0.24831999999999999,0.09984,,,0.17657599999999998
0.06956799999999999,0.058367999999999996,0.5092479999999999,,,0.104512
0.15008,0.055231999999999996,0.109632,,,0.082048
0.132416,0.628736,0.511616,,,0.082624
0.426624,0.066496,0.368512,,,0.26572799999999996
0.143616,0.065408,0.849216,,,0.20313599999999998
0.21606399999999998,0.280064,0.07763199999999999,,,0.12953599999999998
0.064512,0.31007999999999997,0.168768,,,0.125248
0.12204799999999999,0.149888,0.19891199999999998,,,0.08358399999999999
0.204736,0.147456,0.642176,,,0.043264
0.17990399999999998,0.19488,0.149568,,,0.062015999999999995
0.14368,0.427072,0.14521599999999998,,,0.22886399999999998
0.06624,0.29728,0.060416,,,0.07936
0.21983999999999998,0.066304,0.346624,,,0.247744
0.5548799999999999,0.081856,0.10867199999999999,,,0.15424
0.025408,0.077056,0.11443199999999999,,,0.126656
0.110272,0.40864,0.32288,,,0.140288
0.201792,0.04928,0.117504,,,0.150272
0.212032,0.064576,0.163072,,,0.38822399999999996
0.166208,0.053952,0.18726399999999999,,,0.395648
0.15859199999999998,0.045632,0.09862399999999999,,,0.081024
0.056639999999999996,0.155584,0.05824,,,0.310784
0.12639999999999998,0.060224,0.127808,,,0.061888
0.08288,0.11552,0.084224,,,0.363712
0.18828799999999998,0.268864,0.120512,,,0.11379199999999999
0.6689919999999999,0.15936,0.116224,,,0.093952
0.11756799999999999,0.140224,0.19776,,,0.349568
0.279744,0.099648,0.17504,,,0.082048
0.35443199999999997,0.152768,0.176,,,0.073984
0.09183999999999999,0.20857599999999998,0.20460799999999998,,,0.3984
0.198592,0.17248,0.12435199999999999,,,0.080384
0.3424,0.19039999999999999,0.070848,,,0.09363199999999999
0.045248,0.17638399999999999,0.07878399999999999,,,0.068672
0.27904,0.437888,0.070848,,,0.07699199999999999
0.650048,0.249792,0.042176,,,0.040448
0.10848,0.37056,0.124416,,,0.065472
0.269184,0.405952,0.125376,,,0.245888
0.21004799999999998,0.096,0.118208,,,0.146432
0.12351999999999999,0.14355199999999999,0.082176,,,0.519168
0.061695999999999994,0.0384,0.173952,,,0.289216
0.42175999999999997,0.043072,0.053312,,,0.198592
0.570048,0.044095999999999996,0.225152,,,0.168576
0.028416,0.242176,0.12415999999999999,,,0.174592
0.526592,0.053568,0.11065599999999999,,,0.07238399999999999
0.13856,0.25888,0.127296,,,0.06790399999999999
0.343296,0.233536,0.058752,,,0.08992
0.5136,0.13888,0.196608,,,0.05024
0.44812799999999997,0.126848,0.27968,,,0.129664
0.056768,0.08953599999999999,0.21126399999999998,,,0.122304
0.183552,0.12140799999999999,0.329216,,,0.123776
0.100352,0.201536,0.373824,,,0.180416
0.054015999999999995,0.18431999999999998,0.125056,,,0.233536
0.10239999999999999,0.18144,0.17536,,,0.07699199999999999
0.080256,0.5503359999999999,0.105344,,,0.261312
0.121088,0.190336,0.091584,,,0.05472
0.193408,0.162496,0.0848,,,0.085824
0.191744,0.100032,0.178816,,,0.171264
0.132544,0.329792,0.235008,,,0.10355199999999999
0.12140799999999999,0.200576,0.109568,,,0.24159999999999998
0.22175999999999998,0.087808,0.42668799999999996,,,0.16985599999999998
0.216832,0.444416,0.2352,,,0.33939199999999997
0.022848,0.092032,0.313728,,,0.146624
0.0576,0.314816,0.123776,,,0.09926399999999999
0.11263999999999999,0.20038399999999998,0.162176,,,0.12140799999999999
0.374784,0.209344,0.08576,,,0.07039999999999999
0.22572799999999998,0.6401279999999999,0.100288,,,0.11244799999999999
0.39136,0.22758399999999998,0.09004799999999999,,,0.142016
0.114496,0.14585599999999999,1.192064,,,0.131904
0.043584,0.486784,0.10009599999999999,,,0.17568
0.23865599999999998,0.09247999999999999,0.052095999999999996,,,0.078592
0.12153599999999999,0.323392,0.176448,,,0.240704
0.185024,0.17676799999999998,0.056895999999999995,,,0.11231999999999999
0.318144,0.09862399999999999,0.072576,,,0.11756799999999999
0.17664,0.16588799999999998,0.15628799999999998,,,0.108416
0.254784,0.060224,0.20812799999999998,,,0.06976
0.246912,0.411008,0.114368,,,0.42963199999999996
0.390272,0.058943999999999996,0.113664,,,0.037759999999999995
0.066624,0.147648,0.20351999999999998,,,0.128
0.077056,0.20351999999999998,0.072256,,,0.13203199999999998
0.39916799999999997,0.287552,0.072832,,,0.134912
0.3232,0.045503999999999996,0.15424,,,0.565952
0.38451199999999996,0.044927999999999996,0.081728,,,0.043584
0.121088,0.07936,0.22489599999999998,,,0.48819199999999996
0.098368,0.38304,0.1616,,,0.370816
0.34112,0.08832,0.102336,,,0.190848
0.26361599999999996,0.272064,0.06412799999999999,,,0.1456
0.101696,0.076608,0.081152,,,0.097152
0.48652799999999996,0.161792,0.18208,,,0.10156799999999999
0.120448,0.11660799999999999,0.401792,,,0.0784
0.208832,0.100992,0.087616,,,0.082368
0.078848,0.05216,0.090816,,,0.10502399999999999
0.110272,0.251712,0.173952,,,0.058112
0.059072,0.070016,0.130432,,,0.028416
0.018496,0.102208,0.145024,,,0.26496
0.187904,0.068544,0.371392,,,0.19372799999999998
0.15295999999999998,0.130048,0.10438399999999999,,,0.132544
0.30496,0.13331199999999999,0.586368,,,0.112512
0.09100799999999999,0.19552,0.7697919999999999,,,0.084032
0.14496,0.281472,0.16096,,,0.10815999999999999
0.557376,0.076352,0.117824,,,0.07961599999999999
0.302208,0.057856,0.07532799999999999,,,0.079424
0.90432,0.171392,0.09759999999999999,,,0.09529599999999999
0.288128,0.163264,0.10950399999999999,,,0.12217599999999999
0.212032,0.22003199999999998,0.29791999999999996,,,0.06816
0.11974399999999999,0.46899199999999996,0.083072,,,0.12351999999999999
0.513216,0.12319999999999999,0.8308479999999999,,,0.140992
0.43724799999999997,0.044671999999999996,0.164096,,,0.13350399999999998
0.0672,0.268544,0.25446399999999997,,,0.2976
0.13977599999999998,0.09363199999999999,0.080256,,,0.14310399999999998
0.2544,0.076288,0.45689599999999997,,,0.050688
0.23110399999999998,0.233984,0.086272,,,0.13644799999999999
0.14496,0.106816,0.05984,,,0.09958399999999999
0.11161599999999999,0.11488,0.111872,,,0.064256
0.33388799999999996,0.291584,0.112064,,,0.216832
0.241472,0.213952,0.087488,,,0.087168
0.22803199999999998,0.072128,0.055423999999999994,,,0.15839999999999999
0.260928,0.08416,0.059648,,,0.33516799999999997
0.06688,0.304832,0.19161599999999998,,,0.103104
0.08787199999999999,0.061759999999999995,0.139904,,,0.155136
0.016576,0.102848,0.053952,,,0.21606399999999998
0.447488,0.045696,0.301504,,,0.085952
0.538432,0.591168,0.078912,,,0.31046399999999996
0.079552,0.054528,0.083968,,,0.046591999999999995
0.042047999999999995,0.090624,0.077376,,,0.21523199999999998
0.072896,0.7251839999999999,0.074752,,,0.147264
0.552384,0.43801599999999996,0.13830399999999998,,,0.133888
0.519872,0.15424,0.09497599999999999,,,0.164992
0.258752,0.169728,0.158464,,,0.081536
0.147264,0.032768,0.07763199999999999,,,0.068608
0.068672,0.029567999999999997,0.144256,,,0.203392
0.04224,0.079552,0.099712,,,0.10751999999999999
0.11577599999999999,0.297024,0.09267199999999999,,,0.08902399999999999
0.12217599999999999,0.104832,0.08256,,,0.161216
0.109568,0.17113599999999998,0.124608,,,0.214272
0.25491199999999997,0.1488,0.17177599999999998,,,0.09100799999999999
0.592128,0.125504,0.097344,,,0.23423999999999998
0.590656,0.206336,0.264,,,0.144896
0.27264,0.056768,0.5063679999999999,,,0.46099199999999996
0.030847999999999997,0.10636799999999999,0.19935999999999998,,,0.22086399999999998
0.57056,0.107392,0.07750399999999999,,,0.0448
0.210816,0.047424,1.486208,,,0.2032
0.12723199999999998,0.24511999999999998,0.15692799999999998,,,0.21567999999999998
0.097024,0.126208,0.387968,,,0.096832
0.103296,0.251584,0.542464,,,0.07302399999999999
0.29043199999999997,0.096512,0.17740799999999998,,,0.056319999999999995
0.0672,0.052351999999999996,0.227072,,,0.121152
0.316032,0.33632,0.100864,,,0.09318399999999999
0.124416,0.091648,0.11673599999999999,,,0.20256
0.316992,0.9970559999999999,0.16985599999999998,,,0.138368
0.48768,0.11315199999999999,0.219136,,,0.139072
0.52512,0.19552,0.06944,,,0.610432
0.225408,0.280704,0.050943999999999996,,,0.20838399999999999
0.22406399999999999,0.045503999999999996,0.1808,,,0.35270399999999996
0.058112,0.059264,0.10368,,,0.052095999999999996
0.605376,0.163264,0.103808,,,0.22047999999999998
0.21779199999999999,0.11462399999999999,0.136576,,,0.083712
0.215616,0.13152,0.081344,,,0.034048
0.37235199999999996,0.108416,0.14432,,,0.349568
0.060224,0.090496,0.205056,,,0.112512
0.06278399999999999,0.10323199999999999,0.079168,,,0.094016
0.243392,0.246336,0.15564799999999998,,,0.107584
0.09811199999999999,0.19558399999999998,0.15961599999999998,,,0.11430399999999999
0.24595199999999998,0.462912,0.195456,,,0.129792
0.139456,0.316928,0.22297599999999998,,,0.157056
0.80096,0.071104,0.305984,,,0.087296
0.157184,0.083392,0.067008,,,0.038144
0.5681919999999999,0.072064,0.752832,,,0.095744
0.41036799999999996,0.21817599999999998,0.14751999999999998,,,0.134912
0.083648,0.060992,0.050752,,,0.169088
0.0992,0.24,0.070912,,,0.103808
0.384832,0.385856,0.038528,,,0.149632
0.10815999999999999,0.164544,0.048704,,,0.131776
0.258688,0.063104,0.061376,,,0.240832
0.320384,0.501568,0.07008,,,0.109952
0.05472,0.30547199999999997,0.10355199999999999,,,0.149568
,0.10368,0.1744,,,0.113408
,0.44806399999999996,0.07353599999999999,,,0.118656
,0.05504,0.10719999999999999,,,0.106752
,0.8981119999999999,0.14112,,,0.454464
,0.10009599999999999,0.11974399999999999,,,0.166848
,0.180992,0.081984,,,0.05792
,0.188608,0.187072,,,0.18303999999999998
,0.040832,0.516416,,,0.079488
,0.126336,0.39968,,,0.122816
,0.042367999999999996,0.211328,,,0.08921599999999999
,0.087616,0.053952,,,0.227072
,0.150592,0.77088,,,0.074944
,0.12435199999999999,0.24192,,,0.038016
,0.08076799999999999,0.22086399999999998,,,0.276032
,0.305792,0.30419199999999996,,,0.090432
,0.141568,0.06476799999999999,,,0.14521599999999998
,0.10719999999999999,0.217408,,,0.124416
,0.30291199999999996,0.458432,,,0.374144
,0.108224,0.32064,,,0.08032
,0.228736,0.110272,,,0.082688
,0.302848,0.10719999999999999,,,0.102784
,0.081152,0.076608,,,0.199104
,0.099392,0.118464,,,0.239872
,0.061503999999999996,0.08896,,,0.032576
,0.506944,0.080896,,,0.06924799999999999
,0.523328,0.257216,,,0.13350399999999998
,0.244608,0.32608,,,0.098304
,0.184576,0.2112,,,0.139328
,0.149248,0.151552,,,0.122112
,0.3408,0.4336,,,0.168896
,0.148416,0.251712,,,0.09183999999999999
,0.083648,0.076608,,,0.09408
,0.247744,0.17132799999999998,,,0.26496
,0.311808,0.062656,,,0.19308799999999998
,0.118976,0.299264,,,0.086592
,0.125632,0.080192,,,0.149952
,0.06624,0.19667199999999999,,,0.166656
,0.08902399999999999,0.579456,,,0.099008
,0.074752,0.214144,,,0.301632
,0.18367999999999998,0.10976,,,0.325056
,0.2944,0.07488,,,0.22316799999999998
,0.09433599999999999,0.139008,,,0.147776
,0.13055999999999998,0.063488,,,0.089792
,0.056704,0.11673599999999999,,,0.101952
,0.08832,0.123328,,,0.072768
,0.12896,0.073408,,,0.63776
,0.25107199999999996,0.09529599999999999,,,0.36153599999999997
,0.232896,0.307648,,,1.019053528
,0.108096,0.22016,,,0.515968
,0.050112,0.097152,,,0.168064
,0.059711999999999994,0.042688,,,0.20435199999999998
,0.12608,0.123968,,,0.120128
,0.297024,0.19577599999999998,,,0.04672
,0.059328,0.140544,,,0.121984
,0.139904,0.06368,,,0.18284799999999998
,0.06272,0.361792,,,0.304768
,0.20211199999999999,0.049344,,,0.07302399999999999
,0.13792,0.143872,,,0.112832
,0.050752,0.17324799999999999,,,0.127296
,0.08275199999999999,0.300288,,,0.19411199999999998
,0.078208,0.068672,,,0.072256
,0.21190399999999998,0.112896,,,0.06361599999999999
,0.735296,0.08953599999999999,,,0.09036799999999999
,0.254592,0.040959999999999996,,,0.08448
,0.10419199999999999,0.10387199999999999,,,0.11084799999999999
,0.22278399999999998,0.026368,,,0.081472
,0.08819199999999999,0.131776,,,0.055487999999999996
,0.21087999999999998,0.079232,,,0.065216
,0.132288,0.108288,,,0.126144
,0.09088,0.17638399999999999,,,0.059711999999999994
,0.298624,0.123072,,,0.108096
,0.35775999999999997,0.147648,,,0.132288
,0.09318399999999999,0.272192,,,0.111104
,0.062079999999999996,0.13766399999999998,,,0.32032
,0.049664,0.16716799999999998,,,0.021056
,0.10368,0.080832,,,0.18975999999999998
,0.230656,0.097536,,,0.127104
,0.08473599999999999,0.18656,,,0.1088
,0.075584,0.13408,,,0.053952
,0.172544,0.08224,,,0.11168
,0.055487999999999996,0.333696,,,0.11014399999999999
,0.204544,0.071424,,,0.053248
,0.060863999999999994,0.304896,,,0.16735999999999998
,0.11692799999999999,0.101312,,,0.13203199999999998
,0.11168,0.075584,,,0.09183999999999999
,0.140864,0.13183999999999998,,,0.22047999999999998
,0.16704,0.07417599999999999,,,0.12454399999999999
,0.1104,0.16032,,,0.58016
,0.07865599999999999,0.24428799999999998,,,0.46643199999999996
,0.044224,0.060992,,,0.12806399999999998
,0.210304,0.12659199999999998,,,0.225984
,0.131904,0.208064,,,0.426176
,0.140928,0.30380799999999997,,,0.10092799999999999
,0.072256,0.097728,,,0.10617599999999999
,0.061248,0.22527999999999998,,,0.115904
,0.142592,0.070144,,,0.10489599999999999
,0.272256,0.132992,,,0.092736
,0.198144,0.125184,,,0.200064
,0.07929599999999999,0.131456,,,0.117632
,0.13408,0.067136,,,0.065792
,0.044288,0.077952,,,0.12006399999999999
,0.162816,0.10783999999999999,,,0.3776
,0.259136,0.082496,,,0.347968
,0.06329599999999999,0.127168,,,0.119488
,0.198464,0.251392,,,0.330048
,0.10009599999999999,0.260992,,,0.083136
,0.19104,0.106624,,,0.10553599999999999
,0.052927999999999996,1.389696,,,0.280448
,0.142208,0.351168,,,0.22003199999999998
,0.17177599999999998,0.53984,,,0.22988799999999998
,0.14771199999999998,0.46982399999999996,,,0.060992
,0.099136,0.361152,,,0.39494399999999996
,0.181888,0.202368,,,0.16358399999999998
,0.117056,0.122752,,,0.22278399999999998
,0.11379199999999999,0.072512,,,0.063232
,0.10489599999999999,0.136384,,,0.234752
,0.204096,0.24447999999999998,,,0.15020799999999998
,0.263168,0.203712,,,0.07449599999999999
,0.356416,0.233088,,,0.304128
,0.10374399999999999,0.24326399999999998,,,0.126016
,0.207168,0.22067199999999998,,,0.315776
,0.063168,0.278528,,,0.240064
,0.25216,0.327936,,,0.098496
,0.202624,0.29497599999999996,,,0.20166399999999998
,0.18534399999999998,0.123904,,,0.07328
,0.10143999999999999,0.237312,,,0.090816
,0.038848,0.097984,,,0.18764799999999998
,0.09536,0.16224,,,0.071744
,0.048256,0.2384,,,0.10105599999999999
,0.232128,1.812736,,,0.21523199999999998
,0.049088,0.6515839999999999,,,0.329664
,0.275968,0.074368,,,0.567552
,0.472896,0.09747199999999999,,,0.068096
,0.03232,0.16544,,,0.083968
,0.287424,0.220608,,,0.079552
,0.13580799999999998,0.081216,,,0.137088
,0.096832,0.061439999999999995,,,0.40703999999999996
,0.09017599999999999,0.08448,,,0.11392
,0.062079999999999996,0.0448,,,0.074752
,0.08095999999999999,0.072064,,,0.5560959999999999
,0.31513599999999997,0.128192,,,0.16383999999999999
,0.13632,0.10585599999999999,,,0.325696
,0.104512,0.31551999999999997,,,0.086528
,0.039616,0.08377599999999999,,,0.17068799999999998
,0.34687999999999997,0.509184,,,0.16755199999999998
,0.22195199999999998,0.35942399999999997,,,0.183744
,0.303616,0.09548799999999999,,,0.14310399999999998
,0.42169599999999996,0.2032,,,0.160128
,0.24473599999999998,0.139648,,,0.16108799999999998
,0.110528,0.15961599999999998,,,0.548608
,0.239424,0.22784,,,0.567808
,0.15564799999999998,0.318272,,,0.3968
,0.15584,0.252736,,,0.070336
,0.19424,0.21401599999999998,,,0.069504
,0.178752,0.092736,,,0.079744
,0.08723199999999999,0.11923199999999999,,,0.134656
,0.088,0.07615999999999999,,,0.060863999999999994
,0.13644799999999999,0.08832,,,0.110208
,0.162112,0.101952,,,0.653184
,0.072064,0.21536,,,0.681344
,0.15379199999999998,0.086976,,,0.08902399999999999
,0.18239999999999998,0.06905599999999999,,,0.120832
,0.044607999999999995,0.09446399999999999,,,0.10259199999999999
,0.153536,0.07334399999999999,,,0.197952
,0.058879999999999995,0.111104,,,0.136064
,0.404672,0.10636799999999999,,,0.080832
,0.180224,0.060287999999999994,,,0.05472
,0.08671999999999999,0.09299199999999999,,,0.102464
,0.050943999999999996,0.120128,,,0.073728
,0.096576,0.08787199999999999,,,0.890752
,0.40492799999999995,0.096256,,,0.194688
,0.17407999999999998,0.33395199999999997,,,0.15552
,0.075584,0.07103999999999999,,,0.099072
,0.21439999999999998,0.110784,,,0.036671999999999996
,0.076544,0.101952,,,0.85664
,0.23449599999999998,0.070784,,,0.43744
,0.12140799999999999,0.182336,,,0.126976
,0.046272,0.18239999999999998,,,0.058559999999999994
,0.27136,0.07417599999999999,,,0.180864
,0.22547199999999998,0.061824,,,0.072256
,0.178496,0.140928,,,0.070848
,0.195968,0.057151999999999994,,,0.079488
,0.135488,0.317952,,,0.162176
,0.34854399999999996,0.6670079999999999,,,0.065856
,0.123904,0.13568,,,0.02592
,0.16652799999999998,0.28768,,,0.250112
,0.13055999999999998,0.14496,,,0.08390399999999999
,0.105664,0.07456,,,0.16652799999999998
,0.16569599999999998,0.128512,,,0.124736
,0.136704,0.110784,,,0.240192
,0.6703359999999999,0.10982399999999999,,,0.16403199999999998
,0.417728,0.084544,,,0.07583999999999999
,0.242752,0.11065599999999999,,,0.14912
,0.160384,0.132096,,,0.146304
,0.27615999999999996,0.16947199999999998,,,0.28166399999999997
,0.209088,0.090752,,,0.079232
,0.059711999999999994,0.22150399999999998,,,0.067968
,0.304384,0.23257599999999998,,,0.34227199999999997
,0.21375999999999998,0.232512,,,0.16319999999999998
,0.09888,0.158976,,,0.081216
,0.089408,0.29331199999999996,,,0.064576
,0.0768,0.261824,,,0.145664
,0.07872,0.17343999999999998,,,0.12339199999999999
,0.257536,0.15084799999999998,,,0.085184
,0.281344,0.179328,,,0.346624
,0.40454399999999996,0.137216,,,0.19494399999999998
,0.133952,0.383488,,,0.24076799999999998
,0.11180799999999999,0.10732799999999999,,,0.133376
,0.460288,0.126528,,,0.14528
,0.11488,0.081664,,,0.149888
,0.096832,0.074112,,,0.229184
,0.337024,0.16780799999999998,,,0.08787199999999999
,0.375552,0.11244799999999999,,,0.161472
,0.11577599999999999,0.061568,,,0.218304
,0.863296,0.18303999999999998,,,0.220992
,0.087744,0.128768,,,0.18995199999999998
,0.155904,0.08870399999999999,,,0.145088
,0.428672,0.095104,,,0.28371199999999996
,0.07392,0.09926399999999999,,,0.10271999999999999
,0.37574399999999997,0.078016,,,0.376832
,0.523392,0.210816,,,0.11411199999999999
,0.365568,0.26617599999999997,,,0.087936
,0.395456,0.17536,,,0.116032
,0.09318399999999999,0.152192,,,0.128128
,0.052287999999999994,0.078016,,,0.144192
,0.100352,0.18220799999999998,,,0.17664
,0.039104,0.11839999999999999,,,0.22399999999999998
,0.088768,0.090304,,,0.08416
,0.052544,0.08934399999999999,,,0.28159999999999996
,0.113664,0.188864,,,0.275136
,0.21964799999999998,0.095744,,,1.0807039999999999
,0.49695999999999996,0.21312,,,0.16108799999999998
,0.11180799999999999,0.10496,,,0.21542399999999998
,0.393856,0.11526399999999999,,,0.22131199999999998
,0.252992,0.046784,,,0.13792
,0.289216,0.111424,,,0.14912
,0.078336,0.126976,,,0.064256
,0.23904,0.066816,,,0.0768
,0.216384,0.042688,,,0.329792
,0.091392,0.122752,,,0.205376
,0.202624,0.711808,,,0.184064
,0.166592,0.271744,,,0.42918399999999995
,0.07020799999999999,0.07865599999999999,,,0.27999999999999997
,0.161344,0.10803199999999999,,,0.18688
,0.17113599999999998,0.08095999999999999,,,0.10374399999999999
,0.40543999999999997,0.12806399999999998,,,0.08032
,0.096384,0.068864,,,0.21862399999999999
,0.617536,0.10259199999999999,,,0.131072
,,0.109696,,,0.177856
,,0.27136,,,0.20543999999999998
,,0.212224,,,0.129152
,,0.087616,,,0.09299199999999999
,,0.108224,,,0.127104
,,0.380608,,,0.131904
,,0.28083199999999997,,,0.025664
,,0.36352,,,0.054976
,,0.198208,,,0.06656
,,0.373888,,,0.196608
,,0.338368,,,0.106944
,,0.146112,,,0.09235199999999999
,,0.37324799999999997,,,0.16383999999999999
,,0.284928,,,0.14227199999999998
,,0.138048,,,0.198016
,,0.14585599999999999,,,0.26444799999999996
,,0.133056,,,0.208064
,,0.06643199999999999,,,0.103808
,,0.07564799999999999,,,0.143168
,,0.096192,,,0.46220799999999995
,,0.088128,,,0.088832
,,0.09727999999999999,,,0.326144
,,0.096576,,,0.059775999999999996
,,0.09267199999999999,,,0.19686399999999998
,,0.109632,,,0.051712
,,0.096576,,,0.094592
,,0.162944,,,0.072448
,,0.097728,,,0.09132799999999999
,,0.419968,,,0.213632
,,0.24896,,,0.553856
,,0.2848,,,0.185664
,,0.079872,,,0.165248
,,0.0832,,,0.094848
,,0.6405759999999999,,,0.273152
,,0.109248,,,0.07449599999999999
,,0.07980799999999999,,,0.151872
,,0.07264,,,0.017728
,,0.11584,,,0.217024
,,0.068032,,,0.726912
,,0.181696,,,0.090112
,,0.14457599999999998,,,0.568704
,,0.14656,,,0.11648
,,0.158912,,,0.089472
,,0.113536,,,0.07846399999999999
,,0.11641599999999999,,,0.13580799999999998
,,0.09363199999999999,,,0.343424
,,0.076544,,,0.07712
,,0.149312,,,0.044864
,,0.116032,,,0.066816
,,0.14124799999999998,,,0.168128
,,0.06656,,,0.11711999999999999
,,0.09856,,,0.160768
,,0.178112,,,0.072256
,,0.06688,,,0.234624
,,0.08620799999999999,,,0.26208
,,0.0896,,,0.036224
,,0.1936,,,0.068928
,,0.11129599999999999,,,0.084544
,,0.079936,,,0.08691199999999999
,,0.2256,,,0.072576
,,0.160192,,,0.25567999999999996
,,0.191872,,,0.110592
,,0.15711999999999998,,,0.028992
,,0.10521599999999999,,,0.24428799999999998
,,0.05312,,,0.1216
,,0.098176,,,0.061632
,,0.126656,,,0.098688
,,0.07878399999999999,,,0.20147199999999998
,,0.10188799999999999,,,0.207872
,,0.07750399999999999,,,0.096832
,,0.043199999999999995,,,0.106112
,,0.16064,,,0.064256
,,0.126912,,,0.041984
,,0.06527999999999999,,,0.413184
,,0.104832,,,0.136768
,,0.12006399999999999,,,0.065152
,,0.19519999999999998,,,0.066688
,,0.085696,,,0.065088
,,0.060927999999999996,,,0.14668799999999999
,,0.05216,,,0.065408
,,0.18073599999999998,,,0.052992
,,0.106112,,,0.061695999999999994
,,0.104,,,0.14163199999999998
,,0.40620799999999996,,,0.169408
,,0.198208,,,0.721536
,,0.08691199999999999,,,0.15872
,,0.8137599999999999,,,0.03232
,,0.188736,,,0.140032
,,0.544768,,,0.308544
,,0.28448,,,0.047616
,,0.14464,,,0.15379199999999998
,,0.16966399999999998,,,0.057984
,,0.24998399999999998,,,0.045056
,,0.057471999999999995,,,0.278592
,,0.08512,,,0.16780799999999998
,,0.150976,,,0.562624
,,0.44185599999999997,,,0.10592
,,0.08864,,,0.272512
,,0.137408,,,0.475072
,,0.10406399999999999,,,0.13824
,,0.10470399999999999,,,0.045056
,,0.060096,,,0.361792
,,0.10105599999999999,,,0.577728
,,0.08985599999999999,,,0.223488
,,0.17804799999999998,,,0.141824
,,0.164608,,,0.109568
,,0.35769599999999996,,,0.076544
,,0.114368,,,0.049024
,,0.07647999999999999,,,0.169792
,,0.142144,,,0.075904
,,0.044544,,,0.0416
,,0.351552,,,0.080832
,,0.097344,,,0.26239999999999997
,,0.07270399999999999,,,0.07135999999999999
,,0.07936,,,0.253568
,,0.17094399999999998,,,0.219136
,,0.33017599999999997,,,0.065728
,,0.148864,,,0.084352
,,0.052224,,,0.071488
,,0.091584,,,0.0384
,,0.12448,,,0.14540799999999998
,,0.073792,,,0.129856
,,0.41049599999999997,,,0.2448
,,0.20287999999999998,,,0.041471999999999995
,,0.26950399999999997,,,0.073984
,,0.099008,,,0.17984
,,0.652032,,,0.499264
,,0.294656,,,0.0688
,,0.5461119999999999,,,0.20524799999999999
,,0.39776,,,0.093248
,,0.15814399999999998,,,0.23615999999999998
,,0.115328,,,0.058432
,,0.097856,,,0.385984
,,0.21356799999999998,,,0.213952
,,0.12351999999999999,,,0.297856
,,0.398464,,,0.098496
,,0.022976,,,0.112576
,,0.393856,,,0.554176
,,0.299904,,,0.17427199999999998
,,0.09676799999999999,,,0.182144
,,0.17555199999999999,,,0.067456
,,0.030015999999999998,,,0.17446399999999998
,,0.0944,,,0.044864
,,0.078912,,,0.132608
,,0.067648,,,0.117952
,,0.11046399999999999,,,0.09465599999999999
,,0.053824,,,0.519104
,,0.134016,,,0.20627199999999998
,,0.132928,,,0.16486399999999998
,,0.066688,,,0.06591999999999999
,,0.15424,,,0.08985599999999999
,,0.188416,,,0.0928
,,0.163776,,,0.23033599999999999
,,0.630016,,,0.44012799999999996
,,0.23551999999999998,,,0.08275199999999999
,,0.09312,,,0.507904
,,0.066368,,,0.126784
,,0.072832,,,0.080256
,,0.090432,,,0.116672
,,0.07270399999999999,,,0.070976
,,0.130176,,,0.110592
,,0.223744,,,0.25651199999999996
,,0.096256,,,0.13331199999999999
,,0.10931199999999999,,,0.054335999999999995
,,0.10950399999999999,,,0.12038399999999999
,,0.09017599999999999,,,0.0688
,,0.06848,,,0.083456
,,0.06688,,,0.045952
,,0.06048,,,0.3104
,,0.095552,,,0.101696
,,0.039168,,,0.09318399999999999
,,0.07385599999999999,,,0.350528
,,0.091392,,,0.26828799999999997
,,0.04256,,,0.193024
,,0.12339199999999999,,,0.45638399999999996
,,0.48691199999999996,,,0.11315199999999999
,,0.08556799999999999,,,0.037376
,,0.21248,,,0.18495999999999999
,,0.114368,,,0.11033599999999999
,,0.088576,,,0.208896
,,0.357952,,,0.198784
,,0.44934399999999997,,,0.06624
,,0.11014399999999999,,,0.08607999999999999
,,0.26848,,,0.19168
,,0.22688,,,0.262336
,,0.241856,,,0.183168
,,0.36191999999999996,,,0.49830399999999997
,,0.10464,,,0.41036799999999996
,,0.44992,,,0.14143999999999998
,,0.12742399999999998,,,0.517568
,,0.365952,,,0.108224
,,0.077888,,,0.735424
,,0.10291199999999999,,,0.413248
,,0.10207999999999999,,,0.40454399999999996
,,0.02912,,,0.13139199999999998
,,0.060672,,,0.12403199999999999
,,0.058879999999999995,,,0.103936
,,0.22547199999999998,,,0.090816
,,0.074112,,,0.147136
,,0.4256,,,0.168448
,,0.072512,,,0.353856
,,0.068032,,,0.391104
,,0.19289599999999998,,,0.16512
,,0.39283199999999996,,,0.052287999999999994
,,0.31616,,,0.284224
,,0.39705599999999996,,,0.03744
,,0.129984,,,0.299328
,,0.098048,,,0.205376
,,0.056192,,,0.401728
,,0.16,,,0.164096
,,0.43884799999999996,,,0.205376
,,0.18662399999999998,,,0.081216
,,0.206144,,,0.30675199999999997
,,0.210176,,,0.09811199999999999
,,0.291072,,,0.047487999999999995
,,0.09024,,,0.072256
,,0.181888,,,0.24659199999999998
,,0.104512,,,0.102208
,,0.273344,,,0.14207999999999998
,,0.10950399999999999,,,0.130112
,,0.138688,,,0.131776
,,0.177344,,,0.23891199999999999
,,0.12787199999999999,,,0.251584
,,0.17299199999999998,,,0.076864
,,0.07135999999999999,,,0.243328
,,0.187904,,,0.047616
,,0.07647999999999999,,,0.061568
,,0.21670399999999998,,,0.057791999999999996
,,0.162624,,,0.0624
,,0.263296,,,0.095872
,,0.25952,,,0.07424
,,0.168128,,,0.546176
,,0.13408,,,0.137856
,,0.161344,,,0.062015999999999995
,,0.158528,,,0.079488
,,0.117696,,,0.076928
,,0.45644799999999996,,,0.11660799999999999
,,0.323968,,,0.127936
,,0.253824,,,0.254528
,,0.09088,,,0.10502399999999999
,,0.130432,,,0.23135999999999998
,,0.164096,,,0.020031999999999998
,,0.483712,,,0.244032
,,0.1088,,,0.212224
,,0.163328,,,0.17568
,,0.096,,,0.149248
,,0.259648,,,0.14143999999999998
,,0.24639999999999998,,,0.085696
,,0.222016,,,0.176192
,,0.23033599999999999,,,0.19807999999999998
,,0.130112,,,0.24703999999999998
,,0.197376,,,0.13568
,,0.227072,,,0.10528
,,0.163328,,,0.071296
,,0.12371199999999999,,,0.106432
,,0.136256,,,0.12351999999999999
,,0.107648,,,0.089984
,,0.144832,,,0.118976
,,0.106112,,,0.43385599999999996
,,0.14291199999999998,,,0.10848
,,0.25184,,,0.06784
,,0.27648,,,0.043904
,,0.43967999999999996,,,0.083328
,,0.438656,,,0.06988799999999999
,,0.31904,,,0.138752
,,0.22432,,,0.079872
,,0.273344,,,0.10931199999999999
,,0.261056,,,0.126656
,,0.11033599999999999,,,0.264832
,,0.12454399999999999,,,0.10553599999999999
,,0.10105599999999999,,,0.2064
,,0.23648,,,0.053248
,,0.16883199999999998,,,0.09068799999999999
,,0.160768,,,0.38688
,,0.23615999999999998,,,0.050623999999999995
,,0.238528,,,0.11148799999999999
,,0.091648,,,0.08896
,,0.091456,,,0.208896
,,0.062079999999999996,,,0.16352
,,0.198656,,,0.047616
,,0.13824,,,0.065408
,,0.23743999999999998,,,0.085184
,,0.159296,,,0.21753599999999998
,,0.198656,,,0.061888
,,0.258816,,,0.076352
,,0.30496,,,0.21273599999999998
,,0.159552,,,0.19014399999999998
,,0.278464,,,0.051199999999999996
,,0.31763199999999997,,,0.048512
,,0.5288959999999999,,,0.11104
,,0.855104,,,0.389184
,,0.261632,,,0.219264
,,0.13984,,,0.09561599999999999
,,0.09958399999999999,,,0.09088
,,0.244032,,,0.1472
,,0.08806399999999999,,,0.372672
,,0.43097599999999997,,,0.10060799999999999
,,0.18464,,,0.11327999999999999
,,0.26073599999999997,,,0.16
,,0.49663999999999997,,,0.10572799999999999
,,0.20287999999999998,,,0.07500799999999999
,,0.020992,,,0.052416
,,0.522304,,,0.08524799999999999
,,0.6135039999999999,,,0.038655999999999996
,,0.19577599999999998,,,0.183168
,,0.143808,,,0.074048
,,0.107072,,,0.090944
,,0.159744,,,0.085376
,,0.070016,,,0.087744
,,0.1552,,,0.30272
,,0.364224,,,0.15692799999999998
,,0.104512,,,0.064
,,0.31168,,,0.24787199999999998
,,1.103232,,,0.663616
,,0.16576,,,0.11180799999999999
,,0.078592,,,0.012992
,,0.17088,,,0.076736
,,0.688832,,,0.117312
,,0.09100799999999999,,,0.123904
,,0.117632,,,0.143872
,,0.21228799999999998,,,0.158656
,,0.12255999999999999,,,0.059904
,,0.100352,,,0.12992
,,0.140352,,,0.062015999999999995
,,1.929536,,,0.064576
,,0.18284799999999998,,,0.39238399999999996
,,0.12659199999999998,,,0.066624
,,0.147968,,,0.18016
,,0.582784,,,0.097088
,,0.09382399999999999,,,0.148096
,,0.20704,,,0.104512
,,0.065152,,,0.10815999999999999
,,0.137536,,,0.053696
,,0.210112,,,0.069184
,,0.084544,,,0.08992
,,0.368512,,,0.066624
,,0.169408,,,0.059328
,,0.10470399999999999,,,0.263872
,,0.248,,,0.080832
,,0.8639359999999999,,,0.37312
,,0.373824,,,0.056832
,,0.093696,,,0.054272
,,0.058688,,,0.088768
,,0.141376,,,0.07615999999999999
,,0.088576,,,0.24492799999999998
,,0.19372799999999998,,,0.10323199999999999
,,0.081152,,,0.176192
,,0.109952,,,0.293568
,,0.198016,,,0.299136
,,0.080256,,,0.068672
,,0.152896,,,0.141568
,,0.08576,,,0.06368
,,0.193984,,,0.245888
,,0.23135999999999998,,,0.10438399999999999
,,0.398912,,,0.065344
,,0.046079999999999996,,,0.08806399999999999
,,0.257664,,,0.063168
,,0.24544,,,0.178944
,,0.095424,,,0.331968
,,1.428864,,,0.199488
,,0.139456,,,0.091968
,,0.117504,,,0.26976
,,0.23904,,,0.292416
,,0.17049599999999998,,,0.086144
,,0.08639999999999999,,,0.13792
,,0.12140799999999999,,,0.049471999999999995
,,0.313664,,,0.102336
,,0.13535999999999998,,,0.07814399999999999
,,0.12,,,0.11148799999999999
,,0.07219199999999999,,,0.182144
,,0.124288,,,0.079488
,,0.056768,,,0.050047999999999995
,,0.238976,,,0.130688
,,0.08159999999999999,,,0.155328
,,0.062528,,,0.17951999999999999
,,0.12544,,,0.125632
,,0.264576,,,0.28076799999999996
,,0.12383999999999999,,,0.093888
,,0.24678399999999998,,,0.173504
,,0.353664,,,0.078912
,,0.118976,,,0.071936
,,0.44608,,,0.130688
,,0.14816,,,0.16704
,,0.139456,,,0.140032
,,0.099072,,,0.085504
,,0.06336,,,0.461632
,,0.070528,,,0.092288
,,0.082176,,,0.0848
,,0.07468799999999999,,,0.06611199999999999
,,0.376256,,,0.043392
,,0.140224,,,0.09247999999999999
,,0.121664,,,0.154368
,,0.075776,,,0.13376
,,0.09862399999999999,,,0.143232
,,0.137152,,,0.147008
,,0.149888,,,0.107776
,,0.118976,,,0.8675839999999999
,,0.193984,,,0.18662399999999998
,,0.253504,,,0.186944
,,0.17177599999999998,,,0.091136
,,0.225152,,,0.15616
,,0.159936,,,0.16172799999999998
,,0.256,,,0.11046399999999999
,,0.09331199999999999,,,0.056575999999999994
,,0.14668799999999999,,,0.04768
,,0.177664,,,0.10982399999999999
,,0.32288,,,0.152768
,,0.307392,,,0.126464
,,0.153408,,,0.21862399999999999
,,0.12864,,,0.056704
,,0.22092799999999999,,,0.061376
,,0.160192,,,0.075392
,,0.251776,,,0.051392
,,0.20211199999999999,,,0.100672
,,0.110912,,,0.965696
,,0.12192,,,0.256704
,,0.140928,,,0.115328
,,0.281152,,,0.08992
,,0.40953599999999996,,,0.13414399999999999
,,0.833344,,,0.13267199999999998
,,0.017984,,,0.17759999999999998
,,0.236864,,,0.09759999999999999
,,0.320448,,,0.1152
,,0.183616,,,0.24620799999999998
,,0.080832,,,0.179392
,,0.081664,,,0.06559999999999999
,,0.261824,,,0.225792
,,0.09888,,,0.091456
,,0.17113599999999998,,,0.032512
,,0.102464,,,0.194816
,,0.11609599999999999,,,0.085696
,,0.110208,,,0.090432
,,0.178624,,,0.190912
,,0.03584,,,0.07008
,,0.13248,,,0.20185599999999998
,,0.149312,,,0.362112
,,0.076224,,,0.166912
,,0.26284799999999997,,,0.319168
,,0.527296,,,0.114816
,,0.10207999999999999,,,0.535168
,,0.085632,,,0.12736
,,0.1008,,,0.17094399999999998
,,0.12185599999999999,,,0.148608
,,0.42368,,,0.087168
,,0.372928,,,0.12102399999999999
,,0.29856,,,0.048128
,,0.074624,,,0.161152
,,0.165568,,,0.08211199999999999
,,0.061248,,,0.11315199999999999
,,0.09631999999999999,,,0.041728
,,0.11001599999999999,,,0.16671999999999998
,,0.349632,,,0.13996799999999998
,,0.699456,,,0.082816
,,0.6310399999999999,,,0.19232
,,0.147264,,,0.440704
,,0.20230399999999998,,,0.127104
,,0.17695999999999998,,,0.06752
,,0.414016,,,0.143424
,,0.272384,,,0.137408
,,0.13644799999999999,,,0.13599999999999998
,,0.17011199999999999,,,0.25344
,,0.102208,,,0.09824
,,0.133376,,,0.17971199999999998
,,0.071232,,,0.083968
,,0.082624,,,0.088128
,,0.16127999999999998,,,0.136384
,,0.106432,,,0.26950399999999997
,,0.05728,,,0.184384
,,0.134464,,,0.07296
,,0.156416,,,0.14355199999999999
,,0.085376,,,0.136256
,,0.072768,,,0.36928
,,0.331456,,,0.236224
,,0.46483199999999997,,,0.113664
,,0.10815999999999999,,,0.051584
,,0.22655999999999998,,,0.215744
,,0.7023999999999999,,,0.20665599999999998
,,0.132736,,,0.17593599999999998
,,1.008704,,,0.124416
,,0.066304,,,0.082048
,,0.853632,,,0.07071999999999999
,,0.046655999999999996,,,0.190656
,,0.081088,,,0.068608
,,0.06624,,,0.20992
,,0.037759999999999995,,,0.188224
,,0.25823999999999997,,,0.059775999999999996
,,0.187328,,,0.415744
,,0.07699199999999999,,,0.264768
,,0.181056,,,0.251776
,,0.04288,,,0.020607999999999998
,,0.12371199999999999,,,0.17132799999999998
,,0.431232,,,0.090112
,,0.138688,,,0.10899199999999999
,,0.230976,,,0.359616
,,0.189824,,,0.075904
,,0.08211199999999999,,,0.09331199999999999
,,0.0528,,,0.32704
,,0.16716799999999998,,,0.406592
,,0.139328,,,0.077376
,,0.10143999999999999,,,0.20601599999999998
,,0.165184,,,0.376896
,,0.140096,,,0.350016
,,0.166656,,,0.10368
,,0.126528,,,0.256896
,,0.310784,,,0.303104
,,0.486784,,,0.140224
,,0.095424,,,0.21484799999999998
,,0.311232,,,0.18592
,,0.40448,,,0.089728
,,0.6346879999999999,,,0.20838399999999999
,,0.08544,,,0.118464
,,0.159296,,,0.07334399999999999
,,0.108736,,,0.077248
,,0.10156799999999999,,,0.045888
,,0.12300799999999999,,,0.125248
,,0.209024,,,0.171904
,,0.31168,,,0.09267199999999999
,,0.388032,,,0.148032
,,0.150144,,,0.18534399999999998
,,0.094528,,,0.08723199999999999
,,0.070784,,,0.154496
,,0.095872,,,0.140352
,,0.104512,,,0.131648
,,0.12972799999999998,,,0.076352
,,0.33971199999999996,,,0.07865599999999999
,,0.20415999999999998,,,0.101504
,,0.088,,,0.043648
,,0.13376,,,0.17324799999999999
,,0.114816,,,0.19539199999999998
,,0.30272,,,0.089792
,,0.165568,,,0.075776
,,0.19289599999999998,,,0.08864
,,0.380096,,,0.092416
,,0.10092799999999999,,,0.218304
,,0.43423999999999996,,,0.236672
,,0.14310399999999998,,,0.099392
,,0.31776,,,0.100288
,,0.053439999999999994,,,0.11180799999999999
,,0.283456,,,0.11628799999999999
,,0.059519999999999997,,,0.132288
,,0.181888,,,0.085376
,,0.046655999999999996,,,0.29081599999999996
,,0.52512,,,0.118208
,,0.332096,,,0.128512
,,0.200064,,,0.055552
,,0.69856,,,0.11807999999999999
,,0.588992,,,0.12953599999999998
,,0.10470399999999999,,,0.073408
,,0.259776,,,0.560064
,,0.211968,,,0.10112
,,0.108608,,,0.18975999999999998
,,0.294336,,,0.114816
,,0.16768,,,0.46649599999999997
,,0.24825599999999998,,,0.084352
,,0.269824,,,0.21484799999999998
,,0.103168,,,0.133568
,,0.161024,,,0.10719999999999999
,,0.22636799999999999,,,0.102848
,,0.380992,,,0.067136
,,0.11968,,,0.104832
,,0.065728,,,0.12992
,,0.023488,,,0.146816
,,0.11711999999999999,,,0.283968
,,0.191488,,,0.14124799999999998
,,0.203072,,,0.155776
,,1.131456,,,0.15795199999999998
,,0.278464,,,0.080512
,,0.09247999999999999,,,0.094848
,,0.13824,,,0.083968
,,0.203712,,,0.10009599999999999
,,0.479296,,,0.288192
,,0.275712,,,0.097856
,,0.166016,,,0.109952
,,0.616128,,,0.147264
,,0.062848,,,0.068928
,,0.17823999999999998,,,0.07776
,,0.590464,,,0.15609599999999998
,,0.122816,,,0.12742399999999998
,,0.083648,,,0.085312
,,0.10553599999999999,,,0.061824
,,0.049408,,,0.153024
,,0.316544,,,0.084992
,,0.199232,,,0.060351999999999996
,,0.086336,,,0.11641599999999999
,,0.120128,,,0.251328
,,0.096,,,0.081344
,,0.278784,,,0.066368
,,0.23776,,,0.058559999999999994
,,0.18239999999999998,,,0.038976
,,0.166208,,,0.077184
,,0.160512,,,0.11136
,,0.20313599999999998,,,0.21689599999999998
,,0.17056,,,0.159552
,,0.5736319999999999,,,0.23071999999999998
,,0.09631999999999999,,,0.127296
,,0.174208,,,0.087616
,,0.22169599999999998,,,0.132416
,,0.286912,,,0.137024
,,0.148032,,,0.14457599999999998
,,0.140096,,,0.067328
,,0.086656,,,0.09088
,,0.200896,,,0.055423999999999994
,,0.472064,,,0.07532799999999999
,,0.173376,,,0.132544
,,0.066304,,,0.246144
,,0.150336,,,0.098176
,,0.09747199999999999,,,0.082368
,,0.352832,,,0.07929599999999999
,,0.19558399999999998,,,0.068608
,,0.12223999999999999,,,0.168512
,,0.137408,,,0.047552
,,0.20460799999999998,,,0.051519999999999996
,,0.19705599999999998,,,0.521344
,,0.080832,,,0.173312
,,0.222656,,,0.868352
,,0.132928,,,0.06527999999999999
,,0.104,,,0.11065599999999999
,,0.340032,,,0.06790399999999999
,,0.6032,,,0.27366399999999996
,,0.275648,,,0.339584
,,0.053439999999999994,,,0.07776
,,0.105408,,,0.15814399999999998
,,0.191744,,,0.14310399999999998
,,0.086592,,,0.091968
,,0.105792,,,0.070976
,,0.13830399999999998,,,0.363456
,,0.091712,,,0.11648
,,0.14790399999999998,,,0.103296
,,0.144128,,,0.133056
,,0.20204799999999998,,,0.471808
,,0.06816,,,0.053056
,,0.20294399999999999,,,0.059008
,,0.056895999999999995,,,0.09408
,,0.16652799999999998,,,0.218304
,,0.33727999999999997,,,0.07776
,,0.076544,,,0.09875199999999999
,,0.08256,,,0.193664
,,0.12268799999999999,,,0.172672
,,0.21964799999999998,,,0.066176
,,0.10124799999999999,,,0.109888
,,0.04928,,,0.125184
,,0.09875199999999999,,,0.261312
,,0.0896,,,0.270912
,,0.21043199999999998,,,0.27539199999999997
,,0.06656,,,0.195136
,,0.058688,,,0.103808
,,0.210752,,,0.0784
,,0.25056,,,0.224704
,,0.6543359999999999,,,0.09894399999999999
,,0.197184,,,0.28665599999999997
,,0.912704,,,0.27955199999999997
,,0.053824,,,0.091968
,,0.055872,,,0.12486399999999999
,,0.10438399999999999,,,0.33683199999999996
,,0.17427199999999998,,,0.34208
,,0.227008,,,0.09497599999999999
,,0.17446399999999998,,,0.17248
,,0.246144,,,0.19968
,,0.04704,,,0.091264
,,0.072896,,,0.10700799999999999
,,0.06611199999999999,,,0.219968
,,0.135424,,,0.44544
,,0.132736,,,0.10016
,,0.111232,,,0.10931199999999999
,,0.525888,,,0.08224
,,0.073792,,,0.131136
,,0.39392,,,0.20672
,,0.09056,,,0.11584
,,0.18239999999999998,,,0.130496
,,0.235264,,,0.107456
,,0.13472,,,0.23737599999999998
,,0.165248,,,0.087296
,,0.11788799999999999,,,0.136256
,,0.097216,,,0.201984
,,0.086784,,,0.182144
,,0.09382399999999999,,,0.106432
,,0.06643199999999999,,,0.13644799999999999
,,0.19206399999999998,,,0.085504
,,0.128576,,,0.356736
,,0.10521599999999999,,,0.095744
,,0.31936,,,0.042623999999999995
,,0.219264,,,0.095232
,,0.6623359999999999,,,0.109952
,,0.113536,,,0.08492799999999999
,,0.1248,,,0.039616
,,0.120192,,,0.152832
,,0.061888,,,0.137728
,,0.080256,,,0.135232
,,0.12089599999999999,,,0.057344
,,0.192576,,,0.11046399999999999
,,0.21664,,,0.153472
,,0.092416,,,0.23532799999999998
,,0.087808,,,0.24518399999999999
,,0.25734399999999996,,,0.076352
,,0.130176,,,0.21836799999999998
,,0.378944,,,0.071808
,,0.18847999999999998,,,0.081472
,,0.099008,,,0.042688
,,0.119104,,,0.103104
,,0.213824,,,0.1216
,,0.058432,,,0.06752
,,0.14336,,,0.07532799999999999
,,0.17491199999999998,,,0.59232
,,0.11161599999999999,,,0.125376
,,0.104128,,,0.0928
,,0.053696,,,0.133056
,,0.11628799999999999,,,0.07449599999999999
,,0.670592,,,0.181952
,,0.253888,,,0.35168
,,0.38323199999999996,,,0.077376
,,0.057215999999999996,,,0.24678399999999998
,,0.05792,,,0.15334399999999998
,,0.207552,,,0.08012799999999999
,,0.06784,,,0.074432
,,0.18931199999999998,,,0.08934399999999999
,,0.19686399999999998,,,0.036351999999999995
,,0.102336,,,0.07238399999999999
,,0.12415999999999999,,,0.11673599999999999
,,0.143488,,,0.19039999999999999
,,0.110528,,,0.069312
,,0.026816,,,0.172864
,,0.10771199999999999,,,0.39264
,,0.164992,,,0.615424
,,0.071936,,,0.08953599999999999
,,0.26496,,,0.129856
,,0.430272,,,0.10835199999999999
,,0.080704,,,0.20793599999999998
,,0.057856,,,0.291456
,,0.126208,,,0.049152
,,0.109056,,,0.064832
,,0.10592,,,0.46143999999999996
,,0.521728,,,0.296064
,,0.547072,,,0.301824
,,0.18284799999999998,,,0.07904
,,0.23340799999999998,,,0.133632
,,0.036608,,,0.12736
,,0.112384,,,0.051008
,,0.271872,,,0.09977599999999999
,,0.195136,,,0.053503999999999996
,,0.168384,,,0.10668799999999999
,,0.193472,,,0.062592
,,0.22912,,,0.048895999999999995
,,0.437056,,,0.107648
,,0.396352,,,0.10175999999999999
,,0.06393599999999999,,,0.088448
,,0.353216,,,0.106624
,,0.176192,,,0.13183999999999998
,,0.11231999999999999,,,0.088832
,,0.135616,,,0.13747199999999998
,,0.328192,,,0.10489599999999999
,,0.139328,,,0.049984
,,0.130944,,,0.185408
,,0.227456,,,0.115904
,,0.06591999999999999,,,0.41049599999999997
,,0.07328,,,0.200256
,,0.13376,,,0.0928
,,0.11577599999999999,,,0.312384
,,0.10387199999999999,,,0.052031999999999995
,,0.053056,,,0.127808
,,0.044288,,,0.0992
,,0.032,,,0.09017599999999999
,,0.104448,,,0.101312
,,0.41843199999999997,,,0.127808
,,0.21631999999999998,,,0.056704
,,0.10060799999999999,,,0.139264
,,0.168896,,,0.094272
,,0.562816,,,0.128384
,,0.160576,,,0.101632
,,0.5453439999999999,,,0.292352
,,0.205952,,,0.07392
,,0.294016,,,0.17088
,,0.082816,,,0.17407999999999998
,,0.051328,,,0.113408
,,0.17132799999999998,,,0.179648
,,0.085184,,,0.144512
,,0.377664,,,0.094016
,,0.651264,,,0.46982399999999996
,,0.132096,,,0.283968
,,0.150528,,,0.358848
,,0.072576,,,0.060351999999999996
,,0.044095999999999996,,,0.049344
,,0.47264,,,0.029952
,,0.09811199999999999,,,0.239808
,,0.135296,,,0.65888
,,0.053503999999999996,,,0.33932799999999996
,,0.062912,,,0.34483199999999997
,,0.057215999999999996,,,0.0784
,,0.10387199999999999,,,0.167296
,,0.13849599999999998,,,0.089088
,,0.041471999999999995,,,0.037632
,,0.49868799999999996,,,0.084352
,,0.11008,,,0.20396799999999998
,,0.103808,,,0.11424
,,0.271232,,,0.22860799999999998
,,0.39039999999999997,,,0.064896
,,0.46176,,,0.137344
,,0.42688,,,0.28256
,,0.43904,,,0.0528
,,0.078912,,,0.14355199999999999
,,0.046272,,,0.05728
,,0.246336,,,0.414016
,,0.265024,,,0.07564799999999999
,,0.176832,,,0.142976
,,0.38367999999999997,,,0.25984
,,0.365376,,,0.07270399999999999
,,0.344704,,,0.077888
,,0.163904,,,0.097408
,,0.45088,,,0.07750399999999999
,,0.274368,,,0.08
,,0.226624,,,1.325631716
,,0.157376,,,0.146368
,,0.24371199999999998,,,0.10041599999999999
,,0.120512,,,0.077056
,,0.157248,,,0.061056
,,0.394688,,,0.117632
,,0.18265599999999999,,,0.09350399999999999
,,0.031039999999999998,,,0.308032
,,0.115328,,,0.204416
,,0.326656,,,0.15148799999999998
,,0.6330239999999999,,,0.09536
,,0.12908799999999998,,,0.102272
,,0.116352,,,0.45894399999999996
,,0.5415679999999999,,,0.04224
,,0.3008,,,0.21472
,,0.159168,,,0.29568
,,0.09004799999999999,,,0.12351999999999999
,,0.19519999999999998,,,0.078272
,,0.16,,,0.031232
,,0.079872,,,0.060544
,,0.157248,,,0.08556799999999999
,,0.205504,,,0.1424
,,0.080064,,,0.244672
,,0.16096,,,0.264384
,,0.130496,,,0.157888
,,0.21664,,,0.07744
,,0.37407999999999997,,,0.050752
,,0.23007999999999998,,,0.06688
,,0.43923199999999996,,,0.10502399999999999
,,0.17887999999999998,,,0.132608
,,0.15462399999999998,,,0.149056
,,0.106496,,,0.12723199999999998
,,0.07712,,,0.08934399999999999
,,0.08224,,,0.057984
,,0.309504,,,0.10464
,,0.146816,,,0.138048
,,0.11923199999999999,,,0.320384
,,0.157056,,,0.086848
,,0.130752,,,0.076416
,,0.09990399999999999,,,0.164288
,,0.44576,,,0.272768
,,0.372544,,,0.255488
,,0.427712,,,0.071104
,,0.253888,,,0.10239999999999999
,,0.539392,,,0.070848
,,0.138688,,,0.056319999999999995
,,0.11839999999999999,,,0.23232
,,0.193344,,,0.193984
,,0.219136,,,0.41708799999999996
,,0.058623999999999996,,,0.09382399999999999
,,0.146816,,,0.16799999999999998
,,0.1088,,,0.048832
,,0.167488,,,0.088256
,,0.03424,,,0.44339199999999995
,,0.45343999999999995,,,0.18911999999999998
,,0.079488,,,0.220416
,,0.398208,,,0.062271999999999994
,,0.011392,,,0.052416
,,0.179456,,,0.075264
,,0.07328,,,0.137792
,,0.12121599999999999,,,0.17804799999999998
,,0.645312,,,0.484608
,,0.190336,,,0.107264
,,0.054528,,,0.09568
,,0.067712,,,0.307072
,,0.37324799999999997,,,0.147648
,,0.345856,,,0.136896
,,0.545856,,,0.07814399999999999
,,0.212032,,,0.07353599999999999
,,0.172288,,,0.24991999999999998
,,0.15628799999999998,,,0.15744
,,0.060672,,,0.102144
,,0.054464,,,0.101696
,,0.550464,,,0.064064
,,0.2384,,,0.042496
,,0.073088,,,0.057536
,,0.206976,,,0.07500799999999999
,,0.125184,,,0.16441599999999998
,,0.9721599999999999,,,0.068352
,,0.215552,,,0.183808
,,0.450752,,,0.06758399999999999
,,0.188736,,,0.118208
,,0.143808,,,0.43551999999999996
,,0.16422399999999998,,,0.139392
,,0.130944,,,0.029887999999999998
,,0.114368,,,0.034432
,,0.289664,,,0.11923199999999999
,,0.405952,,,0.20211199999999999
,,0.043519999999999996,,,0.177024
,,0.037503999999999996,,,0.151936
,,0.055296,,,0.046208
,,0.08953599999999999,,,0.123456
,,0.671616,,,0.041728
,,0.081408,,,0.051968
,,0.052095999999999996,,,0.028352
,,0.118016,,,0.076416
,,0.43616,,,0.580544
,,0.40377599999999997,,,0.13376
,,0.13663999999999998,,,0.28415999999999997
,,0.463296,,,0.090752
,,0.21631999999999998,,,0.046528
,,0.139712,,,0.15564799999999998
,,0.14041599999999999,,,0.22943999999999998
,,0.17823999999999998,,,0.12742399999999998
,,0.102976,,,0.074944
,,0.192,,,0.345024
,,0.146944,,,0.066496
,,0.17279999999999998,,,0.068992
,,0.071296,,,0.04
,,0.282816,,,0.134208
,,0.152704,,,0.12972799999999998
,,0.535296,,,0.257856
,,0.223936,,,0.119488
,,0.172224,,,0.040832
,,0.14835199999999998,,,0.12415999999999999
,,0.117504,,,0.14393599999999998
,,0.22816,,,0.221376
,,0.085952,,,0.072
,,0.219712,,,0.054272
,,0.064384,,,0.33427199999999996
,,0.135232,,,0.270656
,,0.206976,,,0.180672
,,0.23366399999999998,,,0.18208
,,0.129856,,,0.431872
,,0.176192,,,0.049024
,,0.04384,,,0.16064
,,0.41625599999999996,,,0.14207999999999998
,,0.172288,,,0.782144
,,0.043775999999999995,,,0.08384
,,0.298304,,,0.05536
,,0.48902399999999996,,,0.158336
,,0.421568,,,0.0672
,,0.071168,,,0.07155199999999999
,,0.405632,,,0.6983039999999999
,,0.5511039999999999,,,0.07219199999999999
,,0.262336,,,0.068864
,,0.186496,,,0.148928
,,0.651264,,,0.45350399999999996
,,0.09862399999999999,,,0.303296
,,0.220224,,,0.225408
,,0.16108799999999998,,,
,,0.50272,,,
,,0.17759999999999998,,,
,,0.8263039999999999,,,
,,0.188032,,,
,,0.087488,,,
,,0.070656,,,
,,0.17324799999999999,,,
,,0.232448,,,
,,0.28896,,,
,,0.348864,,,
,,0.22950399999999999,,,
,,0.167488,,,
,,0.13792,,,
,,0.235456,,,
,,0.37740799999999997,,,
,,0.137792,,,
,,0.252608,,,
,,0.08179199999999999,,,
,,0.054784,,,
,,0.544704,,,
,,0.77632,,,
,,0.06912,,,
,,0.060416,,,
,,0.141184,,,
,,0.14656,,,
,,0.081216,,,
,,0.138048,,,
,,0.308608,,,
,,0.30335999999999996,,,
,,0.07296,,,
,,0.885312,,,
,,0.056319999999999995,,,
,,0.061183999999999995,,,
,,0.188352,,,
,,0.09561599999999999,,,
,,0.08416,,,
,,0.046591999999999995,,,
,,0.1792,,,
,,0.030847999999999997,,,
,,0.055872,,,
,,0.219904,,,
,,0.717568,,,
,,0.247296,,,
,,0.056768,,,
,,0.158656,,,
,,0.33638399999999996,,,
,,0.287232,,,
,,0.149312,,,
,,0.11968,,,
,,0.216256,,,
,,0.137536,,,
,,0.05696,,,
,,0.41728,,,
,,0.152384,,,
,,0.064896,,,
,,0.304448,,,
,,0.09568,,,
,,0.194496,,,
,,0.082624,,,
,,0.29696,,,
,,0.269312,,,
,,0.23257599999999998,,,
,,0.103488,,,
,,0.084224,,,
,,0.21023999999999998,,,
,,0.196288,,,
,,0.041984,,,
,,0.109568,,,
,,0.33849599999999996,,,
,,0.370112,,,
,,0.181504,,,
,,0.16096,,,
,,0.161664,,,
,,0.170368,,,
,,0.094272,,,
,,0.081984,,,
,,0.18892799999999998,,,
,,0.323392,,,
,,1.1072,,,
,,0.177984,,,
,,0.108928,,,
,,0.419392,,,
,,0.257536,,,
,,0.385664,,,
,,0.838272,,,
,,0.041536,,,
,,0.06297599999999999,,,
,,0.103424,,,
,,0.12032,,,
,,0.1712,,,
,,0.24672,,,
,,0.097088,,,
,,0.21983999999999998,,,
,,0.17132799999999998,,,
,,0.078592,,,
,,0.5235839999999999,,,
,,0.109696,,,
,,0.208832,,,
,,0.177536,,,
,,0.21881599999999998,,,
,,0.384192,,,
,,0.13696,,,
,,0.081408,,,
,,0.131648,,,
,,0.35775999999999997,,,
,,0.20928,,,
,,0.349632,,,
,,0.10124799999999999,,,
,,0.061695999999999994,,,
,,0.06976,,,
,,0.23027199999999998,,,
,,0.115328,,,
,,0.220352,,,
,,0.310208,,,
,,0.055231999999999996,,,
,,0.296128,,,
,,0.40127999999999997,,,
,,0.268032,,,
,,0.295488,,,
,,0.431872,,,
,,0.17113599999999998,,,
,,0.11411199999999999,,,
,,0.142784,,,
,,0.413632,,,
,,0.287168,,,
,,0.269248,,,
,,0.475968,,,
,,0.185024,,,
,,0.283776,,,
,,0.048448,,,
,,0.115968,,,
,,0.09843199999999999,,,
,,0.11411199999999999,,,
,,0.12339199999999999,,,
,,0.081408,,,
,,0.157248,,,
,,0.38118399999999997,,,
,,0.23904,,,
,,0.16352,,,
,,0.311424,,,
,,0.08384,,,
,,0.396352,,,
,,0.164992,,,
,,0.323328,,,
,,0.092224,,,
,,0.13248,,,
,,0.14784,,,
,,0.286464,,,
,,0.21670399999999998,,,
,,0.15136,,,
,,0.35526399999999997,,,
,,0.374592,,,
,,0.09568,,,
,,0.08992,,,
,,0.06368,,,
,,0.07232,,,
,,0.21503999999999998,,,
,,0.211584,,,
,,0.236032,,,
,,0.076288,,,
,,0.030015999999999998,,,
,,0.1648,,,
,,0.624512,,,
,,0.12102399999999999,,,
,,0.34892799999999996,,,
,,0.110592,,,
,,0.098048,,,
,,0.069504,,,
,,0.11097599999999999,,,
,,0.147648,,,
,,0.206336,,,
,,0.07302399999999999,,,
,,0.225856,,,
,,0.151616,,,
,,0.252608,,,
,,0.895872,,,
,,0.13568,,,
,,0.21420799999999998,,,
,,0.22624,,,
,,0.033408,,,
,,0.12768,,,
,,0.388544,,,
,,0.14291199999999998,,,
,,0.29209599999999997,,,
,,0.31392,,,
,,0.20691199999999998,,,
,,0.2544,,,
,,0.277376,,,
,,0.174144,,,
,,0.31679999999999997,,,
,,0.094528,,,
,,0.186496,,,
,,0.053376,,,
,,0.08556799999999999,,,
,,0.20672,,,
,,0.21420799999999998,,,
,,0.084224,,,
,,0.09215999999999999,,,
,,0.043712,,,
,,0.060096,,,
,,0.060992,,,
,,0.176064,,,
,,0.156224,,,
,,0.06905599999999999,,,
,,0.074112,,,
,,0.076032,,,
,,0.094272,,,
,,0.086656,,,
,,0.14476799999999998,,,
,,0.16339199999999998,,,
,,0.1568,,,
,,0.081024,,,
,,0.17113599999999998,,,
,,0.11488,,,
,,0.126656,,,
,,0.17363199999999998,,,
,,0.1888,,,
,,0.31744,,,
,,0.216192,,,
,,0.125248,,,
,,0.055231999999999996,,,
,,0.15065599999999998,,,
,,0.05824,,,
,,0.120768,,,
,,0.135744,,,
,,0.067648,,,
,,0.072064,,,
,,0.09977599999999999,,,
,,0.164096,,,
,,0.0416,,,
,,0.076736,,,
,,0.084288,,,
,,0.089728,,,
,,0.332032,,,
,,0.09414399999999999,,,
,,0.164544,,,
,,0.17446399999999998,,,
,,0.337536,,,
,,0.35609599999999997,,,
,,0.06752,,,
,,0.159744,,,
,,0.102656,,,
,,0.13644799999999999,,,
,,0.12038399999999999,,,
,,0.077696,,,
,,0.11859199999999999,,,
,,0.131264,,,
,,0.171584,,,
,,0.0928,,,
,,0.07270399999999999,,,
,,0.09331199999999999,,,
,,0.055872,,,
,,0.11136,,,
,,0.026112,,,
,,0.101824,,,
,,0.162496,,,
,,0.11199999999999999,,,
,,0.050496,,,
,,0.08524799999999999,,,
,,0.072256,,,
,,0.062592,,,
,,0.053312,,,
,,0.070272,,,
,,0.06841599999999999,,,
,,0.06688,,,
,,0.045183999999999995,,,
,,0.059199999999999996,,,
,,0.078208,,,
,,0.12287999999999999,,,
,,0.232448,,,
,,0.08416,,,
,,0.11955199999999999,,,
,,0.299264,,,
,,0.100032,,,
,,0.136256,,,
,,0.06444799999999999,,,
,,0.09151999999999999,,,
,,0.10553599999999999,,,
,,0.076224,,,
,,0.073792,,,
,,0.066816,,,
,,0.051968,,,
,,0.07712,,,
,,0.060607999999999995,,,
,,0.064896,,,
,,0.16467199999999999,,,
,,0.075712,,,
,,0.15398399999999998,,,
,,0.7197439999999999,,,
,,0.137088,,,
,,0.205888,,,
,,0.048,,,
,,0.141056,,,
,,0.286976,,,
,,0.09036799999999999,,,
,,0.245696,,,
,,0.288064,,,
,,0.38527999999999996,,,
,,0.107456,,,
,,0.089408,,,
,,0.202176,,,
,,0.06361599999999999,,,
,,0.41984,,,
,,0.224768,,,
,,0.262976,,,
,,0.170752,,,
,,0.124224,,,
,,0.11161599999999999,,,
,,0.140928,,,
,,0.136896,,,
,,0.082624,,,
,,0.06848,,,
,,0.136064,,,
,,0.315008,,,
,,0.081472,,,
,,0.054079999999999996,,,
,,0.12889599999999998,,,
,,0.078592,,,
,,0.157248,,,
,,0.235584,,,
,,0.127936,,,
,,0.158848,,,
,,0.103424,,,
,,0.259008,,,
,,0.20287999999999998,,,
,,0.078528,,,
,,0.093248,,,
,,0.04512,,,
,,0.183616,,,
,,0.23648,,,
,,0.12403199999999999,,,
,,0.089792,,,
,,0.342784,,,
,,0.035904,,,
,,0.070592,,,
,,0.45644799999999996,,,
,,0.525184,,,
,,0.422464,,,
,,0.12768,,,
,,0.342208,,,
,,0.142016,,,
,,0.226688,,,
,,0.40083199999999997,,,
,,0.16671999999999998,,,
,,0.09695999999999999,,,
,,0.259264,,,
,,0.380544,,,
,,0.327872,,,
,,0.271104,,,
,,0.025536,,,
,,0.17196799999999998,,,
,,0.234752,,,
,,0.08326399999999999,,,
,,0.041664,,,
,,0.129472,,,
,,0.172672,,,
,,0.13894399999999998,,,
,,1.0147199999999998,,,
,,0.20102399999999998,,,
,,0.285696,,,
,,0.038016,,,
,,0.070464,,,
,,0.22688,,,
,,0.283904,,,
,,0.107072,,,
,,0.13952,,,
,,0.12025599999999999,,,
,,0.164352,,,
,,0.451648,,,
,,0.086976,,,
,,0.092096,,,
,,0.18726399999999999,,,
,,0.048639999999999996,,,
,,0.057215999999999996,,,
,,0.1536,,,
,,0.08076799999999999,,,
,,0.074432,,,
,,0.255232,,,
,,0.10732799999999999,,,
,,0.059711999999999994,,,
,,0.06336,,,
,,0.072768,,,
,,0.100544,,,
,,0.17664,,,
,,0.196928,,,
,,0.0784,,,
,,0.16108799999999998,,,
,,0.038911999999999995,,,
,,0.30630399999999997,,,
,,0.04512,,,
,,0.082304,,,
,,0.206144,,,
,,0.12870399999999999,,,
,,0.683904,,,
,,0.31104,,,
,,0.18944,,,
,,0.354688,,,
,,0.177024,,,
,,0.151168,,,
,,0.12025599999999999,,,
,,0.28121599999999997,,,
,,0.66496,,,
,,0.297856,,,
,,0.13055999999999998,,,
,,0.15961599999999998,,,
,,0.12889599999999998,,,
,,0.09958399999999999,,,
,,0.182784,,,
,,0.161024,,,
,,0.118336,,,
,,0.18636799999999998,,,
,,0.122432,,,
,,0.098816,,,
,,0.612224,,,
,,0.076736,,,
,,0.092224,,,
,,0.463232,,,
,,0.241472,,,
,,0.684032,,,
,,0.14848,,,
,,0.126016,,,
,,0.10419199999999999,,,
,,0.17843199999999998,,,
,,0.106432,,,
,,0.055936,,,
,,0.070464,,,
,,0.135872,,,
,,0.151168,,,
,,0.151936,,,
,,0.053056,,,
,,0.20147199999999998,,,
,,0.34464,,,
,,0.37241599999999997,,,
,,0.268992,,,
,,0.056768,,,
,,0.14457599999999998,,,
,,0.145024,,,
,,0.41081599999999996,,,
,,0.16985599999999998,,,
,,0.374656,,,
,,0.7318399999999999,,,
,,0.509056,,,
,,0.213952,,,
,,0.267072,,,
,,0.24537599999999998,,,
,,0.598272,,,
,,0.393472,,,
,,0.117184,,,
,,0.1552,,,
,,0.16288,,,
,,0.10783999999999999,,,
,,0.06297599999999999,,,
,,0.080512,,,
,,0.162304,,,
,,0.07878399999999999,,,
,,0.076544,,,
,,0.37651199999999996,,,
,,0.163648,,,
,,0.127168,,,
,,0.10016,,,
,,0.13849599999999998,,,
,,0.318784,,,
,,0.094848,,,
,,0.179328,,,
,,0.08384,,,
,,0.12806399999999998,,,
,,0.075136,,,
,,0.243328,,,
,,0.329664,,,
,,0.23827199999999998,,,
,,0.182144,,,
,,0.17574399999999998,,,
,,0.230144,,,
,,0.12659199999999998,,,
,,0.197184,,,
,,0.24115199999999998,,,
,,0.181312,,,
,,0.234432,,,
,,0.209024,,,
,,0.25574399999999997,,,
,,0.158464,,,
,,1.004864,,,
,,0.13376,,,
,,0.38700799999999996,,,
,,0.326976,,,
,,0.063104,,,
,,0.794624,,,
,,0.152576,,,
,,0.124608,,,
,,0.058496,,,
,,0.077376,,,
,,0.084608,,,
,,0.12608,,,
,,0.30912,,,
,,0.040576,,,
,,0.036864,,,
,,0.086336,,,
,,0.162624,,,
,,0.122624,,,
,,0.12032,,,
,,0.24518399999999999,,,
,,0.25504,,,
,,0.13504,,,
,,0.349952,,,
,,0.22016,,,
,,0.11724799999999999,,,
,,0.336256,,,
,,0.15500799999999998,,,
,,0.1056,,,
,,0.060096,,,
,,0.5896319999999999,,,
,,0.112832,,,
,,0.132544,,,
,,0.179776,,,
,,0.23423999999999998,,,
,,0.11199999999999999,,,
,,0.324416,,,
,,0.12953599999999998,,,
,,0.089984,,,
,,0.089088,,,
,,0.08377599999999999,,,
,,0.068992,,,
,,0.101376,,,
,,0.11955199999999999,,,
,,0.127104,,,
,,0.250368,,,
,,0.413632,,,
,,0.100544,,,
,,0.184896,,,
,,0.125056,,,
,,0.296768,,,
,,0.16070399999999999,,,
,,0.28076799999999996,,,
,,0.335424,,,
,,0.189824,,,
,,0.35609599999999997,,,
,,0.082816,,,
,,0.41888,,,
,,0.13952,,,
,,0.137408,,,
,,0.079488,,,
,,0.08902399999999999,,,
,,0.051968,,,
,,0.057088,,,
,,0.114816,,,
,,0.17568,,,
,,0.298176,,,
,,0.20576,,,
,,0.211392,,,
,,0.23302399999999998,,,
,,0.079552,,,
,,0.07270399999999999,,,
,,0.68928,,,
,,0.550528,,,
,,0.78848,,,
,,0.140736,,,
,,0.105984,,,
,,0.201344,,,
,,0.07449599999999999,,,
,,0.051136,,,
,,0.12832,,,
,,0.21945599999999998,,,
,,0.30591999999999997,,,
,,0.20396799999999998,,,
,,0.713472,,,
,,0.152832,,,
,,0.226176,,,
,,0.031104,,,
,,0.236928,,,
,,0.274176,,,
,,0.311872,,,
,,0.263808,,,
,,0.580928,,,
,,0.11001599999999999,,,
,,0.23551999999999998,,,
,,0.24287999999999998,,,
,,0.062912,,,
,,0.081088,,,
,,0.167104,,,
,,0.14476799999999998,,,
,,0.112832,,,
,,0.30784,,,
,,0.249664,,,
,,0.507392,,,
,,0.249024,,,
,,0.053696,,,
,,0.11347199999999999,,,
,,0.170176,,,
,,0.034688,,,
,,0.044992,,,
,,0.24915199999999998,,,
,,0.04224,,,
,,0.20448,,,
,,0.16863999999999998,,,
,,0.103104,,,
,,0.10521599999999999,,,
,,0.270912,,,
,,1.042176,,,
,,0.9062399999999999,,,
,,0.10112,,,
,,0.354944,,,
,,0.167488,,,
,,0.29753599999999997,,,
,,0.360768,,,
,,0.36441599999999996,,,
,,0.176448,,,
,,0.13824,,,
,,0.08063999999999999,,,
,,0.220992,,,
,,0.177728,,,
,,0.477632,,,
,,0.086528,,,
,,0.126848,,,
,,0.143296,,,
,,0.08377599999999999,,,
,,0.052351999999999996,,,
,,0.22016,,,
,,0.09408,,,
,,0.07334399999999999,,,
,,0.36985599999999996,,,
,,0.164736,,,
,,0.178112,,,
,,0.070464,,,
,,0.062144,,,
,,0.1008,,,
,,0.152192,,,
,,0.213632,,,
,,0.371264,,,
,,0.236928,,,
,,0.052095999999999996,,,
,,0.17856,,,
,,0.459968,,,
,,0.493888,,,
,,0.117952,,,
,,0.234624,,,
,,0.047104,,,
,,0.21292799999999998,,,
,,0.13216,,,
,,0.36364799999999997,,,
,,0.231808,,,
,,0.07865599999999999,,,
,,0.229568,,,
,,0.395968,,,
,,0.427712,,,
,,0.328384,,,
,,0.136064,,,
,,0.141952,,,
,,0.5006079999999999,,,
,,0.10060799999999999,,,
,,0.08416,,,
,,0.131136,,,
,,0.228544,,,
,,0.246336,,,
,,0.256896,,,
,,0.32716799999999996,,,
,,0.094592,,,
,,0.068672,,,
,,0.096,,,
,,0.2512,,,
,,0.381056,,,
,,0.264128,,,
,,0.063744,,,
,,0.110528,,,
,,0.092864,,,
,,0.6331519999999999,,,
,,0.260352,,,
,,0.496832,,,
,,0.089152,,,
,,0.061119999999999994,,,
,,0.084288,,,
,,0.045824,,,
,,0.090816,,,
,,0.435648,,,
,,0.11475199999999999,,,
,,0.14790399999999998,,,
,,0.33632,,,
,,0.175872,,,
,,0.508416,,,
,,0.29459199999999996,,,
,,0.249472,,,
,,0.782592,,,
,,0.189632,,,
,,0.107904,,,
,,0.214336,,,
,,0.19519999999999998,,,
,,0.118784,,,
,,0.212672,,,
,,0.35065599999999997,,,
,,0.1296,,,
,,0.463232,,,
,,0.33766399999999996,,,
,,0.16863999999999998,,,
,,0.613312,,,
,,0.14079999999999998,,,
,,0.33408,,,
,,0.505472,,,
,,0.511744,,,
,,0.490944,,,
,,0.385856,,,
,,0.080832,,,
,,0.195712,,,
,,0.200576,,,
,,0.325056,,,
,,0.41344,,,
,,0.225408,,,
,,0.153856,,,
,,0.41331199999999996,,,
,,0.41152,,,
,,0.067136,,,
,,0.256896,,,
,,0.393536,,,
,,0.12006399999999999,,,
,,0.16006399999999998,,,
,,0.30912,,,
,,0.285632,,,
,,0.130624,,,
,,0.241472,,,
,,0.144448,,,
,,0.38655999999999996,,,
,,0.067136,,,
,,0.133568,,,
,,0.1792,,,
,,0.157504,,,
,,0.50688,,,
,,0.16671999999999998,,,
,,0.283648,,,
,,0.267136,,,
,,0.251264,,,
,,0.428672,,,
,,0.838336,,,
,,0.27411199999999997,,,
,,0.44345599999999996,,,
,,0.488448,,,
,,0.718528,,,
,,0.08691199999999999,,,
,,0.16339199999999998,,,
,,0.0992,,,
,,0.227328,,,
,,0.648,,,
,,0.7301759999999999,,,
,,1.1768319999999999,,,
,,0.09536,,,
,,0.1248,,,
,,0.5312,,,
,,0.25184,,,
,,0.465792,,,
,,0.0832,,,
,,0.058432,,,
,,0.110528,,,
,,0.103488,,,
,,0.06956799999999999,,,
,,0.148224,,,
,,0.171712,,,
,,0.45356799999999997,,,
,,0.13376,,,
,,0.308544,,,
,,0.146816,,,
,,0.1168,,,
,,0.187776,,,
,,0.151552,,,
,,0.124224,,,
,,0.208,,,
,,0.032256,,,
,,0.308288,,,
,,0.065792,,,
,,0.365184,,,
,,0.31884799999999996,,,
,,0.252096,,,
,,0.46233599999999997,,,
,,0.060736,,,
,,0.198208,,,
,,0.065536,,,
,,0.235904,,,
,,0.146944,,,
,,0.10604799999999999,,,
,,0.105792,,,
,,0.076544,,,
,,0.074048,,,
,,0.06278399999999999,,,
,,0.090304,,,
,,0.099008,,,
,,0.127936,,,
,,0.051455999999999995,,,
,,0.1376,,,
,,0.08127999999999999,,,
,,0.255232,,,
,,0.24851199999999998,,,
,,0.10976,,,
,,0.20691199999999998,,,
,,0.21670399999999998,,,
,,0.038848,,,
,,0.073664,,,
,,0.131584,,,
,,0.084992,,,
,,0.044671999999999996,,,
,,0.048256,,,
,,0.08377599999999999,,,
,,0.32633599999999996,,,
,,0.158848,,,
,,0.275008,,,
,,0.166144,,,
,,0.33766399999999996,,,
,,0.177088,,,
,,0.118784,,,
,,0.117696,,,
,,0.086848,,,
,,0.136384,,,
,,0.159744,,,
,,0.38816,,,
,,0.120512,,,
,,0.339968,,,
,,0.02272,,,
,,0.147968,,,
,,0.100224,,,
,,0.116992,,,
,,0.505344,,,
,,0.393088,,,
,,0.438784,,,
,,0.35654399999999997,,,
,,0.5569919999999999,,,
,,0.42380799999999996,,,
,,0.16006399999999998,,,
,,0.126464,,,
,,0.09235199999999999,,,
,,0.401024,,,
,,0.38822399999999996,,,
,,0.247552,,,
,,0.226816,,,
,,0.069632,,,
,,0.100672,,,
,,0.095936,,,
,,0.15328,,,
,,0.38617599999999996,,,
,,0.154688,,,
,,0.116992,,,
,,0.239872,,,
,,0.134016,,,
,,0.179328,,,
,,0.118976,,,
,,1.022016,,,
,,0.102272,,,
,,0.23027199999999998,,,
,,0.076864,,,
,,0.21228799999999998,,,
,,0.261376,,,
,,0.17887999999999998,,,
,,0.10572799999999999,,,
,,0.12153599999999999,,,
,,0.149504,,,
,,0.253952,,,
,,0.16832,,,
,,0.509312,,,
,,0.18656,,,
,,0.186432,,,
,,0.20864,,,
,,0.086656,,,
,,0.38239999999999996,,,
,,0.276544,,,
,,0.6050559999999999,,,
,,0.352512,,,
,,0.14016,,,
,,0.294528,,,
,,0.519872,,,
,,0.201152,,,
,,0.9166719999999999,,,
,,0.12595199999999998,,,
,,0.10464,,,
,,0.352576,,,
,,0.071808,,,
,,0.15808,,,
,,0.386752,,,
,,0.645312,,,
,,0.06297599999999999,,,
,,0.12403199999999999,,,
,,0.08806399999999999,,,
,,0.111552,,,
,,0.339072,,,
,,0.07744,,,
,,0.327104,,,
,,0.18579199999999998,,,
,,0.428992,,,
,,0.22950399999999999,,,
,,0.155968,,,
,,0.205888,,,
,,0.11756799999999999,,,
,,0.505856,,,
,,0.140928,,,
,,0.10771199999999999,,,
,,0.257664,,,
,,0.17728,,,
,,0.26688,,,
,,0.483904,,,
,,0.498368,,,
,,0.138688,,,
,,0.140544,,,
,,0.262912,,,
,,0.094592,,,
,,0.171072,,,
,,0.14585599999999999,,,
,,0.168064,,,
,,0.30291199999999996,,,
,,0.153472,,,
,,0.35769599999999996,,,
,,0.118336,,,
,,0.09580799999999999,,,
,,0.212672,,,
,,0.43673599999999996,,,
,,0.1328,,,
,,0.15462399999999998,,,
,,0.235904,,,
,,0.121344,,,
,,0.33177599999999996,,,
,,0.25030399999999997,,,
,,0.255168,,,
,,0.054272,,,
,,0.129024,,,
,,0.15084799999999998,,,
,,0.196736,,,
,,0.18118399999999998,,,
,,0.0928,,,
,,0.419136,,,
,,0.096512,,,
,,0.299456,,,
,,0.074368,,,
,,0.108096,,,
,,0.09465599999999999,,,
,,0.39244799999999996,,,
,,0.108608,,,
,,0.22624,,,
,,0.173312,,,
,,0.167296,,,
,,0.307072,,,
,,1.387136,,,
,,0.16735999999999998,,,
,,0.10143999999999999,,,
,,0.076416,,,
,,0.25472,,,
,,0.5414399999999999,,,
,,0.428544,,,
,,0.25279999999999997,,,
,,0.13472,,,
,,0.1872,,,
,,0.262144,,,
,,0.29056,,,
,,0.13216,,,
,,0.6055039999999999,,,
,,0.058112,,,
,,0.406016,,,
,,0.653376,,,
,,0.287168,,,
,,0.604352,,,
,,0.31488,,,
,,0.08211199999999999,,,
,,0.5716479999999999,,,
,,0.250944,,,
,,0.155712,,,
,,0.385088,,,
,,0.062144,,,
,,0.34099199999999996,,,
,,0.11942399999999999,,,
,,0.7235199999999999,,,
,,0.155072,,,
,,0.228928,,,
,,0.13632,,,
,,0.136192,,,
,,0.156352,,,
,,0.148928,,,
,,0.283776,,,
,,0.10060799999999999,,,
,,0.20518399999999998,,,
,,0.146816,,,
,,0.15795199999999998,,,
,,0.40352,,,
,,0.027327999999999998,,,
,,0.849216,,,
,,0.073728,,,
,,0.059008,,,
,,0.48857599999999995,,,
,,0.035648,,,
,,0.41625599999999996,,,
,,0.333696,,,
,,0.246272,,,
,,0.289472,,,
,,0.4896,,,
,,0.15795199999999998,,,
,,0.333696,,,
,,0.20627199999999998,,,
,,0.295936,,,
,,0.16064,,,
,,0.21798399999999998,,,
,,0.14944,,,
,,0.187392,,,
,,0.262208,,,
,,0.164608,,,
,,0.175424,,,
,,0.053632,,,
,,0.47475199999999995,,,
,,0.5637759999999999,,,
,,0.7824639999999999,,,
,,0.11104,,,
,,0.670528,,,
,,0.121088,,,
,,0.17196799999999998,,,
,,0.12102399999999999,,,
,,0.221056,,,
,,0.484992,,,
,,0.123648,,,
,,0.06412799999999999,,,
,,0.238208,,,
,,0.11871999999999999,,,
,,0.084992,,,
,,0.369216,,,
,,0.21606399999999998,,,
,,0.84192,,,
,,0.095104,,,
,,0.112704,,,
,,0.342592,,,
,,0.163712,,,
,,0.260864,,,
,,0.10656,,,
,,0.282368,,,
,,0.075392,,,
,,0.373376,,,
,,0.126208,,,
,,0.23296,,,
,,0.161792,,,
,,0.121984,,,
,,0.523776,,,
,,0.137728,,,
,,0.096704,,,
,,0.168512,,,
,,0.126272,,,
,,0.029376,,,
,,0.033728,,,
,,0.074816,,,
,,0.495616,,,
,,0.190848,,,
,,0.051584,,,
,,0.130304,,,
,,0.2432,,,
,,0.091264,,,
,,0.171456,,,
,,0.123328,,,
,,0.40377599999999997,,,
,,0.211776,,,
,,0.632064,,,
,,0.82048,,,
,,0.264256,,,
,,1.442176,,,
,,0.320192,,,
,,0.446592,,,
,,0.14355199999999999,,,
,,0.194048,,,
,,0.285312,,,
,,0.14937599999999998,,,
,,0.264768,,,
,,0.18726399999999999,,,
,,0.11936,,,
,,0.37535999999999997,,,
,,0.376256,,,
,,0.225664,,,
,,0.117504,,,
,,0.451328,,,
,,0.13747199999999998,,,
,,0.188224,,,
,,0.46515199999999995,,,
,,0.063872,,,
,,0.857216,,,
,,0.207232,,,
,,0.076544,,,
,,0.042112,,,
,,0.169984,,,
,,0.26195199999999996,,,
,,0.10387199999999999,,,
,,0.32128,,,
,,0.18387199999999998,,,
,,0.103424,,,
,,0.393024,,,
,,0.34464,,,
,,0.925696,,,
,,0.685632,,,
,,0.16652799999999998,,,
,,0.152,,,
,,0.367616,,,
,,0.220736,,,
,,0.056063999999999996,,,
,,0.146752,,,
,,0.27071999999999996,,,
,,0.12499199999999999,,,
,,0.571328,,,
,,0.133184,,,
,,0.19232,,,
,,0.576768,,,
,,0.060224,,,
,,0.19072,,,
,,0.113856,,,
,,0.187904,,,
,,0.399808,,,
,,0.194816,,,
,,0.56672,,,
,,0.450816,,,
,,0.394816,,,
,,0.162944,,,
,,0.8368,,,
,,0.079488,,,
,,0.205312,,,
,,0.316864,,,
,,0.19142399999999998,,,
,,0.13433599999999998,,,
,,0.113536,,,
,,0.345792,,,
,,0.40454399999999996,,,
,,0.26239999999999997,,,
,,0.11161599999999999,,,
,,0.142592,,,
,,0.162816,,,
,,0.46220799999999995,,,
,,0.061568,,,
,,0.246144,,,
,,0.20627199999999998,,,
,,0.24192,,,
,,0.16927999999999999,,,
,,0.097408,,,
,,0.201408,,,
,,0.050432,,,
,,0.08,,,
,,0.40044799999999997,,,
,,0.245696,,,
,,0.172672,,,
,,0.039872,,,
,,0.22758399999999998,,,
,,0.110784,,,
,,0.348288,,,
,,0.5072,,,
,,0.12768,,,
,,0.17856,,,
,,0.367552,,,
,,0.05056,,,
,,0.220992,,,
,,0.08275199999999999,,,
,,0.048639999999999996,,,
,,0.113024,,,
,,0.52,,,
,,0.12972799999999998,,,
,,0.196352,,,
,,0.49529599999999996,,,
,,0.295232,,,
,,0.143808,,,
,,0.081984,,,
,,0.421056,,,
,,0.366592,,,
,,0.454528,,,
,,0.275072,,,
,,0.48364799999999997,,,
,,0.07897599999999999,,,
,,0.092736,,,
,,0.317248,,,
,,0.20857599999999998,,,
,,0.045248,,,
,,0.098176,,,
,,0.432768,,,
,,0.19059199999999998,,,
,,0.155776,,,
,,0.15167999999999998,,,
,,0.170048,,,
,,0.486336,,,
,,0.25632,,,
,,0.333824,,,
,,0.042623999999999995,,,
,,0.062912,,,
,,0.16044799999999998,,,
,,0.136576,,,
,,0.226432,,,
,,0.12486399999999999,,,
,,0.1168,,,
,,0.35712,,,
,,0.271424,,,
,,0.12300799999999999,,,
,,0.062335999999999996,,,
,,0.059775999999999996,,,
,,0.066304,,,
,,0.5423359999999999,,,
,,0.067328,,,
,,0.076608,,,
,,0.041664,,,
,,0.157504,,,
,,0.094592,,,
,,0.086784,,,
,,0.0576,,,
,,0.14310399999999998,,,
,,0.725312,,,
,,0.076416,,,
,,0.086144,,,
,,0.244992,,,
,,0.547904,,,
,,0.185408,,,
,,0.08934399999999999,,,
,,0.079424,,,
,,0.620736,,,
,,0.267904,,,
,,0.545152,,,
,,0.338176,,,
,,0.06944,,,
,,0.106432,,,
,,0.184832,,,
,,0.6881919999999999,,,
,,0.16735999999999998,,,
,,0.129984,,,
,,0.07776,,,
,,0.24928,,,
,,0.248576,,,
,,0.6142719999999999,,,
,,0.46015999999999996,,,
,,0.115392,,,
,,0.103488,,,
,,0.23929599999999998,,,
,,0.27366399999999996,,,
,,0.51968,,,
,,0.12992,,,
,,0.11891199999999999,,,
,,0.029311999999999998,,,
,,0.477056,,,
,,0.36985599999999996,,,
,,0.293504,,,
,,0.046464,,,
,,0.16735999999999998,,,
,,0.5167999999999999,,,
,,0.10521599999999999,,,
,,0.31232,,,
,,0.272576,,,
,,0.08044799999999999,,,
,,0.050688,,,
,,0.051455999999999995,,,
,,0.29919999999999997,,,
,,0.566912,,,
,,0.520704,,,
,,0.075776,,,
,,0.096512,,,
,,0.352896,,,
,,0.44799999999999995,,,
,,0.174144,,,
,,0.075776,,,
,,0.11379199999999999,,,
,,0.074048,,,
,,0.146752,,,
,,0.443136,,,
,,1.6004479999999999,,,
,,0.164096,,,
,,0.09888,,,
,,0.139072,,,
,,0.457344,,,
,,0.09792,,,
,,0.110592,,,
,,0.126656,,,
,,0.24601599999999998,,,
,,0.737088,,,
,,0.100992,,,
,,0.32864,,,
,,0.38329599999999997,,,
,,0.16697599999999999,,,
,,0.059199999999999996,,,
,,0.145664,,,
,,0.086656,,,
,,0.11743999999999999,,,
,,0.20576,,,
,,0.20332799999999998,,,
,,0.14623999999999998,,,
,,0.27488,,,
