CA2,CA2,CA2,CA1,CA1,CA1
Basal,Proximal,Distal,Basal,Proximal,Distal
0.2222107812737676,0.3658075070931593,0.4793164637557761,0.33913226221560727,0.20733521476639635,0.2806284895370628
0.334997504480508,0.13904660726736337,0.4455509396142307,0.4593941027342083,0.1950457123256774,0.4128181606899067
0.1296234664330835,0.22486247808824048,0.2090151404926742,0.6275720108361377,0.11938729172329494,0.29245043973841206
0.20756768842995363,0.10876690475999239,0.10417914357548738,0.37464403568809584,0.23422970408602609,0.6195131463056328
0.32727434824566376,0.10146223200599548,0.1785242778895097,0.2563069284626954,0.4675103536158013,0.26728511746384404
0.4804922327463393,0.20053048518134192,0.19747270033874106,0.3643122082581453,0.1686668198713081,0.47215102347373067
0.290652785389391,0.15995089974943685,0.4443231150291635,0.42161546382980203,0.33122177371008354,0.36528236430180855
0.28724009342546797,0.1424555711222169,0.6289443890481532,0.2829312485167132,0.3995886647764834,0.34037058451854413
0.30166231500655466,0.13428888238341852,0.5376786787659127,0.3074015978320848,0.2941386398520422,0.36977518952808164
0.2504694128917476,0.07945328491404648,0.4202231098840383,0.2554033085080619,0.712470796384305,0.33258023610937476
0.3106523519990317,0.20575089392133494,0.2739049273108072,0.2953504402739482,0.3042611360218152,0.17708649604400709
0.29018129343283605,0.08002193272878927,0.4382661466235178,0.32879199003181475,0.3426192002913213,0.397894007456256
0.6658971042622903,0.1290963253143919,0.4700530987659985,0.34886653603309387,0.089602079783822,0.24565358598991605
0.19519331294637285,0.3664723335950692,0.6069338584825472,0.37921722868428337,0.10789312878303896,0.311938912174614
0.26603669935475593,0.6615059633958318,0.2481655375536828,0.5944176170047643,0.3423503366510539,0.35056031641397495
0.3352573360923244,0.21034581408050215,0.2941032856418637,0.3082937340563564,0.24303771999979878,0.3912888498254352
0.5799609760162207,0.21514258719873874,0.2655339555578586,0.32868026380360754,0.18716941150127117,0.23953196215399367
0.4617356914607524,0.4514967059137239,0.12477219482787771,0.30667668072486376,0.19515678462492117,0.4950376656883691
0.32872959175494515,0.2857446329045973,0.5900487693386334,0.5635871991283152,0.2917867577803485,0.4109516472709392
0.19610510374221812,0.28100182510441374,0.7485682062068588,0.4831162137048868,0.21752632211458217,0.26804488617612793
0.1571996186539856,0.39313504065011823,0.27160547543783664,0.6364501493409519,0.2029220051483026,0.40505620141521165
0.1970312192746106,0.142704459577942,0.5277658270839075,0.18873769326474582,0.3982250702360751,0.23000199753301712
0.30241034126479455,0.5903042417492077,0.6395534465662637,0.3899459567432002,0.11279926713053952,0.5325974271537645
0.4205400706182193,0.6870348718335553,0.46895292207792205,0.5134830422868906,0.1160462930050994,0.38613917957954225
0.18749541724654378,0.26862470385852394,0.17313484649801553,0.3987589878253466,0.3189912725190612,0.7288431551489979
0.25668974270652367,0.30358775929015647,0.26271400026496333,0.33954089421792205,0.2627293056681814,0.29710607337649936
0.2767347386912605,0.3120451773749765,0.3040821880567068,0.3517686054926679,0.1837207634002312,0.20841382504604453
0.1994502507844736,0.20653160976690327,0.5726884311285788,0.09001878459798923,0.3747624249589777,0.4292070261947667
0.18901384165482332,0.3246488869744116,0.3918538119372104,0.3456857991279507,0.3936596458548567,0.33198672747205704
0.2601647747547274,0.22454236602714106,0.4257070854210321,0.2089346718003081,0.5610950180920175,0.39491284632799883
0.2819106072679544,0.07730815091683721,0.4948217268484965,0.4664959487403892,0.2859690203577574,0.2886330197644725
0.34712898997695735,0.25593718811584865,0.4258769907151202,0.26537481265717744,0.16984325450446594,0.3594446954288183
0.3627609515095729,0.1988579438428244,0.28498344628089906,0.40108569631060975,0.22368806674424133,0.19287982967998846
0.3864661610955254,0.43446209220256554,0.7992958474765187,0.37083036354896526,0.12669223693573303,0.23340585971187905
0.2046845253307222,0.29457524711654565,0.6022585613841869,0.49201556355029097,0.17643755201095357,0.42397710923805754
0.49143457306481625,0.23297444359500982,0.38208154763329905,0.2728994744429436,0.36392748382185003,0.4087467174077536
0.5551795708121685,0.22968938843426803,0.46561636561848013,0.27276291081568377,0.15859337557814776,0.3957250144425188
0.19516650954824255,0.4276501403074051,0.5722714829885912,0.4736661501396067,0.13347028479707748,0.4483077828235112
0.2646079303748206,0.6543023220177957,0.7024572776262566,0.26618632787483115,0.12425506908604549,0.2228186751480267
0.31548769879458877,0.45074283141239685,0.5506078636292412,0.5660033624008913,0.5122346291951688,0.4385197917671929
0.2968285345193817,0.5300984309086446,0.26112375163253015,0.37966081821823716,0.30292667206816876,0.40162778037980273
0.1861909102553421,0.05216844751728473,0.6099324031542563,0.6860667135058545,0.32920146520146515,0.2425184008824816
0.1583113564772363,0.40249134389227054,0.15298964354149308,0.39461286814519003,0.5316668350848829,0.22939936323493815
0.24852824531223558,0.6097618348083083,0.849438289001274,0.6227070066599301,0.6316408752741828,0.2757594143477448
0.2501455223946216,0.3182611512589951,0.24416483432638084,0.5103036908131039,0.4185373960763019,0.3100074286840214
0.34885732200384856,0.19458624862639273,0.21588905316861606,0.48411682994589855,0.13977412821736673,0.6845653254717955
0.3223341540643792,0.4379266704986438,0.6302935857126994,0.3507646433896065,0.4411844620225248,0.35050606668033785
0.13382987980775277,0.22011934711929196,0.19202272062815853,0.3438089994840473,0.4456631017666166,0.30194277530433694
0.2861026273414112,0.37200022260651616,0.5115505026040815,0.4929151732377539,0.18461210266898861,0.620895631618621
0.2666025837193016,0.20398233691628911,0.3944867035497918,0.5471863704525557,0.26604160499242624,0.2920523527918479
0.6782622954304255,0.5819819536474052,0.548498096041175,0.4879529575416522,0.19800988027636646,0.4361221545471757
0.4091975940840897,0.30793225361701154,0.18901222298230447,0.31792632233084706,0.3433616427025367,0.2739473236343044
0.5871946206712162,0.17692327052467324,0.5912835389665683,0.3062331241680928,0.29843078590609884,0.33657135256291904
0.35665553288772117,0.23226566228131781,0.15263908536578302,0.5238299180327869,0.47180803163730506,0.31178043400441163
0.21946623125891634,0.2577777958510628,0.2529026030276685,0.25702561475409835,0.2263713213490574,0.5364846414622635
0.27532933664512266,0.6954646037984974,0.38604630255673567,0.3279762221122908,0.5164381215683936,0.38154862304333437
0.13310624066264345,0.12469346129473433,0.21475376829679893,0.3686027495940674,0.21631226205226584,0.34113662874327383
0.34980023932048676,0.2785873010390298,0.43636025266766065,0.5532230160510043,0.14083948871892632,0.18529233585472576
0.3060898626775122,0.2871256417395722,0.17476498279286187,0.5229844749186077,0.16427065537421393,0.21989192960607382
0.1680566591022116,0.3020367173924946,0.17261563561003573,0.5723061013820187,0.13759543356181494,0.34401146107939046
0.47101616628175524,0.1917232073326829,0.16306212520393318,0.2880104879121637,0.898834851038654,0.10270766778172395
0.30580436234788416,0.1469780798647994,0.5696319381435165,0.5854729449310814,0.5362776025236592,0.31731160538358166
0.44965905888982816,0.21079163004170823,0.11582163392691763,0.5373223299302732,0.3914002376795251,0.3591744706204564
0.36211480857960343,0.07536215517408479,0.3540529505607549,0.5564627699781616,0.3506352916703162,0.27906306651535023
0.2758156627341958,0.12319621127802138,0.3699622429740919,0.1591489935904644,0.5014830430224531,0.4325826467597164
0.30593074162592004,0.080509221564043,0.41314486692577107,0.3248352113202827,0.25500445102437375,0.6202910176882204
0.4884484106971883,0.7402893965987144,0.15695168561186904,0.5488300107276953,0.4736788845518434,0.45585743340755186
0.09364581113975756,0.256099000590242,0.18773539976309558,0.57682945909028,0.37292938410014015,0.346348881993719
0.07916655297750463,0.2452848119407441,0.33195447653979326,0.3589604112302163,0.28718062175613174,0.5106866682438385
0.2805640203253696,0.2671452314824939,0.6411392782187852,0.4386268166480996,0.7202949326368762,0.48484121196713864
0.23923979784464766,0.159208064007198,0.385442300633568,0.45595112993326653,0.5498176695745383,0.4347010791287199
0.35520284762469767,0.219907234339094,0.5471130994443797,0.20362965891600088,0.23569848428552584,0.3576786341508251
0.40252767054861105,0.18652654051110468,0.31645487874608996,0.199563747772949,0.2940009780188739,0.38273306979214766
0.1602458021404208,0.5669740127624157,0.3272111372639649,0.40229644668923387,0.29082187843018575,0.3247129639950953
0.20774181223359162,0.3696094908858932,0.4520871065872535,0.4707794935560297,0.1666734657671615,0.4613372614033515
0.13595612495472795,0.2088186298838826,0.20251557496182046,0.4476040006743932,0.611342244891343,0.7357317922420887
0.2886420632607608,0.31314645556613685,0.21801841855840526,0.3400963560075362,0.49014315238858763,0.44973577088778915
0.1974517091198974,0.17602226490845668,0.19457911552926577,0.5859801402259027,0.5532976122427538,0.32192171792831975
0.4410152496080117,0.39815673711918775,0.4530577927086115,0.6585196244025571,0.4384529699159098,0.3119459607346273
0.5170793869467882,0.4286507611754587,0.5578914437666197,0.6259364099928214,0.23332498666568952,0.33833874902900407
0.23950105646894526,0.10453684906334433,0.694448407662444,0.35982648521539534,0.18480353939075136,0.36972264712361574
0.2807022117834828,0.19499637402906342,0.22687337606430616,0.3389382876385969,0.35973597522268413,0.2570878590303887
0.21994391192767043,0.11666577532671174,0.2770297473354749,0.42895244654534853,0.18572004765171504,0.6462629811256536
0.2401992121814388,0.06846025657755407,0.4233838816647416,0.30945054891041224,0.5368889576162718,0.1786109920181975
0.2537555357229512,0.2713540031079346,0.4404927158171734,0.25579113544037235,0.08354809272483991,0.6704321551886305
0.45277617545625254,0.16349049668465981,0.40352286430973594,0.6231606064127344,0.629703185810694,0.6586379227390543
0.38726933143789843,0.7157608350639811,0.5688375355294746,0.5567823362904132,0.1463772254500324,0.18329507640782539
0.18346787247334445,0.1948240209887766,0.6134174992900112,0.4752646530146615,0.22930837077070865,0.40428425705542326
0.45548390414670037,0.19043635864526987,0.33259699661757103,0.5374139715026153,0.3898182879846659,0.3482014715471173
0.41963556831478405,0.12687656943306905,0.3975121375028737,0.3977250913393606,0.2413141586821567,0.23263792098846436
0.3606244362938438,0.11050777628772264,0.3373225817153541,0.32347632694535394,0.29362661973479975,0.23302333915515924
0.2442524892306592,0.1551272191993151,0.3876642239881341,0.5417589539607227,0.13102073516678378,0.3793093200993092
0.30293872374378267,0.17941456991652388,0.4289536563943221,0.45024129342970665,0.13717326760878418,0.210120438111651
0.19159695256366502,0.07980543572274226,0.2008502194073205,0.3374425108474482,0.1259784757738055,0.3440607856634292
0.5068083305191771,0.5967553779259703,0.5612595093640718,0.6656416731856867,0.2654415400511484,0.2963907567429949
0.3965482769531197,0.23117958616037187,0.32299712859249297,0.33660948100367183,0.27061013526725874,0.20748905495734304
0.18866731460555744,0.20693531413576788,0.2869180657938446,0.4692461957108779,0.15978958046258185,0.28799529323320555
0.17972669233662397,0.2197280967497818,0.42082093961501493,0.42803353374592273,0.3503503342491137,0.20311478241292522
0.19079402064223946,0.26192371616295895,0.4747673878376173,0.841515790369911,0.596882905119027,0.24134493843561416
0.4834091767261346,0.2743037754211395,0.35022380938729875,0.3013778048753933,0.5806547502640123,0.6170324707553271
0.4203857970386813,0.22160050205182272,0.27814510547503696,0.43340271293805455,0.49717700873107296,0.4601159476999672
0.4153013980170292,0.08998984669779178,0.2363363002404649,0.26647170440494705,0.5233220081863325,0.18663014836132755
0.21558763619708804,0.17907777254266724,0.4533829481589332,0.24306049436999747,0.6420916174801632,0.41467003976091193
0.4056961403336364,0.11031616390136013,0.3619611849844747,0.4307656695974228,0.20520243921160078,0.3908707451508394
0.7310298063938625,0.1401194643573339,0.21787167316930947,0.407765180588145,0.2717224903244302,0.3442110292064368
0.12335022423773657,0.2125619861628699,0.467704311512188,0.25904097812589544,0.40290663899244794,0.29022235380800665
0.2608035800784311,0.16088116221656198,0.37909478190519125,0.4046702116413918,0.10583701389777651,0.24322323864764211
0.10724192723900532,0.6028565638106753,0.5022305507371158,0.40953901597372955,0.4235571490615383,0.5011351397141578
0.21145934568851385,0.286249773052793,0.40855692336543736,0.3788769158315606,0.3622270197554704,0.310383906624265
0.3092020010327772,0.27784353193421324,0.2931080962573446,0.189529163569726,0.660627038886016,0.24201751108962427
0.4705233898126976,0.2627261879286644,0.4022775415991002,0.29662991452443804,0.5879719951690601,0.31502526858470487
0.11325347312138397,0.23278038807790252,0.2648320778393864,0.6970275223043371,0.4822475298195738,0.5790508312046887
0.22647990096017515,0.29954882586461534,0.40202709319405905,0.21342996015238427,0.4009538612551182,0.7226897067353308
0.35218932201035436,0.4320469145327473,0.5802619920902444,0.1496518807198844,0.2021470143709991,0.19196011573678265
0.15733316231347746,0.17008062216977063,0.5723869090018887,0.15205412269562552,0.6812588239873836,0.4241013471753356
0.7146978478540862,0.27209650791966955,0.27848129772244845,0.26110717599289684,0.22547125271426033,0.2872255425926067
0.7236493328934648,0.06785522486027037,0.2914536548235289,0.5138322306947741,0.3969980581204801,0.20197122764059636
0.4490736948449104,0.31978926046934286,0.416502098470692,0.19420737741865196,0.4428583002935034,0.1514350438447712
0.4726163134214779,0.2162350949255363,0.3453091349195032,0.30164754492418433,0.30521397522025157,0.21456386810382636
0.3419255268020929,0.4922160691239622,0.4069742644989885,0.3472342813927475,0.36841378957014803,0.27344466447814353
0.5867074221553364,0.5284583504143853,0.4069252094685016,0.32541680630495806,0.17220518592154266,0.12141651493201847
0.21344579820931256,0.23725868582346588,0.3539265612436345,0.41125602561363395,0.3384769174447077,0.2620738601440094
0.3835113881696671,0.5812351674570306,0.4199778565179199,0.38533577399440433,0.4201306985507846,0.2556543483145133
0.32884269852457904,0.22983679922773756,0.3790717899372892,0.24535206726180367,0.39000257593143334,0.20961457511834902
0.7376657873525316,0.38415523781733296,0.4154621220165036,0.3018961635247892,0.32792299600728414,0.22700528756454624
0.3326763138254456,0.2157974294419826,0.4391292190850571,0.39075180812749627,0.33058364475708946,0.2250608366687053
0.21820219599142962,0.47980439507759126,0.7003191061818914,0.459120221096269,0.24430144487299904,0.23179093346545793
0.3978061256124945,0.26691817967460507,0.7493908633318821,0.4143967598166488,0.3859740573192787,0.19482571628343054
0.7107859868458898,0.1865008797166784,0.22899631232964565,0.2787954099963084,0.479421224160518,0.25358063226386635
0.3487194903546026,0.4430356496891554,0.25796600324902214,0.23757483726661488,0.5643958105257537,0.1519833376539785
0.14195231538517283,0.25336839158634766,0.43508544508303604,0.32935906157798517,0.3512784258448939,0.2889869581123546
0.5750026546229373,0.32669027786738564,0.5438347408144952,0.2620632011223332,0.16794451272418978,0.3707519318059498
0.8157993240462661,0.39992791525391713,0.43645718033862174,0.38354396284492304,0.1666886728204477,0.21457760094387968
0.36026835285666564,0.3657126327876665,0.03391071040668195,0.2705478668067345,0.1584823047068297,0.26529089780599596
0.3251635157807862,0.6272088314679629,0.4585086958819075,0.33576585668814535,0.48100923368544646,0.24771422428552095
0.12872898757354195,0.19076043999473058,0.3478326317961707,0.3602563613250228,0.2606960039937709,0.2843141910316237
0.1176102267670957,0.5241541051956382,0.353939681401187,0.5008258921768812,0.5178542229794518,0.40662300076161456
0.6021343414168971,0.3211175854132007,0.43846508902470566,0.3400309678665278,0.42076374772141395,0.20838190831204975
0.24248113903227636,0.19048870614163171,0.18243524397463443,0.3143977072397254,0.4752468262376022,0.2548693558525969
0.48952206814379146,0.1608511171700351,0.6430785839723727,0.31727829775772676,0.33695502755546347,0.24401297003124378
0.3221889561663194,0.07204256170381908,0.39695023113405775,0.25391645904877336,0.2210533398808561,0.4191111222033654
0.7235898806775376,0.1706839151156009,0.2642262302674409,0.4630350369223172,0.29534525173145426,0.6340722026520011
0.45989891430270347,0.46570065546040806,0.7945199204479955,0.1425403452068323,0.3298438807913583,0.18562427879232726
0.6156145752644014,0.21233578614173043,0.43609990610029437,0.1457553924539313,0.6582051458045753,0.11589615038749373
0.38888812768495656,0.21155728205426963,0.5470286368690089,0.124456265571342,0.28566924168374586,0.1266878852849669
0.13493696989855314,0.24393254842610518,0.5686286478477768,0.18619220576584705,0.3839495538496948,0.43132441149791334
0.6819402418354126,0.42561524529736583,0.3829923406465014,0.05852588659137494,0.8447537353823948,0.3741490440003053
0.09251177454522376,0.3811480071556562,0.44906675593916334,0.22875970780704022,0.3710516284733446,0.13554234617161257
0.17610424608912842,0.32359048640772653,0.417664678051816,0.51677936157683,0.34444757035729184,0.6629651899139024
0.08929049015652551,0.3058839970689686,0.1931270158639306,0.1339094038459143,0.34109515212834196,0.4611369741583407
0.5280024390243903,0.19064336556800837,0.304732983719552,0.22289015236790555,0.16985149838935498,0.2076101231352227
0.1934109756097561,0.42784209142736773,0.47130062919536597,0.4957898636472197,0.2405592125756314,0.3970526542247082
0.5714244391318773,0.46423439490445856,0.2689002202605893,0.34495565269103595,0.14950682925663944,0.2508239037962664
0.14908500012761505,0.36132153997494476,0.140861361553768,0.5124156267282494,0.22536653341539098,0.43776740321308094
0.7009738349178898,0.4126522568262282,0.20953033030584628,0.3912075625127059,0.23206054119112537,0.16639406238594281
0.25424025756390856,0.1572840529681981,0.6760767567171291,0.1957695667280385,0.5137503597781676,0.16162993655152796
0.18059154225748014,0.23166849412573054,0.41537902527522375,0.256438164283213,0.17871291605707929,0.18601756968553193
0.22059068073573068,0.15361456316871117,0.5682284481768469,0.33031961410900207,0.365286519156252,0.46137680253227464
0.35559948929739305,0.13972306905722146,0.3844456729899705,0.2613870174916492,0.4382895450180304,0.2519000884689739
0.38950909584357823,0.11036564194332417,0.48607192792315773,0.17927387639105516,0.435751209418686,0.21068869506607718
0.1536452818806574,0.16042840736091452,0.28457605829494176,0.23303811606286085,0.41032538321337303,0.3541537949196584
0.42659940029752685,0.3650759268785941,0.3271925551309029,0.6098833853404914,0.4318345200921264,0.3119649625065202
0.221881958925303,0.31517414590814263,0.4545030388009069,0.23209552304424305,0.31027883766730174,0.3764141277356662
0.6336298834805181,0.27827129636845277,0.16775149232361947,0.2719022574684993,0.251802245883865,0.12320227643061324
0.10546517316207367,0.2743343128588896,0.274744843385426,0.11841380682477363,0.5923421508891066,0.21244746615276172
0.1836018672988556,0.1750658444144665,0.2350621795603854,0.3232090280280192,0.47960803701679194,0.2556520717648814
0.6955684353058686,0.4385827903465495,0.17503443303533817,0.2557731205275951,0.3579564078944129,0.18642698190820492
0.4671127347062386,0.13176131478459202,0.21562021495076164,0.43864244282150694,0.372955628190294,0.18006873716321475
0.498084584560197,0.27888246219748225,0.49908413865312085,0.2520266033976723,0.3707442180741621,0.3389348925312888
0.3128542822470805,0.30837079654408855,0.4764379589176069,0.29831746686019234,0.10211259876817508,0.23861526108401873
0.4837630379663944,0.3495231270943742,0.5959614259645691,0.38147936433587765,0.5031755560002076,0.32795851520009817
0.7094236859435127,0.1938972565323193,0.6693881014507247,0.6621392367582254,0.5929315814920295,0.38228188501463145
0.3951713595156036,0.33694058887142264,0.5044023628720271,0.2096954377630548,0.23684459916835895,0.4723389882304689
0.44836072303873326,0.41529500320671936,0.5660831532736763,0.13611887175383802,0.28060316391657036,0.22597767174438146
0.43663685376306294,0.3114034753883743,0.20778992428739326,0.3653643913111801,0.14902174733164247,0.3684427873610685
0.6118195884944783,0.1312316952819657,0.5184027811495548,0.48805652396976656,0.3515732735550252,0.32986163169976773
0.5104177176588222,0.20459064856355724,0.2049630490468265,0.2875886083820421,0.46584956173657865,0.3082108659296423
0.28047945955768167,0.19842688342954515,0.15283654917815037,0.35401943936894315,0.26590464034212097,0.25566251207847646
0.3789498014406925,0.7215113203502789,0.08696674432735968,0.6670331267769427,0.47488327544278347,0.3499106092722343
0.38737280726231,0.2286847419319378,0.08741347143297722,0.2145304737994765,0.32787231646096315,0.20919262816010345
0.1846341163370943,0.16708263986644373,0.43242275980791883,0.5134611947365616,0.1431949902989901,0.4464096215068978
0.6070974709229352,0.46005444431293646,0.16173336162909788,0.4464078147899987,0.23393798815979305,0.13377383388367695
0.351559230453681,0.12895405222480583,0.3059794879047044,0.5436199992139361,0.5946881957406616,0.3802197116659288
0.3390861693829796,0.08623111219686419,0.36267777599323475,0.4722019571322022,0.2651140741386544,0.28892431980440214
0.25386784850926675,0.15004241715618535,0.18393308347568632,0.41387105253276263,0.32256185174425456,0.1773159704645033
0.3009672545670431,0.09540576071108402,0.25512796648084834,0.2834572800544453,0.5038442264226943,0.24107764233265994
0.4698103009709839,0.08804417801969039,0.7095578675420029,0.4161715869969229,0.12457424918367226,0.18166918184131908
0.4312221924301755,0.33115978790793155,0.5261162881221597,0.23265442994937335,0.11693662639254469,0.24088617981479313
0.22353737380399671,0.15563724268967968,0.21097610538402983,0.296730384420672,0.3996499011216382,0.4183037597834485
0.8153651416985177,0.31580916723848096,0.5559580121634158,0.257553827212396,0.3732720975756663,0.206040257320698
0.05524206776564962,0.15047255174236282,0.3443938145122373,0.15074279193675005,0.10595797934446743,0.43931454097350575
0.4433495263007496,0.21428108354413497,0.341516176844179,0.3981424075016788,0.07760984137428314,0.30823375207306936
0.36843399983087716,0.14165419268505164,0.44195562789004694,0.3337131343036159,0.37620994583360307,0.26869102031141173
0.25308321081716256,0.6077522558498755,0.27914812285016805,0.13828432724768386,0.45554525590942196,0.2986606755744748
0.17930236897301613,0.1387512375558696,0.287068482925919,0.5039883049909302,0.19972843043031002,0.25847651289020473
0.5018821846742446,0.5100398871197472,0.5229132955003002,0.3199665974319207,0.23535913360258265,0.34138921092460583
0.1564967269921466,0.32943457219870553,0.8123064752488705,0.17293021904850633,0.11034763589789741,0.3399165097443111
0.29131897716673255,0.34482230156002464,0.30466042108181973,0.43909182091729737,0.3471150921836339,0.7006019959467443
0.12985431051262356,0.22416551173752408,0.29671554788997545,0.41809601698660476,0.44283969009675955,0.35097594835494206
0.14305657004962358,0.3822969848333161,0.19245760997988273,0.32549186889113585,0.19798489600806987,0.330243120393571
0.21631238466312383,0.2668581058211991,0.3268168347294053,0.5022647398824757,0.16031747510988928,0.24968001071723195
0.27922518279225184,0.37969834295660704,0.3725594012873749,0.4116020021265071,0.1839926688722178,0.35561854806907983
0.5346584316177725,0.2686740139403204,0.3671825394684064,0.2542539425683288,0.49134653371470105,0.2981757680194902
0.632391214230279,0.19092046462971266,0.21621253743621005,0.12697271030596438,0.6246131345515411,0.21972633208881343
0.3958416517471889,0.30120474997958147,0.2612721331650028,0.19317335215464848,0.5079074791293023,0.5349800628548005
0.49084384136838455,0.2514443385534721,0.4233943656279051,0.22245138158999456,0.41264885419793856,0.2795892118104235
0.44073054172804793,0.16478595713991345,0.10967843283536523,0.41929102366506044,0.2781743445869874,0.2900146935613572
0.3321488620408729,0.11206782742187801,0.17613516383993444,0.22958339314783166,0.15607224356084237,0.25867202025847813
0.19355878733251286,0.387369866148038,0.392084830702361,0.1762359417405127,0.4453964625884989,0.22193590000176286
0.399277175983979,0.10265177655150637,0.25323059897875605,0.13639691602458545,0.4795480698817868,0.2982694087698172
0.40950541294561915,0.3726847988188725,0.33591138180028984,0.35578819251053134,0.25799036822192484,0.3596393757512589
0.5145471383884034,0.3993086767776284,0.4381463073221005,0.08487171835506774,0.37358855512680766,0.37060176588276167
0.5976808253250021,0.5084991267590396,0.32604240150757424,0.14978019556215422,0.18530318369564866,0.19957356123676043
0.5577271140471012,0.14715534197057062,0.7899410945926635,0.23460107117870813,0.1582652688278462,0.1910271443860125
0.4686272429777358,0.13411602846526482,0.6047615610065981,0.24124660495636402,0.5318228067998511,0.24880565803993054
0.4148904867666515,0.5057200169976823,0.25047544331683025,0.5053950872989567,0.4780509319452548,0.22320510206393437
0.4880097200085887,0.1766457071050291,0.36761879628939076,0.2572364001097643,0.21451553511170673,0.21253200117809648
0.3644721869870169,0.2676195142414766,0.23737904171467608,0.6107285102766937,0.25671750511145347,0.41278594330931817
0.45390729928368906,0.5348340919176054,0.2647608970537171,0.43776647307603217,0.2980604402437508,0.4809012380961161
0.1934121306521415,0.2163911888554141,0.336475401780742,0.3291403263745957,0.3831921402810595,0.32603100975116284
0.49089755431892673,0.2577644249544451,0.249036637992995,0.28965799064047865,0.3119535678300974,0.34181609253171474
0.29974641774210214,0.12480233623121162,0.45753521742085174,0.17977797956771538,0.4203907527525784,0.27214659231354416
0.5033068763748222,0.2018503865356403,0.45055693346123826,0.3669618162096748,0.1429441835360046,0.24307450289166474
0.12598888082180423,0.049234624707891056,0.4996916630664433,0.42059332891885853,0.19136475633099603,0.13821478190532943
0.15538640597741063,0.16977353059285205,0.2643695932543423,0.4134072460814781,0.18324528829958966,0.2843337834120181
0.378256516059042,0.3170117647058824,0.20488065791916135,0.34008764998655927,0.3195609549482329,0.5515305089915087
0.3910732014833758,0.2743607357146862,0.16604568658737862,0.6568187296613234,0.5806190987995307,0.3545318292183332
0.3062331856306378,0.24436515274504103,0.27981743767697737,0.2796400658512055,0.09297088070642624,0.37340156449569034
0.3663874333941808,0.26992759558365825,0.40363256290611305,0.31458738842785955,0.20750225900425626,0.40125577759896597
0.1169573271460507,0.46947366338298835,0.46194821966781285,0.25369489177779025,0.3018458547993364,0.3361958817989768
0.28716354581346965,0.50229694898565,0.8331381691216896,0.12491482194482392,0.3373045197541763,0.42484244496882956
0.21605066108143992,0.2978952139297769,0.04012944594394513,0.3520818390306122,0.22538060022401749,0.33788569184247585
0.35396198257750616,0.6185009583868315,0.14227910035539823,0.4265857183893633,0.24929029467211003,0.4150089457606903
0.2280168850584821,0.19149502255123776,0.33460256062918625,0.4889213556987761,0.12646027247768885,0.34977186218855366
0.39681055610866717,0.24579323810517095,0.1476012578278281,0.33972761496451265,0.40498366678765346,0.12823150754647963
0.3063114168464817,0.33532869056728487,0.3258627259323073,0.2891797601597792,0.21010515162334298,0.21200319671740067
0.4317107206368259,0.09235921303437082,0.35367759535682536,0.4520887887461178,0.2498347288285902,0.3496652522395096
0.805823503574049,0.562467483642136,0.2332678367754229,0.3752040433485305,0.27323578368753143,0.32697348855764696
0.6414669652697118,0.4877927875738248,0.39095038399522647,0.4874834115897692,0.2129885204294148,0.26722240892215887
0.5764645699128458,0.1902462451151184,0.4391563815441587,0.30340253671263845,0.37910875707860936,0.3874275010799595
0.3086571014418546,0.6046230600936471,0.18808420841439255,0.19536160975690303,0.33376471210337505,0.5034941309440879
0.32438986032528583,0.15189532138174622,0.27772197749183425,0.3399789549097747,0.4360041644304375,0.1511306424839621
0.34053696934051547,0.10378544867179847,0.22044594128458006,0.5792641261498028,0.13720651775762044,0.7782920843156339
0.23498557038681303,0.21762862577052033,0.18592145190201978,0.3308965949455204,0.17801192243915698,0.23708376510813867
0.3460448653896035,0.13318784699755556,0.35580930742713884,0.21026665005686468,0.34975194819207334,0.2529221176182908
0.35266386908330255,0.1643463076468531,0.23833442159243706,0.3819483834373227,0.4266297730591041,0.21497842504065123
0.25767179796760237,0.11236228811599101,0.24694695933789135,0.23536856830406952,0.2607165024962893,0.3192230433260233
0.5936203228376891,0.1424191153748175,0.39293546065943413,0.42000423976227585,0.1685586547287845,0.4135092391881631
0.44365447727513324,0.17253762423445423,0.4219121684361486,0.33295881941690036,0.41194158519262164,0.5025545813369164
0.6613347672900644,0.3217067201810852,0.2899842391879654,0.3894661753547396,0.22528109140162206,0.14905683237766723
0.28987649372447827,0.24042978609353086,0.4734023385831699,0.2887416687740885,0.5731678725047867,0.21857553595355067
0.3951362081374372,0.21839260521932458,0.18893340611978643,0.15734692330793473,0.6307391832279867,0.24243548900923864
0.33280756301417863,0.10710625394954146,0.47676757373921663,0.4733397106504017,0.3058463874680306,0.32875477419909727
0.23570966235860868,0.46259307457906357,0.18638396444013736,0.3454969912555003,0.411922390073042,0.2845104116562131
0.29117723520298805,0.34334142906286474,0.49257778017979065,0.21822782289484166,0.4080059819099,0.3810830685367713
0.26050333707061035,0.190232175557392,0.24398258505202447,0.40743685332141727,0.17305024137225494,0.38928986218096145
0.3884494230210289,0.11324145248793127,0.5787666556766676,0.1834302597293052,0.20476164336294983,0.16652208486951492
0.21390413713131465,0.12971617591888826,0.29089038397545985,0.2954182473870673,0.3871052491606533,0.2708760722663689
0.5614782012004582,0.4309173868580463,0.4874044614377536,0.4151320417786419,0.3098446395705438,0.19995106675898996
0.3508172176817338,0.3350407820883219,0.30941595445726594,0.2803908796734801,0.3617249571015243,0.5957311815405701
0.16386590995568848,0.2680087896110762,0.2821336790737374,0.22204787421837613,0.44617502964937245,0.42300958547656564
0.19536645386686963,0.14383706758981554,0.18754714028115171,0.5442580306305915,0.5289569462764322,0.2091928062479692
0.1753420667819584,0.1987568528759627,0.2456549301875054,0.6471961911159059,0.3996076344745511,0.3700828900061286
0.2165001379071532,0.31620770488479427,0.4066553829341017,0.20414247698462148,0.2502288151027958,0.6321456731509586
0.18303019890409952,0.1861639278112762,0.2506309238081508,0.3233708808575183,0.3849314883320642,0.6027815903355872
0.12898601664572618,0.41859828322262926,0.4421407330685713,0.2348665932118111,0.2627423591804734,0.13841727679198298
0.2691638316121908,0.5032557653497745,0.4546351698805027,0.40892893483519294,0.5438118486554816,0.6692394658489464
0.7457936511250194,0.16233569900892117,0.37227977468891144,0.34162001365626093,0.359894381952782,0.34132847584315384
0.5293259449397212,0.10437158868824678,0.14965922126999126,0.30364028211954525,0.4612420161133426,0.2169119464909402
0.7162123842573643,0.2938497212370843,0.1955375574694534,0.8343282863373394,0.4004606277113477,0.20862372673661636
0.23324005898344785,0.3180072311884301,0.15374375733018938,0.2541617157668066,0.10822100453165437,0.34022646933445777
0.4935260971715856,0.38396216844008413,0.27810111141230687,0.34318509127572916,0.11039920579048045,0.6317692936662683
0.36119917220477754,0.3672110002550812,0.28068501028863274,0.45398765898720284,0.5622022472488644,0.29919124792326257
0.35988440182866444,0.29812878978425267,0.25267629828549837,0.27905165204449395,0.593256789721906,0.4244791887229784
0.38932633042002324,0.14057559861842,0.18158194621655577,0.21656693891095147,0.31615156936087174,0.46080604773798955
0.25955341272951243,0.15878036203487994,0.5783578580289579,0.4279834279718553,0.2935936714463117,0.644647692223994
0.43049943925335526,0.14816191216914634,0.4598854343670348,0.43782177940891476,0.27200703571486934,0.28688717503077704
0.15938233240094446,0.20813068674371432,0.35165929888841685,0.26784787246092273,0.242939559375847,0.306079029134167
0.416641353451062,0.12458199439119268,0.5480600112194155,0.2571072164850285,0.36685672622878923,0.3628475465257251
0.07085077710401058,0.28658881463796443,0.5236181335709128,0.36976956468581484,0.14045009039140632,0.29809949665947616
0.06323457528605941,0.24851136235278848,0.20414203180585141,0.3269142537941321,0.6061539846891953,0.0861536887851603
0.05903425575509164,0.3038094111772513,0.3762955942523609,0.215096093490498,0.43625414719694006,0.38835249387317866
0.2814424017395475,0.3191040421627218,0.20084849143097827,0.24777772147209462,0.29375090745058813,0.14837160045288975
0.26115845887301253,0.44239958202763585,0.44109898581035173,0.4338166939412767,0.3656724226879386,0.3590753783308341
0.35610190062457386,0.23067127920460354,0.1717036187378061,0.15736632212525095,0.26405312102293793,0.1859223365427901
0.17115415238557427,0.21242101035746472,0.23184147514840805,0.16795990947300354,0.5336247009583949,0.34035782329364195
0.15639691831720706,0.46235542264121043,0.3407375868485152,0.4374116971026106,0.52599890530925,0.31357268770759605
0.11175171044564043,0.07122028739443843,0.30746145533746294,0.4043694670601202,0.16715148440577896,0.3508871269781821
0.42093140886354014,0.15267258258784544,0.40906736024549906,0.2904078232851857,0.3464580648611535,0.21056918149310053
0.4323021191467437,0.07649193239310514,0.3391351324395981,0.2681053909382647,0.5723789930954104,0.3729215963646709
0.34355702627667634,0.19485380804301225,0.6073531755730056,0.31371528607211346,0.4124990395635777,0.26469743868359075
0.18766561215024,0.08114966928804299,0.3049809441657375,0.40496188577992276,0.44285243214516673,0.15851709036290426
0.1319307448377998,0.12742569283241229,0.4229338167696813,0.20377376376704184,0.4871438838190028,0.25841355146680006
0.1934199179876385,0.308388417539484,0.26178236231999896,0.709472423466358,0.536943732670692,0.28125158444455717
0.158431201124985,0.16408048853739113,0.40830459920476686,0.3453182007549457,0.5643165694328343,0.1652100667839308
0.5434567184069572,0.12064886281742214,0.2281138820980661,0.3389662691148596,0.31901582422885083,0.21249350206565912
0.46914016875913084,0.45530534597278655,0.2141769063785384,0.3629663321853911,0.43079200958691105,0.1669837588471875
0.2680429260320018,0.3921413388638848,0.2650289791389619,0.3331124488585795,0.3072181261315484,0.4046766470544302
0.2831206492585511,0.114486202654332,0.40452555383273314,0.1708404862544475,0.2899679182855193,0.2978782744298331
0.4188305348433132,0.10704147252952552,0.33114335652102483,0.19704487246118377,0.4029010658230181,0.47126656338833156
0.26692818592693107,0.07443007651095725,0.45334776266879967,0.46255455963334396,0.17296479187117508,0.5090634928551103
0.41110599758901256,0.18171898799489686,0.3664118798562256,0.19776627764095697,0.5015109144995776,0.7170552640712478
0.36635432248212413,0.20946554849927376,0.4329862562977688,0.5228143979251898,0.32759434091145057,0.2579476604396337
0.32528993701920883,0.4714773243699784,0.541921111377599,0.19305994200277302,0.2554656150998853,0.3438206539454097
0.1245539709685829,0.15339653372607612,0.15474208606284076,0.519897808584486,0.4084982109904482,0.43810173586256257
0.044095992584622705,0.2947791747141462,0.13492582277487938,0.5201248230899516,0.3696235507934557,0.2832603259665391
0.7347941222098356,0.19717956463676536,0.1232256697917075,0.35195724349258833,0.6036091294110992,0.26234305134882824
0.5207325180022462,0.22688569357538899,0.2551517442272016,0.4805048549389347,0.39807822449167923,0.18301252798100803
0.2763722366251288,0.2711931700146264,0.3765162114818936,0.4843169764268999,0.3563702997981391,0.2597184812958249
0.21235711069699964,0.15262060957009874,0.4669980421726592,0.24822378688180485,0.23175615143660216,0.2331935863976704
0.2024588216166189,0.2759217693742828,0.22326166406059555,0.3923143334812358,0.28573939106285173,0.2724550807470733
0.23140595412280648,0.26498594441306245,0.5300878596660729,0.3835301278946473,0.3942352456072678,0.31024963104146425
0.9233580409003007,0.231761346201495,0.16186242818107505,0.418914900295726,0.23150407098191497,0.5671478128221249
0.4326456155323235,0.16376401564772955,0.24668331042067637,0.3394025633467836,0.2568776363829712,0.23399568610141827
0.3458013002942096,0.19318413735564904,0.35082665930975143,0.39124234995150564,0.7483107672073113,0.6045990043904477
0.6411726388695023,0.13263225265027764,0.4783143345923881,0.3677262746174432,0.32313467310673766,0.36877524694619557
0.5647881193981049,0.4047422392333947,0.6414754210236937,0.18731972178677314,0.37454944315380084,0.21400397531060797
0.24528573019939848,0.2689821496732744,0.5821114940093481,0.3631416585525657,0.11859195620164163,0.1688954062749747
0.4523538347435525,0.20499265238281608,0.2812346740286434,0.20425150150744226,0.22178006647965107,0.5521117895335499
0.7169071243466061,0.45428186994791725,0.5108447097091453,0.2902979411830997,0.4143270735524257,0.3132240090914673
0.5644863991545832,0.1436583763067267,0.6007228620161322,0.4352774732076539,0.3804908450380828,0.2990573031198079
0.24532732142648278,0.372922308232355,0.6600421314350304,0.2736750638855007,0.42839151411948345,0.2597701987731462
0.24095947811034304,0.12560372235828388,0.2585270477722466,0.4090375574051247,0.3487897393526803,0.44258647076297164
0.2082673994784025,0.1834859836452709,0.5854876831348387,0.2012981007252172,0.8134640131499374,0.15196916056436474
0.1827398439273649,0.34697659607885883,0.6077254882624878,0.2951620913586581,0.5326151435872475,0.2140236005437597
0.1975085653358363,0.27991901539008807,0.2311959149030389,0.22933238185014934,0.13583251389306714,0.4009991161971339
0.20190368126434446,0.5734683712435663,0.29848945347488054,0.24396336137269217,0.16166246843845367,0.22174529620647732
0.6115464588836844,0.7351000065304342,0.39104716081471375,0.3691183160396482,0.4286918224829438,0.19077167135369819
0.5068671660852531,0.2509749656139369,0.3065868310587791,0.17671866418483517,0.22080165745378189,0.20146359944771755
0.5334866855373845,0.2486445396930066,0.20042860887127859,0.2768402790221156,0.3339919830260116,0.16139006349214427
0.14236141255455864,0.5957194042300424,0.26094496649355786,0.6966234510135642,0.1781529891378325,0.1270376859058628
0.22195695198839435,0.29815356894379275,0.2210443433923229,0.38641379671393966,0.3749114757220308,0.4159856853548153
0.15114238154373436,0.37729000378474536,0.6645816402141697,0.17064935295003408,0.35485224152925327,0.2628023029915202
0.7610384716353198,0.1630940995258278,0.43984542255835957,0.2295065413607093,0.4130996458326778,0.1972197228561479
0.49337227226040314,0.35676682037370144,0.8029108469559242,0.2058624329000807,0.17604827983363974,0.1842275382597732
0.23520493534057285,0.26804273605054146,0.1213672173136877,0.23201194651283596,0.19106305636759482,0.3308351692506882
0.30498226789872546,0.2617995349072253,0.2930434393506665,0.289214058203795,0.17607999189084586,0.2591373735535175
0.5437080407723283,0.40749398170980244,0.6217945143929132,0.20302694208361546,0.5605303741147927,0.29734067294867095
0.34196021755455563,0.11540922095687708,0.2565030055548585,0.16110933926754387,0.14577675065329523,0.3176261305424052
0.613497875136477,0.14262866781393835,0.3334142350008812,0.5341419374453068,0.44984106076497005,0.3553197003327829
0.27928608550717043,0.15174699912983305,0.8033575836841461,0.4206101640770813,0.5172404993611254,0.21678054006460476
0.42573395506618195,0.23834171445069327,0.2561258988742894,0.35399256949934194,0.2265917289085892,0.2049851283257954
0.9503039418017408,0.056843471285681756,0.3646988777424537,0.11604750301523245,0.2619189553914129,0.42413375874295484
0.5197168387698281,0.3584934870268636,0.454715391442084,0.5560333334134079,0.39125648478325953,0.37265077421256204
0.3877003425888216,0.4799739181721932,0.3722176304312626,0.0799700106766364,0.19161329976009678,0.6403569602236083
0.34590979478373535,0.09445839718828711,0.4342851216448324,0.3122198587566941,0.37309511667005213,0.27914860709616834
0.42893256591485796,0.18751238826390265,0.93083569907736,0.3234340020700306,0.2930074390863255,0.14289775551913975
0.2840304420581918,0.4248149210903874,0.39100196463654224,0.16552595886808819,0.34095408701925317,0.21373239383857398
0.23763064161202332,0.2147720191748846,0.4231350086895371,0.2868762751784301,0.24917974653339345,0.2127594004002859
0.44810425367480494,0.15944324285514389,0.42492431915059375,0.1873488914954494,0.4721006573727567,0.10091160694261786
0.22235530157956648,0.2958763795385377,0.40933462064974235,0.35756964065090213,0.5858589189119878,0.16809449914383562
0.33709289677010384,0.1186148856700598,0.5152343433461949,0.23145623383225455,0.5258444296150294,0.23033895617876157
0.3507360652293014,0.13693547130693223,0.5114839360511249,0.08242333991182994,0.31582418893656894,0.2748001897997082
0.743679230522181,0.17205729026227326,0.5967086665122686,0.1848152070380884,0.43009301791456134,0.2107213441624698
0.29578788175101667,0.6526513160698305,0.5703783868873105,0.23822210915904785,0.43116519554269406,0.2744038603150276
0.45417665177565275,0.3336748399187881,0.35873803135660426,0.28030528192934784,0.30011879496059274,0.2964352241950783
0.2756825328346346,0.2008417171283714,0.42673070732450785,0.24315849080989668,0.21520220446810057,0.16571827667352987
0.26767240991901925,0.1516897539700268,0.5591774319920362,0.24682989163483718,0.21853710740864257,0.27671788572994394
0.4957107358440644,0.15153280988111187,0.22537003781558607,0.3823296953120143,0.5160430298446935,0.37778496800470474
0.436510758090788,0.21340532570040766,0.3523212835163421,0.36223932979767076,0.41032937194294117,0.5950352821079098
0.2426785011747489,0.45065362610668974,0.4771050572735058,0.5313217898165609,0.7856514405641226,0.4066957511719888
0.2810913305286885,0.38185103796367376,0.17089278959587542,0.4302254031334838,0.14221447711579663,0.38535918052820434
0.41537426113419557,0.21545345387491271,0.6138960385787403,0.2361175167536669,0.3812701297617022,0.5009156543964586
0.39471722665453834,0.30360728083614996,0.27409128094169277,0.3522090078797466,0.24903361505499136,0.561974453523163
0.38713378778067525,0.4871252080823674,0.5327921236487284,0.1987993859171571,0.20024065310258268,0.48002591584512994
0.16648108122298255,0.45498045066277437,0.7250684752748645,0.3100601764097347,0.15149458242656624,0.40962419422227525
0.3789955992346154,0.16260344260230508,0.15836610893645114,0.3565544553804912,0.44776075269734367,0.24588443588924813
0.695141167154193,0.4931696016210349,0.22132904811418852,0.4763337566348952,0.1997526775287172,0.19430189450902538
0.3619864932250657,0.40367469020156854,0.3382151229387027,0.3217390878889144,0.29064633867424045,0.3031781922570027
0.5559092182939583,0.34502874643187365,0.29195740645300955,0.38624992835092486,0.5163813808617409,0.22370724194982872
0.5983182932979179,0.19783023799514785,0.21030437872884342,0.2125575527480885,0.349645285039894,0.5086674939554268
0.3585188962127534,0.26092708010257387,0.561453261827678,0.27662888229301535,0.28638130344815343,0.43475646369571047
0.19283223080104173,0.377242074021524,0.5018385208218108,0.5401467979692948,0.3631845170492708,0.3790672267636682
0.16846306415089038,0.30911111830873983,0.3058771484372222,0.17589267928495264,0.2774498213271883,0.3384619661578189
0.14056405280389678,0.13385706879546813,0.5135540384706894,0.18933090721460233,0.11473531742724366,0.38766829019290894
0.14266339594665736,0.19136031426235176,0.5168351857704077,0.30538039556942675,0.29424319778709307,0.23260365199236258
0.2993394784897311,0.2368447950297993,0.5928832858885726,0.22922829956254795,0.2624706560889122,0.7317518082402338
0.28171711636436636,0.2526437910425114,0.36613895178425826,0.21756558246870905,0.32915561566947943,0.2506762807717385
0.4896654531249152,0.5716197273508189,0.47825798727445573,0.09378045756042544,0.17272471929123998,0.32818248251905763
0.14324102076183354,0.2043537866952935,0.7372668997669,0.2749216890212984,0.18281041428180989,0.26018267110824733
0.15793808828026773,0.3154360696305692,0.4992754960422538,0.3379436959996464,0.24705010420029944,0.17891190066195026
0.7896993313883816,0.5636638620518514,0.22979747164549613,0.3493060780294089,0.3042841927290874,0.24293372301549074
0.49516217330681106,0.1554772081744243,0.14964802840703692,0.3055029171211856,0.43273154493831995,0.32939163798728516
0.31188389405990974,0.1324547610060785,0.2892409325108814,0.3612463122464802,0.3255465341179707,0.2801717609827936
0.3060579904239548,0.24816850751032155,0.24766510196162778,0.48254083164530825,0.2319484273509552,0.4064530299369632
0.28900657963204945,0.08322488410627393,0.1999667904368034,0.4689974492854278,0.5025022201663634,0.3412176271314124
0.21709241549639588,0.6266370992323079,0.11508560687401781,0.24330203151814464,0.24863967164692555,0.1911506508120731
0.33919274458243504,0.39549344906795575,0.23484225819241575,0.5352440149371557,0.14358045621935853,0.5032430563705045
0.14100255285016852,0.2745696661393233,0.16833661326527474,0.6395861091011158,0.15344672934778258,0.336142242398449
0.11187769456805931,0.2388092715436868,0.23072113262638494,0.31246601478908687,0.21559898569783612,0.19069966663567664
0.6133007010665146,0.15514776317858828,0.1598759767430712,0.48523054622513434,0.27511483251536467,0.34065514194218677
0.4142087085933675,0.11466224537940078,0.3371764146363648,0.33238478474874905,0.20487806143583187,0.29509825558927627
0.2531024151264247,0.22014354545844472,0.45143630162049625,0.33525242091417035,0.1735279899616123,0.24348037723307167
0.1858690811182865,0.17159278677943876,0.3640972841087049,0.30732238843453924,0.21103731838722176,0.3217097988198671
0.12840481203311943,0.24946046795877777,0.6046020187606237,0.35590251883242785,0.3234838889036395,0.5969343936642388
0.5125584563092627,0.3735938234479739,0.1621094411422737,0.26171942794530195,0.46497376870180407,0.723570445271934
0.14113350813554013,0.2946440203438842,0.16558529111850562,0.3294331961353076,0.3671332858227374,0.0726046342973947
0.2452515546616279,0.5611251360221751,0.27210653127418355,0.3951393947979063,0.4036853497307417,0.39555639714700497
0.29828938098245955,0.5419314052572303,0.12920974504789368,0.25667488838240343,0.32186965478708274,0.32054289392946206
0.41214281632468075,0.31984022941417456,0.7354549596751644,0.2453246182282067,0.4226768191052277,0.4948333079275754
0.24628130555074954,0.12256793663798991,0.2253520185336939,0.30133007349863733,0.3145936714197723,0.3893021719769035
0.3330603818127175,0.22521371022804865,0.3198670265288658,0.4650554293190112,0.24687636013523315,0.42174773811644983
0.15374877495112343,0.16399375234619448,0.3164563787339588,0.18561547768821895,0.2560310360981548,0.5138089138101715
0.2558725466001179,0.19872305648153168,0.545655683573782,0.22079939046885225,0.19356747819269052,0.39213307280058185
0.29297846028289354,0.14756553234449654,0.6269936226439006,0.19573018615294518,0.3207764235411736,0.4493291335526899
0.39698635154877904,0.1831612023562697,0.17692010964124613,0.5241934237002123,0.2538073998752052,0.11675924686565833
0.13189466834898683,0.5246079852417973,0.3693891775530567,0.3553515435506673,0.18826252437678107,0.5911016378211832
0.461664122197118,0.3132275236184347,0.39226980944772355,0.3176831692450318,0.14070317452136227,0.3611173934665615
0.43764520666468487,0.08696897331791385,0.43898911424667214,0.37973875817273584,0.1462809894936156,0.3645509551378073
0.2356217734308424,0.21897765223583593,0.4272595380582509,0.4844373982481711,0.11368398018263874,0.3874195463224968
0.3831754584309486,0.17682524720083068,0.4978108178755372,0.4371439304398816,0.32993964188032204,0.33484711111824317
0.11894662765984991,0.09704803777217134,0.42300918494738715,0.2000678020696532,0.32010010800369426,0.38476163380526435
0.1521811173128529,0.35778495759959117,0.16205308807492216,0.2977533162965839,0.24563658398949018,0.2686821054353131
0.18505843157656507,0.41074019245003707,0.10132762477029053,0.3037942150792464,0.3109108929310295,0.4761488795400892
0.49046191186957155,0.2095605791824625,0.22694457615325106,0.39060307804350386,0.19361320559744527,0.3794295558958653
0.12465836918361116,0.21388255332647196,0.13650919459629254,0.31938194117111973,0.37839467375467994,0.3545833570040003
0.37624172238313597,0.3920040094963725,0.12778631707394875,0.40300008872141996,0.24067559157468577,0.5851392736015505
0.35583746789652637,0.0897929988796143,0.5997838668249883,0.18982375441228927,0.37479839953054894,0.5247920191992176
0.2865650067793168,0.5171139175893222,0.32176965623776005,0.5798284264637159,0.512984270474304,0.3913737218585386
0.2506280574121526,0.13699063152577504,0.5205992045214357,0.5440392960548709,0.24370786001498307,0.7546909711959917
0.3339693690334861,0.14432726802997325,0.37008251223503535,0.3267372868192973,0.17912325875967264,0.5403590442326922
0.36372852072118655,0.05941823268979993,0.3044990194737082,0.4381805004200366,0.17495937578256088,0.4461129663308818
0.68499110695985,0.06321179273957912,0.6972275688201505,0.5377210680656503,0.6341957034401569,0.2049450791992525
0.3832769415555417,0.07723685283235485,0.16803871993634217,0.27831679212227567,0.1985657570262288,0.22191145236306747
0.39859738843503517,0.4727842682540432,0.17484701042515377,0.3848950213873764,0.36321200835491024,0.33519938022115225
0.5507179249652616,0.546620516849638,0.4516056666629278,0.6217933669028671,0.4139461586719739,0.6283039701769269
0.36953575667922267,0.22512244132323997,0.44210009643034,0.5047704450530364,0.2631331359616731,0.5345086345714342
0.3979137179821652,0.3139121231959016,0.581402734531299,0.229692396157689,0.35081333085589766,0.5575369782488917
0.5649334763544667,0.25777164576223627,0.11348658290233382,0.2932360979628939,0.20379479132707834,0.15506506218376526
0.2429888071920175,0.19891966299482883,0.4229386304460206,0.31309601152156424,0.23004717723569532,0.17581181709139246
0.32996460718685994,0.16012132058557996,0.20476501935923605,0.3938896326667224,0.21927294854335028,0.22464756913886924
0.16753121394994785,0.25013558045982515,0.383374550629191,0.5660673242229322,0.5964310879721619,0.1618033717957325
0.3603637945977437,0.28392305801925777,0.37332130216608955,0.209487628015936,0.3681218902693956,0.20847700239804448
0.2782906400929266,0.1754793408133454,0.23461522781758815,0.23919231445498232,0.43069685538934305,0.4398659071572286
0.25120200932902764,0.5036378323957431,0.13120361720673573,0.30581038188073784,0.3977679332792579,0.5446787804998297
0.16789326104001384,0.18055625705001938,0.26710339868623306,0.16488626269648168,0.2636400543872545,0.27268473017364464
0.24581256893779319,0.13662454949504318,0.4777491468765234,0.272329655702515,0.40451616500558296,0.3350328055421889
0.6151824667658984,0.14190743110371723,0.6925581656691252,0.2980759772260735,0.1692285683960849,0.3492962799379284
0.3314311055028491,0.6873951816574008,0.23431041638179406,0.24777758721308343,0.2157877839577509,0.25814802554716104
0.18447551013819846,0.47308530083483297,0.2380521066440534,0.20404880498288636,0.14734654634974972,0.36513537317447975
0.508326492887013,0.3243468736630404,0.4630199436709837,0.24767997011684778,0.4769588323242491,0.7862623588221049
0.597260547765529,0.3015371684559862,0.371182314094887,0.3912016188057003,0.18835231444093678,0.45820862248068267
0.2415098051363675,0.2812688786749798,0.3589966075475947,0.3952128782766031,0.2886923007020343,0.23942892795089232
0.4158823009110476,0.1639310345969046,0.32042712445073357,0.3727338508786639,0.42471300199704637,0.17219112821662785
0.48211882745515217,0.2298620570562867,0.3181551624710991,0.48211691319682054,0.680975702267168,0.2717786424494518
0.42021842916100777,0.17211558673059835,0.34512737436043467,0.40134522738916384,0.16277057251914537,0.38779932589938326
0.30142345438734525,0.1025109270130393,0.5366553267531073,0.42783262435187885,0.22561535432433746,0.4268821487695056
0.5178476741383466,0.1240183161232348,0.5991708055375962,0.3189639434387092,0.5808193513468505,0.38267092198040065
0.43721911232847577,0.2120866463428641,0.33618532234283793,0.2818476275367686,0.40352583972989486,0.26382715096547565
0.4029013624128522,0.3184377822770066,0.5523138356511159,0.21129937853418063,0.44951757065702574,0.34798012339707124
0.3516283322369452,0.09973393770245463,0.7667576314480495,0.2989085600291984,0.2526489782562596,0.28246425793081714
0.3419440511213986,0.18010226717778977,0.30690110785464675,0.1635635040072796,0.3345934209617902,0.5318910831717203
0.2644301327914427,0.07195302434005646,0.36183314070077943,0.25532321791248,0.20950095739419705,0.2620521661373253
0.5873042744980292,0.24642888527751408,0.5404609151756229,0.18381742587047703,0.23372837257826046,0.3814018683297699
0.456724906586975,0.2727095890410959,0.5911110602575986,0.1885402368817859,0.23680825399368846,0.08676086765628488
0.31756477949288,0.25605638042507867,0.5870789255439703,0.2878255996967525,0.27043492541093916,0.5920794278529012
0.30261868642908657,0.26086430774851355,0.19542532647396785,0.30233631569868014,0.33611599802223835,0.25461183339308313
0.10788507299180759,0.20495698158809367,0.47289981376592255,0.20484029077391186,0.36996118778668113,0.391978394203655
0.6819482326308923,0.348072798586324,0.40289955351764073,0.36253434558341957,0.20629790716323976,0.42644089116325834
0.19532348484572762,0.1597912301559914,0.6687051264683683,0.26607274838307093,0.24499608907838194,0.12260723786961898
0.2383278194904942,0.4375339605914148,0.4235912738696117,0.3259852609969292,0.14784499967458128,0.4161899212402863
0.4583149841863715,0.21446266683756138,0.2598233330521445,0.4071698579740225,0.19155115921911167,0.27903966434870436
0.18193497668900108,0.31087585365546905,0.6426866818125597,0.3951853818497246,0.38480648097689585,0.2259850044675809
0.15922085579208262,0.279471296827529,0.40764530838855445,0.30562387192109347,0.34503956644620964,0.3032569603380197
0.466249761981348,0.17730723795887185,0.4691085094883027,0.28478397969121705,0.2621057080671629,0.27058594607956526
0.1918626656561869,0.1421460249124659,0.2598305744159186,0.26181298124502156,0.26474282859583836,0.32253967034426195
0.16979731838242818,0.22174558782851306,0.3391460763515706,0.30401678340478444,0.4523012417679741,0.19366376851776843
0.21359191472621347,0.07875439986937394,0.34235755069145124,0.13851002229073608,0.2560426317212959,0.39364752180250195
0.11869257922160642,0.23356103470454911,0.3784135783476869,0.3976112148139779,0.2544,0.27885559708570296
0.14117449493800632,0.1700978888658567,0.2900629043649607,0.42960933012425817,0.13199398482612915,0.4826023240483986
0.2791971193602861,0.2165959704036521,0.3910659150685115,0.7059368962504461,0.12882290428769694,0.43301806850311686
0.4254536793455136,0.06394120761379145,0.3892007285104351,0.25906940238738585,0.11796141027872349,0.29514753364973156
0.3877852537740083,0.3793657471046436,0.386382620665429,0.3403460952868067,0.3727690842470374,0.23285901715744628
0.34196743479156994,0.3280682904967127,0.6392815891384825,0.20416456107020123,0.3285131605858938,0.22439933740951434
0.16410385583323375,0.2029345529903987,0.5277003244686466,0.37246125963936483,0.2637888277200213,0.45624264239092244
0.2223987730678108,0.1900570687146306,0.5632378792422925,0.28320789520557665,0.2860550888388022,0.47598421373264005
0.0996167512435199,0.3916836838158657,0.4614505584135871,0.2912454866546573,0.35532459526911675,0.4763267486481771
0.1122379336960662,0.22466687652150022,0.2245283852356057,0.35577604408975416,0.2687304989662826,0.4160003518079631
0.21176644054505994,0.5256909907957398,0.5153619585943885,0.2356796108532784,0.4310123624531053,0.28904079281643613
0.16451456043185844,0.35449704012079764,0.5342627998251431,0.17904427824910252,0.43871617008243224,0.4939829057794651
0.16434441562509366,0.16528232653105218,0.2644640816200918,0.30779714272718045,0.46134037082581414,0.6600178122650734
0.2944306787077045,0.25394660710619477,0.35508547404311586,0.18941351879508025,0.4374369275653442,0.31846118724986244
0.41059741061509547,0.244672128444844,0.4601641828064704,0.3551980025061839,0.23786429415568486,0.48966512322774197
0.2387745453829148,0.37075008986631647,0.627886800867188,0.5478865254543553,0.34674277831935296,0.2802598451205638
0.18416670328554693,0.23531938104027975,0.29461513081282514,0.27594623730773044,0.32029931178932625,0.2637927111241605
0.577418402140741,0.10536679153777004,0.25863979633749096,0.3758104268541263,0.14310905997111256,0.2864371371428109
0.4192098467199811,0.36913428563713446,0.5620961215468265,0.12734854155780834,0.22874902749616036,0.4223437254095655
0.17570575576254385,0.43640556757418675,0.24741772852334037,0.08768179681344727,0.31999799284113334,0.32222543748762544
0.4065745663151105,0.12824969073190745,0.7094755289457569,0.14894471765799105,0.20683339832829822,0.2493421514964589
0.36327581301455547,0.38248578812881007,0.2877948565068121,0.22770434781776958,0.1661735999214558,0.3307689505700652
0.5751925117558879,0.24755250562292067,0.4902978023083432,0.5001324761292337,0.36776574757664415,0.24043677591756235
0.5144084394010586,0.217258360208219,0.5534057453731859,0.3878028983183569,0.2701290588218591,0.35330079921411467
0.3414580313854167,0.27470705259448586,0.49625464319521645,0.24759675554367114,0.4071092408409182,0.3119115128269179
0.2637302001868705,0.15860913828139148,0.35069102166692395,0.5157830928728705,0.3389166988404138,0.24432310260514184
0.1753954991644736,0.5203593023662227,0.3997068049087555,0.2797179295434905,0.38286057084863034,0.14216401844131024
0.34068046915130407,0.2999149123597305,0.5291427454988128,0.5726949901207165,0.5934509330665211,0.2749509036872118
0.3031950921011795,0.16038710665327569,0.29212091358865333,0.2826100610064756,0.4656315889682601,0.5643391374883472
0.31682186886174923,0.08107911765875003,0.3522484174681175,0.29557590444125154,0.14392242113882645,0.14101556865905907
0.23236053555472694,0.09394168257810541,0.6564659710840972,0.3257072338123998,0.3436784831266528,0.401393436423367
0.2532304250244489,0.1552040917265458,0.5076574306560281,0.5829674298482733,0.38736512844599263,0.3199158096119915
0.10975635496330902,0.2936263780196496,0.4417503431894252,0.38972731311357117,0.12944905583972532,0.47303582884028184
0.28418906067706545,0.4945033843790505,0.5266415030108981,0.24141642684403808,0.3011780104712042,0.6461719864574239
0.13935906483114185,0.3775860538076775,0.3602123008872405,0.3159708240681966,0.834986199347867,0.4947263109358224
0.3460015315305244,0.22663323960864115,0.35252506992940463,0.38692576827520925,0.21190764275894144,0.5200373030033097
0.3079884782241253,0.1892356977240987,0.33323456248989,0.6716228054877936,0.14549956182064852,0.4763982287441953
0.44766442669424844,0.21517975092413652,0.41240026864753765,0.27032566195470603,0.10323313383096844,0.2498422327908915
0.0908203118721652,0.1652133787976957,0.48630759052588257,0.24501425688504075,0.1946242171747092,0.27460509653966236
0.13613167507262122,0.14576734606746014,0.576742424776971,0.3991522231941364,0.1706361370427136,0.3391239961699791
0.19222272764608206,0.09952048249551493,0.2937096562078753,0.35930405409313604,0.34428158493848005,0.3930981910663028
0.0839263524317906,0.1446995028457347,0.4929659362845949,0.5009774338658619,0.3168570539246274,0.34377590867202745
0.40053792044264336,0.14492309456725125,0.19998240506734058,0.27020970960638596,0.3859658837463276,0.21882266759330563
0.7916086598139118,0.6368392323523759,0.5141474255414439,0.39902159488242916,0.4525898794967411,0.30104277135716134
0.18700618803747027,0.3338421875317188,0.5480101113087398,0.2954349563861162,0.17733923368184867,0.47710845087790854
0.3148758342637835,0.324764282080706,0.700345807544256,0.4680387540746107,0.46640732801912843,0.46492070728450957
0.4079780777291308,0.10416224078699317,0.5073715115787533,0.45408766395250055,0.36147615746652556,0.44976418670021184
0.26926918713023745,0.1878868888470134,0.1884609119944479,0.210070547656654,0.24818940184584107,0.4088913088857759
0.2902422661605082,0.08945988166910848,0.3283436569504734,0.11550810499101083,0.3241196872719235,0.39505665204678364
0.3912458969228556,0.133623973678498,0.3335309518010089,0.09844173171946352,0.3140232640674455,0.5755465943425404
0.3372736625905952,0.1500525663890083,0.318040115017012,0.10471816517928909,0.19354914767810721,0.5512863735174097
0.46890822571149243,0.23371512546302156,0.4892149409558564,0.10223797352856301,0.6894895078214422,0.28604466468765055
0.2791551498725442,0.28367731871595375,0.41118959081196976,0.3825726112297045,0.8102007566416026,0.29075763828388895
0.23282331098627537,0.3057002075939692,0.17328474194245758,0.3397539188034851,0.17686784532827918,0.17973772295841164
0.5376657705420302,0.3687871933871158,0.22593740908176205,0.5540211022639285,0.674697715073344,0.3836157753572569
0.37815385075229124,0.33178836069961093,0.2802989279534355,0.5792107853296296,0.5820110047454549,0.23618314439479624
0.38911222902952236,0.23428116982288533,0.3622678048325708,0.24903980205858253,0.4761156318948543,0.28033077448174276
0.18281413073350797,0.4468052959675885,0.3500870513141032,0.2534240824740446,0.4164055375374552,0.18607105446072816
0.22975508894233068,0.23875798297422812,0.4471085476488091,0.36645137262204625,0.31678202584253856,0.6714847650625342
0.27055920690611507,0.4164114798559761,0.28104949217376207,0.17385019046035752,0.15928875358909608,0.30195655202340366
0.19431277527006235,0.2876813332491636,0.18208675656537202,0.3252904075449859,0.18961505515991506,0.271895721013199
0.5923829884443141,0.3447025010928911,0.3916553425130981,0.36780724549167515,0.4417225307344557,0.3798591551551038
0.40497886399525745,0.1932683672334558,0.43635286878230006,0.46681553871152776,0.39337018170265464,0.35325095581452604
0.3202827316568405,0.4216568287669259,0.2906823211805903,0.3845069047803361,0.3437081555923158,0.4176993774582237
0.4163262314583556,0.46194073919923456,0.6571252328687227,0.3006568522480171,0.4140581443718919,0.3570177966652285
0.28209069438694695,0.3660456448973469,0.6629564840472467,0.3201123794389812,0.45386245338108067,0.4155933693071719
0.3144655028770662,0.355289232674436,0.2106542777191844,0.4476363682172265,0.22939883906851272,0.4065916105800146
0.4941224484670397,0.304701615939116,0.21536109239185347,0.3344324837754983,0.24666404274735257,0.36740292038521416
0.6922211355438475,0.26855664541616325,0.27916588237678924,0.3558036177049861,0.6109566126062352,0.46421991060141615
0.35653399819859805,0.40962042615064465,0.47769593654716636,0.2766635531231911,0.3634124504581451,0.3103614503256594
0.33250417464908566,0.40017243882160936,0.2170600958055665,0.3375174381737477,0.31511989440417804,0.23826295035556602
0.22545590557060866,0.7399088104352823,0.22945995067690808,0.26048857852091517,0.3039141410268601,0.5653962281540074
0.18061341234452005,0.43142448609265016,0.44594116643240644,0.2870011430409083,0.3448281163090357,0.33543913035687234
0.19087962172772077,0.30565862708719854,0.25170741812485026,0.3855333474887376,0.17699019190194026,0.38183877822393847
0.38879297921586736,0.6308264701496341,0.17807189605950555,0.21549093520014362,0.24993401997672093,0.6506378403265562
0.520063903950426,0.29249560492638554,0.6276700091157703,0.25848991988401304,0.40135197916493265,0.5605994195737785
0.3712719832415842,0.34142936360374465,0.5057017245897184,0.30036668161147767,0.2986665617747709,0.23694637754150863
0.26680240780618153,0.3804648018603802,0.3354097957699484,0.2166806502551852,0.21452353920818126,0.3699446633344986
0.523280752425387,0.2658772528295681,0.35820856106536436,0.24782762501073627,0.17347941919137047,0.2812989156281199
0.438481891103913,0.0847475186873698,0.22651219163172298,0.33995122260952526,0.13477333078363968,0.2819688821380188
0.25587617130119833,0.10658910676518395,0.13529223117234315,0.34142113690952763,0.1696218485568879,0.3015462218350706
0.5291439889556085,0.09131283931212306,0.35467711414528813,0.15840913412327834,0.28486481553111137,0.3384630922472889
0.2534840928696515,0.2055440195830168,0.16458293500388022,0.434267015125884,0.2911162007002109,0.790950804779469
0.17992810043724708,0.2662289336156211,0.402422755996498,0.6725896332951231,0.3218423751723576,0.1712790400003399
0.3339663407970081,0.18617064058818253,0.16354327099376603,0.18774998707582372,0.15851689507329625,0.19703682336814493
0.4969722219530864,0.195741572987082,0.27218852520257836,0.514759668027712,0.1614111482587694,0.1926064810705798
0.4286979031241019,0.23373294990061458,0.34882037649438713,0.08338182131772993,0.16659160731741374,0.2072448546887173
0.2666244947312825,0.5212321804078487,0.48768346983138716,0.42722544854283073,0.3339674083994332,0.12015976990665952
0.5084504254898081,0.4857937378004759,0.5111864123596151,0.3062604675006657,0.2780745655963561,0.22505357702430928
0.29540886837446256,0.18395543950424992,0.4670346739624178,0.348309090030445,0.5409682932699172,0.19131824218852322
0.0900468428428934,0.3423650908096416,0.2094484045887043,0.28142820218009396,0.23593318030259874,0.5601110273708203
0.28782906781480033,0.14937595059283734,0.4095082437966258,0.16073300263865106,0.3416804321384373,0.30908614360449
0.47377160774874705,0.47273883612298645,0.19338510227260028,0.1244782113236522,0.3587720446325254,0.3641547824479698
0.43943101310916144,0.29363052354239316,0.4457581267059157,0.40053044405865,0.374593918840003,0.31091790028679855
0.4180887462032455,0.2967156559946853,0.4876421309718493,0.18603815237410576,0.2139473809435008,0.36415706385739444
0.5189724489208332,0.1244940676874271,0.5748824110967974,0.22635039491556153,0.5874121778980355,0.23349346597052736
0.3914300725157926,0.13669890913268826,0.5073605956262884,0.20205957023338117,0.3867546191224656,0.4606493365734562
0.3027588680990478,0.09537880296289356,0.6108205346085352,0.28100697085553344,0.3215001689379434,0.2807607668046364
0.40510058006272287,0.32244294087713676,0.4243842719285611,0.32862938576171447,0.27963297314052954,0.26770157221961816
0.18770425015901088,0.23043369442405953,0.3135081403346078,0.2531534423083887,0.27465833890995606,0.5172491320616812
0.10111375442018293,0.3236739032309731,0.252494614405665,0.2763126918987074,0.6686362258347538,0.36833875285058826
0.4366478057938515,0.28978705386953607,0.41034007620501606,0.4882671582307524,0.16019446586736322,0.5622759351126284
0.30925118810174584,0.43051060526938156,0.3805154805892327,0.5028494035259983,0.3565958724412226,0.6057019673463835
0.3361036251412675,0.5361030031630781,0.409340022602949,0.11596411373390163,0.2803127157826603,0.3386709731987862
0.14143754308034004,0.28224525582292076,0.5363204623617441,0.12773670125946812,0.16979546432911619,0.3962271791474384
0.16162892616136088,0.19371528510966457,0.46553779833876563,0.14414999271504003,0.41304186081703936,0.3087178855875716
0.11545690689540732,0.11047528988367927,0.6966104957288007,0.08486886149907878,0.23182501860932694,0.23427343738088824
0.12105415996528043,0.07980454082241582,0.14296475857439744,0.4663763157207408,0.36452841295829574,0.21574308114861895
0.32262841199408365,0.2965348383858428,0.1750204763650758,0.3924082106251899,0.5540505302340395,0.23543595982598012
0.7904714411871869,0.5662966933892151,0.20696346558321976,0.1882551668183571,0.3357854766099041,0.1637013306036093
0.5166115112228152,0.5099605468205998,0.237211996642421,0.4327016574585635,0.28512848052262907,0.3024994684341178
0.2730250730876332,0.14753863042772974,0.3394733529103488,0.6281794660373604,0.34180267761130867,0.1609873285842776
0.3818890514748593,0.8837981566908668,0.6007452573919748,0.5373974889902031,0.3281265061478486,0.4794712448398683
0.2651748240928063,0.21162853891157188,0.21793856567316405,0.31538819480092617,0.3511543832485712,0.15910483953285154
0.14948107861378557,0.3180245251167097,0.21328665653726925,0.38333799794756973,0.5182799012778356,0.7352106574783842
0.13970737780133197,0.5309220764004746,0.3242327904796225,0.29134024656743496,0.251591572258358,0.3013283926949132
0.048078978245377456,0.3659302523792217,0.11244726397172447,0.3884658063614989,0.650744364696647,0.33912174129518896
0.09466893629604128,0.34766334945920313,0.3586661247887746,0.4433902511407795,0.1407280002250967,0.2579849268302738
0.629723623659653,0.35095542721895007,0.3146016768338492,0.25363066614936075,0.12188344536994813,0.29849848228840103
0.47647246179277264,0.4185234214887379,0.46964780858490457,0.09325390360476186,0.44788854517126925,0.3702581197283894
0.2785419082987313,0.370036968395454,0.39871525278057596,0.13504205391930751,0.31009246904109283,0.160736522264377
0.29142431079593784,0.49774365310505103,0.33608972236021417,0.08602985484773243,0.22566423332725943,0.35622841630578217
0.30032827878222706,0.6783357357887408,0.5644033443121359,0.06800074588048248,0.33846091798524053,0.07641752570375843
0.10330790155417095,0.6670738117172664,0.7126452442884516,0.39389764059148563,0.6356403345980253,0.5108775329385593
0.08525301859856375,0.36654440813876055,0.4610136931390604,0.4591750370492344,0.4960293741888498,0.2792208206115385
0.26691152927019496,0.530648545375483,0.26494011035786674,0.6012120591847476,0.236521548366048,0.5377820690318892
0.11367480213795057,0.14037013889205693,0.292851021933743,0.5274395292611033,0.38417639933409775,0.4498547825798142
0.2472033451741694,0.3464438573690688,0.3162720816202439,0.34879433057930675,0.498821286823276,0.5034597631867442
0.4185505522794131,0.16091150808695803,0.4397652858578955,0.34763548633858343,0.2942025135279769,0.38268828509419167
0.32033060177090433,0.1853745711854146,0.2541862529982943,0.26231673996971133,0.42848056019427283,0.3729181745356086
0.3708537684817887,0.12906990006755747,0.3724108539320264,0.4105604447490346,0.38433058286500577,0.375394864371517
0.2516099298611144,0.17138452793182155,0.553257187285955,0.4637802591994299,0.14164892937353302,0.17700033569745002
0.5308644701657697,0.4466872924841533,0.7117503147097043,0.2983825321931755,0.17358239723590901,0.35379162070570674
0.30799732323888096,0.4409861586692772,0.47685875711691056,0.21463186096226994,0.13817651482066864,0.29251472915102844
0.36319253703019344,0.17292147837499633,0.5411129799835787,0.1892438712901524,0.25938708799201576,0.4395368956513096
0.5571269188197577,0.2571799523620913,0.43846159907647086,0.19830999780705744,0.12008984861134592,0.5067475216802454
0.24237541627966927,0.36299502027617586,0.34022528291913473,0.17208512283936162,0.25574962190162037,0.3430305942166735
0.15752611202968103,0.16823123337377147,0.449877505052705,0.24479067259311613,0.25782490313983236,0.2745322241916513
0.24936856922838596,0.5307466352850635,0.4312458639115791,0.5318980697171757,0.12266437274513076,0.4139711213112068
0.17556581809854588,0.21218969737793256,0.16835237991762395,0.35373236822568677,0.32215543030287463,0.5848774072995689
0.23361104656952233,0.4757106095089203,0.3970148823036888,0.22550274672084014,0.20281682958407662,0.31503668332614054
0.1534871940668561,0.3355660679490867,0.5181106284713977,0.16835586888924897,0.6187631438096082,0.3569602206691358
0.12039929553859426,0.1989756683632316,0.46384196065016603,0.24733763938836958,0.4400257414916398,0.29837476224098003
0.232850397514024,0.2836626297251992,0.4276269085478668,0.3201619963037961,0.1368753802173324,0.2387046339885231
0.2909641228459583,0.4543486881237196,0.05561507718987014,0.43904433529695736,0.11799062151069145,0.1793659264179774
0.2679679367062253,0.2546714251095984,0.7240144002733931,0.42954320366793064,0.4244665126960208,0.4971398945472183
0.19078226094467657,0.16612852790608335,0.19963614048572456,0.2594059647014163,0.18132591394046751,0.2782215973653294
0.6793246913176809,0.08829968303458606,0.11792891412419572,0.32916532473612387,0.5207124363896081,0.5289311385861145
0.2849749477866045,0.33158180197110027,0.37214548364356886,0.31250677518432807,0.3327708966414717,0.2752768089325535
0.24394127580202837,0.40200294292051914,0.2087627012783404,0.4075172366194569,0.47298539188427624,0.24787448360828757
0.1893124178122478,0.46216218203746057,0.36667047187201063,0.3926097721503119,0.30215120215151275,0.12804073409829428
0.4593032964830834,0.2555478958312481,0.34593121781614844,0.29660030694704076,0.2891773858989907,0.7375123846745949
0.21719713626856865,0.22917461151249585,0.2737818697009197,0.14556567069596277,0.21166560911220259,0.3774360002865125
0.2962695207516807,0.10343509166064466,0.29267720878035475,0.1592837771100153,0.27052296122303593,0.4120111226079705
0.4375208717930907,0.12506744741616224,0.49325921202842166,0.30712788306055283,0.5736473644102725,0.4066051434848515
0.19964235755591767,0.36379201645817427,0.3396575472448898,0.39488036015294165,0.2955198158440583,0.2988625243609229
0.18891965735703437,0.2777831237349438,0.5279846077614135,0.32004917904135743,0.3554117028731605,0.4403250213286997
0.39810651201413483,0.19134179453179265,0.2521388276609258,0.4839287427081608,0.34328385892931995,0.5159144575560057
0.4515093044638116,0.4749376378153706,0.26717022671389035,0.2588420372813433,0.1601192726009046,0.4685309576034188
0.1559725815947995,0.13810585437378325,0.46963759436462643,0.1916384692238481,0.12410881328056073,0.34280258988213297
0.20103097247045457,0.3717344273728108,0.3991513480926656,0.22835707222396245,0.5718676276432266,0.14525226272712766
0.19663379608462528,0.37192631439412766,0.24017462360776848,0.30318640582690165,0.1375013030576871,0.7928195940190911
0.222987412887762,0.5064838976930881,0.2673248059378915,0.2536427771672645,0.315029218371221,0.5217400400768061
0.15707375299243098,0.1341951468874776,0.3126132836212872,0.25678792842480663,0.33124776000606,0.3537476882088954
0.16005784696170042,0.21947363538694437,0.6484983539795264,0.16920504191924013,0.2581432286666783,0.2202815463842366
0.23564845696965167,0.11951659667638834,0.6991426174429201,0.5035165236323215,1.0024524383498743,0.21714728826028462
0.20684771413781874,0.14934502009132164,0.24520358167148995,0.21145595638900222,0.24764679667242867,0.18311384468554687
0.3795027312176199,0.13081996500373214,0.3303007259375478,0.2507989410413499,0.5255251918271517,0.3143831178267775
0.17129068560337124,0.3077877533172085,0.27061820765824834,0.2443632557309845,0.5451341019832403,0.17070635102011553
0.3743494120851195,0.41459694010026565,0.1996304947110276,0.26960556396096125,0.16188281198372118,0.4925049307502305
0.23623831428634046,0.2272490502350972,0.35191926941699486,0.4074229079080031,0.28409007378737317,0.25631386918958193
0.20029943118309676,0.11379902488488225,0.17044833638920684,0.3336089081968626,0.19723763935947286,0.36650379140862926
0.3313571064025622,0.4040790924374778,0.23163088969722173,0.281855556220649,0.37024439274313375,0.2877263465926142
0.47781538350933367,0.3227051102316291,0.30702180343311836,0.37427988214604196,0.31202604741550155,0.4226867268367652
0.0836727492566409,0.14582028497947822,0.4817021140431342,0.3121664482346992,0.3600348268076085,0.30886401444702344
0.378232277184889,0.13310590038272124,0.16133282290180323,0.6322908853502833,0.5443805721834104,0.4307786935253996
0.3116561323702235,0.1109651448598804,0.3433966858391355,0.1209875823934281,0.41232823082644954,0.18379388448471123
0.15153959852261512,0.34842805978418595,0.5649883250638112,0.626806321356099,0.16416611158126146,0.6399616002829452
0.517622518461686,0.3147311770353856,0.3735642251194914,0.3207829311890037,0.19487907903370355,0.4103136284783686
0.4578966760138842,0.08761275229147375,0.5441328460157165,0.4363419847674956,0.25073707698934683,0.4727175834109092
0.3561269594875609,0.10764945904534558,0.16153762224106938,0.1173875001797727,0.44409609947357737,0.3582349823453445
0.13741462716754194,0.07143290808605446,0.284493656598492,0.4864285046118927,0.20518348327530736,0.6071836550931681
0.4331552569029569,0.4071723607228943,0.2847233691959584,0.25744018300825294,0.33793429709749795,0.40679447737675395
0.4216751085950854,0.15086753792154586,0.4427095701733555,0.28626681255581327,0.6035938978733029,0.44057802456166684
0.17220024861566277,0.34148818473981174,0.5536315210332858,0.1364734041850679,0.4484860858132731,0.48949216291974146
0.3028206916143695,0.47432531581485315,0.5717402921268256,0.506569621371186,0.23616604166138636,0.4161463180572508
0.4675907552128579,0.3115620030699529,0.5325562083856835,0.3688823503861095,0.17729957907162636,0.22442663633313856
0.3392493043354451,0.1690903304099227,0.16044011934375588,0.24626416962880435,0.4834480344488568,0.3573292857078704
0.37690014859833865,0.1645387491158937,0.5342381107275549,0.3187695892212982,0.30798410616766814,0.2848733000356901
0.2592878849252264,0.13560742312485263,0.5638127853881278,0.45575234064755493,0.27094701943777005,0.42372249640139836
0.2861927784636496,0.2595608096729649,0.44244907026524316,0.15614940609905245,0.24506342884082757,0.6681706323514895
0.09322748817181738,0.18339900980094975,0.4585541304265737,0.10521237447877164,0.3219101286124853,0.4343466601300024
0.08775667900644683,0.15062285992606775,0.2821465401371895,0.34339932939156814,0.29702238332207,0.37648148774302614
0.15355100686651346,0.7302352005926839,0.10715513125673173,0.350676626899496,0.20257888728889104,0.33795423270985175
0.23166579436797616,0.4001013740546818,0.134999190415896,0.3462586170575972,0.3834261517858211,0.3537858202409341
0.27636890732946384,0.5732352783643366,0.07517472196726244,0.26838136679283525,0.25981630978668235,0.32694828849609064
0.2549730673111628,0.19777063011536303,0.22562802368106008,0.1708886198813331,0.44754305260674687,0.9294601376652838
0.46977087596805905,0.26679248879313183,0.22726907160717677,0.2913300242454631,0.3387090787113783,0.24229794872102725
0.14778825949738555,0.33350471689154537,0.2775075007258767,0.21836370893266177,0.31649760925128356,0.493174576353015
0.10024146305802574,0.1771785195535862,0.27409532759410754,0.2133533827507414,0.5549803718562616,0.4384132956424677
0.32453869164079685,0.37412895989997974,0.17705551388266277,0.3606915146358443,0.32859164281127207,0.16014509234474594
0.31517542751983635,0.5274983247810973,0.33830071956935026,0.21578172021525296,0.3671706561047012,0.14797718587867725
0.16097904636700006,0.22725761581137482,0.3181791903801436,0.34596674261654026,0.4479216867979214,0.5186288740800279
0.5045992756630627,0.20511736644389433,0.4341767618698857,0.6265008830286897,0.3135056523539195,0.2524010685055067
0.18904090528522868,0.27422383557083246,0.3393791585067692,0.33672728453016837,0.4068574044260231,0.539823184514874
0.2801876586623968,0.22090274620958897,0.2623549430569172,0.2700396822078893,0.26165049968240317,0.22308123677703853
0.38315017187617223,0.21934825431629984,0.2654558253831835,0.16208528090917423,0.2883988900236231,0.437254552097406
0.3463147469940379,0.29893323812923955,0.2891762009166933,0.21229324381637196,0.41314641166094146,0.16940942872624226
0.3380170288000745,0.42530249281947957,0.18746409835722663,0.4227551947634993,0.46317790508360823,0.39857144237350733
0.11279063931318584,0.154604996181957,0.3503349477820713,0.23208976904610557,0.5943575590309721,0.45617649523703113
0.21462743650166632,0.47024017701009957,0.5220070883808671,0.4206705353108382,0.29453547998648083,0.3157282733189932
0.14419753180820877,0.148424166197232,0.2806175009646538,0.398144686768697,0.4261730443574092,0.19891430998990534
0.37047647434470843,0.3027406785982805,0.17222409368473274,0.28118813411857463,0.3591485920562975,0.22248449258198338
0.34414572533129656,0.3350583993429204,0.24293457419775114,0.3830041991378267,0.10844699112243807,0.44521457389705527
0.41871179105636436,0.2291857777595564,0.29839331282327186,0.27370546146278396,0.39576964796371167,0.19365125849533904
0.277374879769355,0.2948254585248308,0.7542528074215268,0.37331183061991924,0.48333702064896755,0.4269147619605375
0.22565115104193134,0.08706325483519123,0.5561220734987095,0.4693652487099166,0.11275523153198012,0.1368904238498252
0.2833667535592541,0.16944043306328316,0.41248990212697795,0.2636304614422777,0.1640480752650882,0.23999776207534249
0.16145194134934823,0.24594948261929764,0.5447935697443825,0.46432091799623393,0.2718901378880494,0.23478760794203662
0.13639237512463068,0.3403165639812642,0.29556709795037855,0.22311944120957328,0.32355393768341373,0.3620236783114612
0.15121676997096511,0.22066193516602456,0.3611077255335701,0.5426827428226547,0.14966793017672567,0.29966618791985195
0.1597762789064419,0.18679528520752314,0.2763935491788468,0.24200783150914676,0.6079333044631646,0.41344011986619444
0.23936046051389684,0.12382381239705813,0.30541123862696445,0.5941253342599447,0.21209736073887353,0.388494741496991
0.23895894108463006,0.2188249977712401,0.1359636311004092,0.20347661642521003,0.3168879588279972,0.3350522004960489
0.25834060170210543,0.1251259502031525,0.3430275398360504,0.16081683342009628,0.28509500382914754,0.25516029062464834
0.3751130279470771,0.0728797518669288,0.640191456602198,0.48322116615918725,0.3382392417609647,0.3025092908068934
0.33600757957792754,0.38367936191674423,0.6790848736063679,0.3073240124999829,0.18711211344031708,0.48951112732579355
0.33034299379311793,0.3668123515608714,0.3211973243566328,0.5217999844907828,0.12150952697517978,0.28019994612230237
0.25503556484155915,0.7283635041783147,0.5162288505531182,0.3153463811882395,0.1342817278724183,0.8617825579867271
0.22372971102729916,0.48912803971851987,0.4665158689063528,0.09373414088764491,0.3560718952689181,0.3051059202763875
0.30530406974382884,0.15173820755110243,0.3578396427900359,0.26353566253800365,0.2697203056857672,0.357156147897718
0.34046643323359976,0.16720274391514806,0.5277364824225532,0.3067977835892975,0.21400366718270733,0.4302071252721317
0.32509269621063147,0.07286371643156006,0.3344394823366321,0.33317533248644876,0.20749875980552152,0.3306727019958403
0.6786677458093131,0.1303175022467089,0.5670760778259586,0.2499861677385874,0.15359746231755167,0.3999554702796859
0.4141485022586729,0.14838108841807002,0.774615875488961,0.24611249871627686,0.11392870653455227,0.4250915834822254
0.1748265266792902,0.21351011665200179,0.24502668793032453,0.08656994462949417,0.12872669707014658,0.31812682721560764
0.18601141592895504,0.1303185771828753,0.5885154806561782,0.3427745375721693,0.2764395238661255,0.46597702324009255
0.3668165664053968,0.08765383418228695,0.2381787851542268,0.45456648760521784,0.3256258580761892,0.3873309348647887
0.22120472039658745,0.612381896146241,0.5678772323775478,0.48438468458179285,0.1764030206074575,0.2506130595524329
0.2744012763264615,0.1605909717221235,0.22924789424557626,0.31261321628839733,0.2613260233282535,0.26292046336807945
0.38899144274924624,0.1398872851247678,0.3875007718691583,0.27576498955577833,0.24395902322164964,0.2487256959040321
0.3484615932400103,0.11573449170364168,0.47172413988848316,0.29727797635413805,0.6234343418320069,0.3530753137570491
0.3101616512702254,0.4463066804073714,0.183416661108328,0.4747042306894452,0.136097358790407,0.45125514884909496
0.16850661394453123,0.21617665815334555,0.38284799586075313,0.23252398992558537,0.45247149811054893,0.3593838260046362
0.40806774952250163,0.2943606930648741,0.31543694761142455,0.46227234894207514,0.2010596330832649,0.255306904062155
0.2806804480862617,0.4609278003480717,0.3180146862703449,0.3585013249253681,0.36416762364345245,0.4166864287446458
0.2887878311614653,0.19548985417210846,0.2805919511634471,0.4724008053813365,0.30147700646248277,0.28145656269963854
0.5168194018378259,0.12479305804076404,0.1916521113963356,0.21716148110000605,0.1612341240711227,0.26493098273646726
0.1415902678306381,0.0736339112584371,0.284833408315029,0.19858996582176736,0.36595029801870127,0.23472014178954687
0.3838162463567361,0.2214349007326759,0.6873286065445657,0.2776607310513415,0.4395201279773711,0.4461211878416149
0.1635015929623271,0.23434906962506563,0.4347323037473957,0.3021514572113414,0.3587185084493748,0.26813790009404115
0.15848279444932642,0.3717576219016099,0.47017730884063325,0.29573603447360175,0.3090595755766186,0.9832255040209517
0.24552766072099128,0.6621344935696462,0.25735709730716827,0.3276528738270826,0.541555330910813,0.3688979936941661
0.35672137999164105,0.3164401628429575,0.4812093007988941,0.2666542526875357,0.2683728207067072,0.6584458319517145
0.8562464989745204,0.2487857887476702,0.25516568937642065,0.14967098828315165,0.36455807124820805,0.4447984694828961
0.30408561402384304,0.3486849583382577,0.2587261129497171,0.2959793069532975,0.16400153803262413,0.4247647127738508
0.17104023376854802,0.34928393361913407,0.2238072003091646,0.11495625310452652,0.1248535177596721,0.2393251520518734
0.23388130064505547,0.538143937226235,0.46776083674609864,0.18691146515166068,0.2651243983022988,0.2252066550070228
0.2851546910001206,0.7027862648130878,0.2034269230769231,0.11145200992706339,0.4835811957281166,0.3412695869516454
0.27763753105874467,0.20884550145358546,0.11378828050580539,0.4043076297668078,0.3612543676925145,0.4652737455983604
0.24366712286911563,0.6505023892146615,0.10433525902455414,0.5005853983700003,0.6236229273309909,0.1150545333046944
0.23422906441256958,0.26129872397708453,0.7949446853925743,0.3271814795426129,0.7353809958351895,0.3437563144873233
0.6444370984906876,0.3116746037942072,0.5054199824889303,0.29182160918045397,0.20148762640550436,0.24085423577798465
0.3859064696503887,0.22017956124599888,0.35716649178451343,0.6014885676842677,0.36690976047443946,0.44257419948609644
0.14868405423910758,0.27143354420553584,0.5655285338625141,0.49729343788432084,0.1649097539300708,0.4003306627207799
0.4896478066986288,0.14001701267029773,0.6721827225940652,0.44405705851488975,0.17488508564949592,0.31164248033780173
0.2643361069784712,0.07979538319081458,0.26357389044334356,0.4637218746733954,0.36446722042214125,0.28839363586415695
0.30985804164403286,0.04281746911510689,0.5176848440469562,0.21308267673477543,0.1690832293629482,0.6133400210785818
0.25040634198963685,0.07000269676498772,0.3779408382936946,0.47221279710679537,0.23280957489325002,0.3060041042202823
0.42549782417204757,0.07168990838307857,0.4466768465391655,0.21584341677578833,0.2317331876360815,0.37517846665710114
0.27144835472157086,0.8336821964545057,0.39955104982922107,0.5321994711169811,0.22092572843299343,0.5590613852725331
0.222702860140209,0.2877235485579232,0.4243381409011791,0.4856395368010152,0.15927346495833464,0.6205834514563424
0.4173804461407493,0.5715752487651743,0.40724198695825176,0.297312553438561,0.25455380655573145,0.8139389123666988
0.4120955494883945,0.1949475535103841,0.27941174082164644,0.21381224176224645,0.24803648656558594,0.36523482507615135
0.44037337807728927,0.17936801314502263,0.42007734762235677,0.3486403497467944,0.23586303050223364,0.15203897757179768
0.2887344359037652,0.1310748715415958,0.41100535133644356,0.13211524526089857,0.28090978105212305,0.4252753397098147
0.400414181482098,0.16169811320754715,0.3443803119680473,0.08960403546616624,0.3652176419913038,0.4110992790556875
0.22366252242071955,0.11701700265442283,0.28419387929560613,0.4717726401263109,0.16787557649621582,0.4365848878322846
0.4743811185738001,0.23496564809031661,0.2801885075474716,0.211929951496333,0.42035464950884754,0.3644765791341377
0.408543056198105,0.16673581477497815,0.7391992890431355,0.21442998268293206,0.22057945600336865,0.3579112437434308
0.27480764792483175,0.12173568544634192,0.3639038014483301,0.17951465152407992,0.1641057321994243,0.2691350890065852
0.33056470734679694,0.20171911369113604,0.6030990087271397,0.42346169114728066,0.47979163118028945,0.40986751677140254
0.11777117082325057,0.18373974766784665,0.5408297958510208,0.35072094394611203,0.46277932448229314,0.6325847117018757
0.20808437424821546,0.3263274900022981,0.42416554038094384,0.46719549910016944,0.4607710208294454,0.24208118648486654
0.3153876802204715,0.17212778212077243,0.29331591191120604,0.2348534871047528,0.3460701485925985,0.3505169908659558
0.26219850359408,0.2597758997573108,0.37374078341828265,0.29125635200846633,0.5361270461893661,0.3026880242430442
0.33759896811290585,0.18822807996295493,0.17400482705761486,0.5185953157398827,0.33897185983082506,0.3008943800913226
0.6286020153273632,0.4479605945385413,0.42573355173175226,0.6405571609704209,0.46263501989766914,0.4334931111417985
0.23038385773785522,0.36281836606072587,0.242272770362658,0.39862758622731276,0.1605474517637911,0.32474746084610934
0.30535660668038955,0.27429033818274384,0.4847764945862136,0.6953139577645694,0.13353003737969657,0.3342104538823594
0.3044509889489625,0.36920688151156095,0.2816939610546406,0.3497364675419089,0.10820500888922478,0.5551116860399471
0.16883202715263979,0.4762333642907439,0.5312748000846245,0.27755526213912357,0.372475388609258,0.4568845279046598
0.3818266067845977,0.26392781981820623,0.5673009197656532,0.23060840999644608,0.3986537762500877,0.163053235437207
0.1741979999875617,0.19130285400724847,0.3297156866656913,0.36229079279812926,0.12869331644041393,0.21029858318756295
0.251220695954045,0.2757069640698031,0.543468650400356,0.39992400424285196,0.2306728808477355,0.3717538638618173
0.37005116853835957,0.2682485041085584,0.3439837001803232,0.2022559951486906,0.30558715997797886,0.16986679994244908
0.11839741111092285,0.27853218198558083,0.5738687843680776,0.19557283252655414,0.48737286481513287,0.4192095880794337
0.5990859634248623,0.21589145171982538,0.39507270918619514,0.21070676366369018,0.27027236933633186,0.5590817226284207
0.215931849528596,0.29328900064806407,0.43600477321474485,0.2697446661175615,0.5129525218663887,0.33279125324660047
0.39784224519647704,0.4989595035295727,0.19749837583572505,0.4864699590668875,0.2568404396729504,0.20088389191360226
0.10210907857642496,0.24077976530806722,0.3009901234364849,0.12821550649125804,0.3350657614611685,0.3016540345284388
0.1439156691943413,0.22735766734064064,0.350575854115192,0.3106878654732537,0.29279938168736014,0.30615239511402803
0.2105701347082636,0.26077684367351284,0.1306794257612953,0.4017418367266562,0.16515115108686387,0.3585080549900401
0.19845176927848437,0.2806476442283649,0.3276129867720585,0.5411723143863154,0.49533382076285465,0.255175756125288
0.13987787693752937,0.35756797400687146,0.5487251773866568,0.5273475459976252,0.29320344144049826,0.5403511623109956
0.47960554245881043,0.29764023809998746,0.1980503215533444,0.35753769915858197,0.4220409550514062,0.41639098848474215
0.3534774377381519,0.4575610122417562,0.040949791144831695,0.4384344439536295,0.5167594869357183,0.38797136013425093
0.2775042885355552,0.5245581188516314,0.2266746377430467,0.2054121286680899,0.3255307336610839,0.17807757711866803
0.3203271898364687,0.45893049181226725,0.19840084215089052,0.21436915788235011,0.23105012196833302,0.2950265174312223
0.1888724695589256,0.29827494411129124,0.958916866227738,0.29842489016296386,0.5833026252071594,0.14678094945733178
0.2629597696914317,0.159158154752544,0.20329959601525652,0.4139093259255602,0.3563291199772815,0.3287173178013129
0.4580762551295173,0.11725504106916444,0.3728140952235912,0.25416721610916565,0.2476193760006716,0.33804768819814407
0.3726219958349749,0.2043498978654533,0.2838608401254653,0.23971443641851403,0.2337149573599595,0.24685240355105767
0.4513478415318049,0.33846351670201896,0.5389397846584518,0.37431134344549355,0.07569901973602468,0.5454024142913608
0.20080363850243713,0.22612790244371614,0.11103947836855521,0.2608326909490604,0.2490880401771323,0.3410445730281019
0.12236406544154818,0.13145483519847145,0.16050092368834723,0.22944758744519675,0.41188922554889434,0.22786420471067173
0.17322690314192835,0.1481916647335847,0.2635003350984231,0.5201761724324592,0.25710528884875405,0.9891642659082006
0.5735777800889212,0.179198131738618,0.3151992722179364,0.36113613326478566,0.19280216317319618,0.3051892631076652
0.584507611655159,0.19046603501325166,0.3470994345693668,0.39977912318116227,0.3615833451928355,0.34011812561588195
0.1961072780496149,0.06381001569082635,0.456334888641215,0.5143580416533007,0.12420769297560127,0.4174684761458671
0.2718518682099866,0.19537049934030357,0.26412905907021555,0.36013448038979295,0.3332731915237577,0.29962260101974075
0.3846917925726869,0.18266188336479183,0.24872785713920126,0.34502912524567747,0.22766140557270653,0.4236445172355668
0.47402437605278874,0.3969438388730364,0.43966053642705266,0.2797744929107408,0.25222436491653333,0.43806799085979103
0.5595518202848418,0.1035513951572631,0.4395830281907895,0.1669774255514033,0.25916681832757027,0.31253367200971444
0.11695177149216726,0.6090117911200361,0.4680039215686274,0.3809682225405871,0.449053146903797,0.4862738985868661
0.12135677767785721,0.4821995750257279,0.23776967661206885,0.4639464821975112,0.1691111082526166,0.33797640479177904
0.5464931236138281,0.2791028604369962,0.38553737998534365,0.3158145236245751,0.2684419332898659,0.49263861253129715
0.6017323551289339,0.07318133125520346,0.1337675068449933,0.4127464494663536,0.21443575935425938,0.33623492580204273
0.2000051194644687,0.04819242164101575,0.147220071564586,0.08307053871524737,0.40940060038661624,0.42484441276684515
0.20943651526782114,0.15519360509097443,0.14399522793041059,0.06366589387338063,0.21619210773371755,0.24993720074477035
0.3351765312271774,0.13709196595436954,0.29667117158674833,0.43525628677225103,0.21560412809960205,0.438760659094962
0.7910720605738665,0.19459356091599428,0.2364724395442689,0.34845565962408587,0.4921164276660142,0.2585359534894353
0.20572465731547787,0.14273821253296393,0.3206709287676163,0.5811553500806356,0.45769566359162034,0.31501979255858464
0.4111718974949612,0.18887972423237148,0.5238181662485125,0.16660172147252,0.3025886488708844,0.3797620116413042
0.1131302951775166,0.1413094786055337,0.28522750946757885,0.25455161093947554,0.4618830153674501,0.3276440058097764
0.2913111629012809,0.34145508345010794,0.5014409691596169,0.48826924365885654,0.4278367212406731,0.40185938776643426
0.5165787376336262,0.08596796720119346,0.16304331152545234,0.3789680294433038,0.3633828070524952,0.5849545738887615
0.2733434575786676,0.6841408643919993,0.5722410708448793,0.26956084544276315,0.29826879377190213,0.3700566719248865
0.49669462768539513,0.28599707257784623,0.29352695034298604,0.2655808546436395,0.2523215649651649,0.4433226461525329
0.5090395780876706,0.11436214343827673,0.3223999731350146,0.5137710154385121,0.2677284288894575,0.3169249812440798
0.2591479734982474,0.18628453512119697,0.12400915033230439,0.32092597949366153,0.45886588379345994,0.2836254454257675
0.2592082207644754,0.5712619359460882,0.44854502855416445,0.43424025128775146,0.325910609193574,0.38718528373089756
0.6644974237277117,0.11260754560086522,0.19467425622362586,0.24089376640721125,0.2842373169664492,0.36471298693778287
0.46827892582609554,0.40122302624873757,0.32192140208342956,0.3071894609463691,0.3310274061471493,0.4616238526519325
0.42229161731240006,0.2267446804159442,0.2748786172251722,0.30584701881504517,0.16978626238777222,0.25854611849012105
0.29988080309061377,0.5696535751105085,0.2702167547350217,0.3233274203115046,0.4276159168780314,0.7648881968180904
0.13245928640272353,0.569404383398057,0.5422117161950804,0.49984644444591203,0.37279544391742936,0.3219913971718561
0.21221106373429083,0.37112610709818283,0.3862424839372216,0.13245792583031327,0.17888984533535535,0.3217986810638452
0.32871928961416347,0.2222596144556585,0.5866458334724437,0.3031052536021597,0.1720175787137259,0.33094574425308904
0.5762268742064625,0.3887904882745828,0.6079637968170274,0.25480008785828845,0.36955771082132605,0.3980853292728743
0.256553951071728,0.43222493368700265,0.3755658484477311,0.3927123160699803,0.29006292613290063,0.3892556611046504
0.286421164950401,0.18985339591600772,0.1364555519928128,0.22421737037817321,0.3564905362776026,0.36021024160144255
0.2113910929293628,0.23868272367491083,0.22730647780517974,0.7446996831121393,0.7204089747996576,0.3535627316143404
0.3978527166065463,0.181367869904959,0.2961049415103519,0.584737879201508,0.3717362302267963,0.44603450713315423
0.18765953777164537,0.1164723396217985,0.40215346687775944,0.36854361583259104,0.23738793706321304,0.24151585033281725
0.4024327888562432,0.2551062892098225,0.4485728004698469,0.39303200184943615,0.2519801585156469,0.24296125474200234
0.30298214086830355,0.26176712756939385,0.647880195496676,0.5275206794992532,0.3179236266900524,0.5891645446089568
0.19450195562459344,0.3593037276154872,0.34899943285047613,0.4613799300284856,0.29811006248282135,0.19822814534697553
0.23265286983432865,0.18386640425138281,0.4851471275105091,0.3028899892302496,0.32560498462710524,0.674036337711993
0.15834486992918645,0.27310246112076303,0.2986032549927453,0.6358330416440434,0.1893025419101737,0.4219639223762422
0.3707234702392294,0.3659462398565159,0.46965847029099966,0.5913506330570475,0.3455326619654344,0.1330647055271122
0.13342191034713663,0.1854803904039065,0.3425921183839102,0.4289285064472157,0.30517656148483735,0.2685889246048402
0.09627933549360401,0.46344950074725466,0.16869560714593942,0.32097876388271684,0.3628956328561229,0.6653550444386599
0.6084117699486369,0.3029228932578901,0.6829381203072409,0.25525548839143414,0.22497294479157617,0.7403775212300199
0.2117974545650785,0.4063647861087938,0.4420026192875596,0.3269421431006118,0.4016897256317839,0.2024907343977798
0.4104941170577148,0.4073924289155341,0.5568596086357228,0.43492828272870654,0.16917519386639204,0.513329103611541
0.2653652115196173,0.2493012500113803,0.24576094963186962,0.24891807965299687,0.23585069150493704,0.25012703339093484
0.33272321233086655,0.19387631686504792,0.2291431876149238,0.3649528928857822,0.1675524679290388,0.15245818178257955
0.3227396759725832,0.2219842011745649,0.2499987192721367,0.20996183557646142,0.27639304370008827,0.1499733205402468
0.15950294367670959,0.2717872441086925,0.20603133172644675,0.3236634278041668,0.1853813455965812,0.3726670158657118
0.12251858617012605,0.14411376253392624,0.11206368803518416,0.22729740265365347,0.4822765150882584,0.347017040587046
0.09081313350601128,0.24336473835675462,0.1924300018186335,0.39834945590966386,0.4535326181243195,0.10048757324613149
0.30799137451129693,0.20370523977723862,0.2543653527048659,0.16406986876994614,0.4650064315623076,0.5400950655965576
0.394158779549678,0.24089284427541047,0.35848647881721485,0.4253197996084582,0.35193728575741967,0.10602920128247395
0.3896613449031257,0.2639503216438632,0.4529982402729084,0.4193674564148413,0.12028758062902005,0.19277547642074627
0.2907613684141958,0.21201733441930026,0.47239384868819706,0.1319964662023574,0.10430461166152641,0.9969178194755562
0.29082999308401064,0.20578937804896655,0.1617301292987972,0.3337879720728561,0.29400327920368363,0.18877098238341347
0.33242556261433487,0.2888981206506496,0.6472104305639782,0.1764945957872081,0.5354651302785068,0.3079162587139205
0.16351254951407546,0.32262556852779906,0.4549555731170432,0.6601620460300595,0.6527580571483228,0.30654075659588625
0.11617576588226128,0.16188564667566416,0.3078646854396328,0.2670020259458977,0.6893857261837939,0.5233708588782745
0.31384524835431493,0.21673132752888236,0.3996177976901587,0.5121467429804695,0.33118846581360767,0.47210787595928694
0.29056699078166437,0.13178872962890242,0.47279722840594796,0.2004815572468648,0.4059349925689115,0.37460902608285207
0.15852538165327704,0.19355743176909485,0.39580861405652007,0.4742815444524403,0.2816458893830528,0.46438971717474997
0.20796448733766087,0.20141351042764408,0.4966351767915746,0.6257430605343826,0.3258191269032076,0.4232853892609864
0.2384426648959177,0.29706583728214364,0.40566734737925647,0.4161631478272958,0.3917649371309135,0.27099802654852423
0.2999306864258333,0.22149110133773867,0.2256836214319894,0.48285020862203454,0.2340685811951915,0.38977466528916166
0.29960571483440424,0.1319448551993994,0.3722043699621035,0.30327375048004207,0.19738066069506097,0.3517815228897097
0.1659640103388006,0.27709104811841173,0.42655063354888095,0.2876492446393762,0.2859593318276223,0.21705721021168956
0.21887191463251313,0.20247795583113562,0.2929467283052306,0.18162504788771636,0.6691738332830884,0.28193539369414367
0.5551124909874782,0.2125859370281642,0.10145390926895068,0.14706523910863775,0.6912343000934837,0.14236927288502219
0.4631147512161228,0.17350841246201665,0.09545510650191866,0.3108967030170909,0.2767053743101994,0.6173678600811433
0.4215048098053632,0.35094230342419497,0.21427942541242825,0.663383395097848,0.2272161137648733,0.3690182476126384
0.23396970702274564,0.3073372219691046,0.7108919253679522,0.19793490001395483,0.3813059989959066,0.3587513777605431
0.36979283172481014,0.4261656822321376,0.407044922362156,0.1741533958115632,0.14666273955582396,0.2950567837362406
0.3606001556420234,0.2724159416332374,0.5008482857232505,0.3663764195963884,0.42163688899109164,0.28860108555681285
0.2059109657838612,0.2875356607824176,0.40617710070673085,0.396968715919715,0.260974480491385,0.36077605171283667
0.2711198208911892,0.34099946333301767,0.48415356130565973,0.40055414088372276,0.28247681642756545,0.2709442596093512
0.15677549083161366,0.336541464840278,0.597792186369923,0.5196097873127551,0.31401366052617774,0.3524835373581733
0.1755444720395186,0.2519148138008649,0.525413783278275,0.10673471019460169,0.11672935194580011,0.4292489515537843
0.15314896563958405,0.26303304299375024,0.2125241894984979,0.5134960954659858,0.376032786201832,0.6002806739618938
0.3091575926384951,0.2886191897885717,0.29941532094090856,0.11518717140247958,0.13378861570289036,0.4102766064348596
0.20089775022056083,0.3167804080720308,0.31337443792218084,0.2987193387274374,0.13696266236995486,0.46345426693296626
0.2991808939818777,0.41975239186131424,0.28162074062843495,0.7212291322359649,0.4464199870037729,0.5002236230155137
0.1244237990740912,0.2062748101452372,0.23290136953092175,0.2961455549892484,0.22517828370233334,0.30894612151644973
0.39409506390362137,0.1278547758290369,0.15433691467879276,0.4750786961973433,0.4087874388309946,0.3072512978988987
0.5192381562651259,0.4879052929872401,0.16077985383595064,0.25378295548419294,0.2502759729546504,0.3355458041790942
0.13109268877347183,0.22797046541979696,0.28659000348988656,0.42199372397323803,0.36404482672455346,0.34929155082834734
0.34617470380217813,0.3967276343689856,0.37883363671959175,0.3651869413670125,0.18728195161240901,0.5864049386141361
0.4915045993549076,0.36528475095730445,0.4351625030986421,0.1518590957934279,0.11602793696275071,0.7602859197657735
0.3563458713909835,0.37012655895831487,0.41709490730119686,0.20736262768293198,0.09858675118404914,0.11909186158153934
0.41368657368776574,0.5154474554250273,0.49275280909573876,0.32595072965272986,0.49629790434942633,0.38282041227317115
0.20031984562056196,0.3041794140189745,0.14249418340133235,0.5958252717641663,0.19328143922543742,0.3849501772520742
0.2824329125423302,0.48778286365210355,0.4987090664960218,0.3932941013569648,0.3222114303520437,0.3766265473598346
0.49451478229750495,0.2479513099291689,0.5076878088932371,0.484451309600354,0.3682529700721184,0.32818798299941704
0.44362873199670244,0.48298009768094113,0.2305195131987555,0.4038446740085227,0.11663954607303077,0.20458972882289606
0.6660925330126851,0.3790251016504099,0.34292612026704117,0.26724469109004156,0.1519807797744328,0.3451816434067326
0.1436539276810492,0.2905251948085977,0.465405411025849,0.4088308395049288,0.1654536853005406,0.3550740972863887
0.15028222494673316,0.1284899210471892,0.3462555815674206,0.4619329889077325,0.2906715410660435,0.38959866790865316
0.25719826272546403,0.5741912915688738,0.22344680224915459,0.2666438437748064,0.45910096951204027,0.4530587516592482
0.24431838740725348,0.5452172165097606,0.43696220223626636,0.7828226803860816,0.5133933038656494,0.4776819490348287
0.492552485427139,0.26032290102055333,0.3395173077408622,0.23605424716306286,0.4096367492531067,0.3829768500854973
0.19521544811498612,0.46743586875267445,0.26243301246779754,0.5456675262176257,0.12109384528090482,0.3780964593201267
0.23543751698007914,0.6368844069531385,0.26823051722175145,0.44451097284773383,0.13054569406300937,0.25343687945232113
0.25765948352794193,0.22958016590032115,0.5741898546493136,0.22473339833839995,0.5145775019501675,0.1599930819555449
0.2941510149067169,0.1596023145504418,0.21421220541319339,0.3455147368632251,0.21602670125524298,0.18398422818903556
0.2422121879164983,0.2692582677841117,0.44129257378829057,0.2433613282198165,0.460622446978516,0.18437669417254535
0.153031668302331,0.19255542078644994,0.458420292666685,0.4081744686069804,0.37840352575866276,0.31594125316226174
0.28961910370334437,0.35112864102891445,0.22926116396731916,0.3571544872206868,0.22594201547045367,0.16946205603506995
0.38530874198327064,0.30755653596420646,0.1805805916823965,0.38237988799601297,0.39537105251583393,0.4464489022060679
0.2618274769891376,0.1911035161885402,0.5466382421630399,0.1944959164822729,0.18432428197572132,0.3339647984182928
0.18375373051623578,0.20372014534849536,0.4079012718480934,0.27109161731284115,0.29094019791045217,0.24085253159116304
0.3171001693046905,0.4133754812879155,0.23941872850133575,0.2001432914178302,0.30636349254164785,0.16451151895469784
0.33742852290097947,0.39806615824174435,0.24500556239903504,0.2041160939736883,0.4729830683533134,0.16355124383717884
0.49219683673626946,0.1316369943407445,0.21844670539744515,0.3357789294596662,0.2674440189831689,0.408648048128989
0.1849959357517756,0.08549829893725938,0.26683569166633264,0.20844712066233692,0.14987332178570834,0.23160328907979366
0.4168526231152147,0.2912007710412549,0.32299120861502284,0.7785041202963888,0.3246871964806033,0.1726436668510181
0.15213447817148387,0.4128531480947203,0.25857027928918597,0.3334594063932197,0.31387703584531323,0.41899808273587275
0.2094931342366284,0.37295745203357494,0.34880539251388826,0.5030606385629625,0.42462949641717374,0.47573546193063826
0.15398304402205842,0.4702327365528687,0.24923576283285265,0.36144486535125786,0.3373205783921491,0.43811050945340313
0.21788286631278972,0.6678906520106344,0.5749448189604748,0.2887072083483811,0.19944135403848828,0.664635094957131
0.25878538807007523,0.20451233008910322,0.3756552897010446,0.4695523409370264,0.23251071553269187,0.1823407148579794
0.3781427137149909,0.3015114569027974,0.16630951646600994,0.1697254866560976,0.34418367904402897,0.16448627421482992
0.2262230219311618,0.23346266739696367,0.6004239753568646,0.10276922117926954,0.4201059626893371,0.09859435674191638
0.14066902797079903,0.12785495727545212,0.3622539688211081,0.4081550943825782,0.20586045575733183,0.28469811414105595
0.41442337029645526,0.24348499558212344,0.13784677652756205,0.643234109094119,0.38275072068974636,0.43998049822298824
0.29703852337661785,0.31737084541627963,0.3594156480487261,0.4914854905573469,0.281364667882177,0.41239123005336625
0.3498407171340541,0.3324269646457126,0.16454036976794437,0.2925675636996457,0.34833712915904697,0.41059025925311865
0.304851713754119,0.2508022752135286,0.2744911371434652,0.5645151685035619,0.7805126431886179,0.2256624965321838
0.2424771262269119,0.17492031613464049,0.1323568489043933,0.6955116501835883,0.3184646464646465,0.1884825821236332
0.20307051366990908,0.2647019242271476,0.2605096153209192,0.7715977078068527,0.3996347738039975,0.6034535121732039
0.38527823079681234,0.35385960832194735,0.47371156416193244,0.34688071729523196,0.29732046957734276,0.39141464776577783
0.48414405299540475,0.3150547909961092,0.1503643509333034,0.2524527446580106,0.32328380660961004,0.3087504536194339
0.3762453014473022,0.6135355749014418,0.5887093887615922,0.6716128433556051,0.20157882806763228,0.16265315020889046
0.21727845636677187,0.33297191837779055,0.4370513795640635,0.4093273226352635,0.09578024537529066,0.11378557264590813
0.339855138858543,0.2835939457844143,0.1719006118612636,0.4413366708469982,0.11800672051585186,0.11321614234417708
0.3816393317252082,0.20850810035919412,0.13731361557549474,0.2542496755038762,0.22855228397550137,0.6239375346577892
0.42482733881013574,0.41585783377936497,0.34674799811925505,0.31375499876696333,0.14505211408498692,0.2527015663190324
0.19927207307522118,0.2568656136224565,0.26326050320946304,0.548580650326343,0.3363695770074902,0.2132544878279351
0.18308691705081567,0.3969949938151274,0.3316140819470145,0.48889712628233045,0.22187513197527653,0.10722379989155757
0.30970801956859617,0.20392075591448688,0.30023911009460447,0.5922316345533238,0.42821221539884496,0.12971594524400779
0.20596908364903174,0.131477581388811,0.33369361872760467,0.5709865399031266,0.31735766796740267,0.39087828133162866
0.3335484152401586,0.3947769893111158,0.4564319679523505,0.3287157089421812,0.19493205747015857,0.19281399129880153
0.3609698407669125,0.20709954498963226,0.5386562672507433,0.2878005134554662,0.24504192962738822,0.668765493554515
0.3976968359935257,0.13705861363893745,0.586478557611868,0.24518199581439276,0.30043148328854047,0.1602249958866594
0.31831506389708414,0.14111502322704228,0.5683395584300047,0.19439041801989845,0.6118146972552466,0.1582505923979315
0.5895093069492295,0.71176826717657,0.7104480734809564,0.17882617966906905,0.4917266745283239,0.20461757348131865
0.3400420903483914,0.47893883194625025,0.5366239979663292,0.2104758940585846,0.5551083614353011,0.1793166692514649
0.35172621016247485,0.2606866139358076,0.5002010879747776,0.20525154924862554,0.5944454509327225,0.16210595874662007
0.10023577309094657,0.44371179116014337,0.5326006752788323,0.2356918312239269,0.3470184309898904,0.32524160989652695
0.31189675859198146,0.15986490759609304,0.2405425287965749,0.6974730011525727,0.4264047403417434,0.12208766654712976
0.2667378886472394,0.1820739262624969,0.3780236291057177,0.2932353981975848,0.2998466144737342,0.17820841723906466
0.30675427567377045,0.1546485367777426,0.4275599461379956,0.5408686279531095,0.6073430411176529,0.19880399516508684
0.32464885099068125,0.4626612919788573,0.6017598301729927,0.345935754456517,0.3603801470556917,0.1918297387577798
0.4270528168635834,0.6248901466684275,0.18684016660924416,0.46310315935476476,0.21447930866870202,0.2845012917476037
0.28686677535039024,0.21318532435223828,0.22196401447396974,0.17646241183320815,0.22610639521774428,0.22910713453395526
0.22303877219756196,0.217938518942417,0.17189586679063473,0.15382442950906783,0.31510245936712356,0.2927687245306152
0.4580672047354589,0.0683944046540632,0.37211538461538457,0.28977191296218624,0.624823913659835,0.2942073461296532
0.41433020435885365,0.3793045067697956,0.20425841319723384,0.14371626980459262,0.34002179157696166,0.4154243543864166
0.3323882230568886,0.3867961848430449,0.4601192712583549,0.2532540582220355,0.611667018439281,0.09719946141999655
0.30017288919300833,0.22980411117768043,0.32132268845978745,0.5564945625946269,0.2926128136015543,0.4964238249053565
0.386351328166377,0.10156667270176073,0.3078868470454795,0.3310597866868147,0.241514619965585,0.25817864323140255
0.13884541650193574,0.38773024399715234,0.2726239960932988,0.289993064990942,0.39986790436873343,0.32978318791796774
0.41449776515818265,0.3815948362363069,0.14191047524528547,0.38509054413840615,0.3153387540720662,0.18760054417830885
0.28825437871876836,0.6159683491214016,0.4835573191725265,0.17348667364093012,0.2958415723308006,0.27614080415101017
0.4442818666256142,0.6119354463055335,0.6152284521778619,0.2094882946808457,0.37452887056803447,0.15036958037784215
0.2190952277281887,0.3215000803823276,0.7204978010095104,0.5141481284890919,0.22583712237027684,0.6703015524890227
0.6579861659692474,0.684658506250056,0.7370955152513413,0.13314175348019042,0.35097242440172743,0.3472758730308177
0.34134056310314276,0.31175585559804714,0.5049182947278466,0.12825208363588703,0.9289880038437628,0.2235103796468397
0.4747267036324965,0.33583475971196647,0.5186444572909972,0.3179131420012098,0.22060635648501672,0.31332931424265265
0.16273531015112394,0.4027804993460979,0.5387669243963629,0.42213913157806127,0.3469752396884976,0.4990883326617347
0.2915604833998513,0.30375018864127973,0.36941555693184724,0.25245335444725336,0.3209198059187923,0.2925563831755041
0.22756526209562253,0.12904029706895073,0.3372356690472074,0.5425010158506139,0.6446964318232505,0.2575275317726356
0.2606369667576088,0.2953239268680445,0.159026404334371,0.3619656820577829,0.2434804598185592,0.2321184681587792
0.2292117067781598,0.14781353171493197,0.2344025319782898,0.3268979816580376,0.42009179359196214,0.271850498474892
0.29855603461960967,0.26642127401527904,0.2833192348296229,0.28816687272969305,0.4131547608550168,0.40865989820609755
0.1779136478223046,0.5165198412908625,0.6133103143809828,0.3723490902169988,0.3368749115660443,0.13746399663727038
0.2054741053628162,0.41185001035840063,0.15694539484208095,0.24958439468750468,0.3936040738744362,0.17022470617999497
0.250137874653267,0.31117351973553947,0.18829679866467774,0.2811616951578513,0.4291279169631684,0.29464876165283616
0.26683644136792106,0.1821578937816141,0.48687773812439417,0.35753360944386614,0.4074773067376872,0.23634011854676862
0.27787076698944574,0.3393502397733112,0.3761198733874309,0.5437937546698024,0.40096926924169707,0.12044028149302591
0.5438241415285614,0.19504394149174695,0.4410835855172147,0.37269951159990994,0.4638082294786027,0.10128425472156014
0.38281613528517433,0.0973417826323545,0.36832654276095045,0.2519297839229261,0.20051789560045127,0.09002670161040702
0.8910291356229935,0.14483024805027594,0.4725158839181292,0.2702234063638926,0.3321462916793118,0.3287726030853398
0.3672500545964335,0.5825899387882717,0.3398929043102413,0.1336440208817254,0.6520036440647888,0.2696728430804864
0.188717816912895,0.6479735978243231,0.16041740397411303,0.5641634733927624,0.5992106634894631,0.2491875600272164
0.4680118608519563,0.1650384559518728,0.21517961832836316,0.2514761307815122,0.5969451701667292,0.2898901915312432
0.15328466848044722,0.24064844460801302,0.12023534574774715,0.13021683689144772,0.23786166161046138,0.16295058990869052
0.23738585952549154,0.17846714162486824,0.2680250967014508,0.25753153053918604,0.17172882250403798,0.7227253092129311
0.29525798709077267,0.30760021339156113,0.1980362264165257,0.527742618461326,0.3000176912251523,0.3437216210120474
0.20786947076155707,0.3236220168289162,0.6677114574030818,0.3870479416757609,0.12485709258238004,0.2100731087157718
0.3843002347852278,0.46302433941834986,0.6123522976810032,0.5038606333225013,0.3036525134164115,0.18885691579913239
0.210039976933298,0.20898161828810555,0.39546469335434536,0.32317104981479783,0.4550946199863431,0.21344712846642133
0.33473085450975515,0.5346047740715608,0.18012390246359883,0.09295933067078054,0.23783069648523714,0.19678115543083408
0.20941882901257125,0.26970579397871225,0.16501773758941488,0.32108446603909796,0.1397244255617704,0.17385763915725805
0.17473678814249008,0.44253945496028213,0.4427609378804922,0.22228666114333057,0.1822920096512488,0.14054352931384034
0.6548934340610745,0.23444097822516255,0.2814041521982708,0.21190649152683663,0.633916404016968,0.1685146980425731
0.17592629054199185,0.24959009681094413,0.42414023736284456,0.24499033396450362,0.0760394937566255,0.2468629463010454
0.5136732691497653,0.298360027284884,0.3990449596775029,0.27606008820505495,0.48002575815350623,0.39191043269087983
0.4918253650031083,0.28950144534315564,0.45841913768468195,0.4888101946592485,0.27378013003963453,0.30541383304130904
0.47688756802428195,0.6133950426196675,0.2822546104811657,0.2540970154502614,0.32506903179853447,0.20886477968036835
0.18742121900656017,0.3941206077730768,0.4125471633820095,0.16066630717651748,0.5896721236509969,0.3454073728440239
0.11556681753077784,0.34108451240452825,0.501186441728054,0.1173715799592057,0.22503926840846203,0.20371758627852998
0.16086354535433292,0.36723659177188633,0.34715102621557836,0.26891024147673126,0.2984238464679461,0.4112578447663913
0.17734211663961696,0.17737773461813322,0.1305588296239191,0.6253521342177434,0.17561999790160907,0.11440502791042848
0.23904768024898707,0.23272781760759814,0.6457123298857305,0.6793291965871844,0.3842507546061707,0.17776558922141975
0.14497508853463761,0.18171234929343694,0.22984248915376468,0.5003615216232463,0.4213514481147185,0.13877130205059388
0.2393747418661341,0.354495584275242,0.11247348443600423,0.22442170870542766,0.41324496649806214,0.8467036587886186
0.18388221501716864,0.0701196032672112,0.45885109055370915,0.16550466399795985,0.3740380487702729,0.19997328040767837
0.2606280799090427,0.21675905447666516,0.235834066902142,0.619510642882893,0.3716218893132072,0.1605642889037866
0.27972820952618405,0.44592938895441286,0.40510618682560723,0.34743246761643326,0.2651294211875861,0.19259289571776406
0.2524292919213372,0.43765096689255933,0.2483695479273375,0.31455521811709336,0.49233453932964516,0.12379954001130937
0.34165405223042467,0.2080737939431487,0.37819640618779343,0.8604708438238943,0.5274522491883208,0.25557251572549944
0.3157241722192382,0.45207480929824334,0.4211050909381124,0.3438264636697833,0.2509275115028563,0.18255051541212036
0.5320380437660497,0.6691232791636477,0.4912774338773213,0.532472368512585,0.14091717558676103,0.19140564389448322
0.4891546316615041,0.4827109978322075,0.4507457699441109,0.5486458639976449,0.6493424870591104,0.4054744628340674
0.3225902922466311,0.26277778305155536,0.1828633788095817,0.5453722158869748,0.15076364396797895,0.6819973459653331
0.11586834720788329,0.3259260906239621,0.1294206141083311,0.34494223914596656,0.47849707239712236,0.4018167401387821
0.22984700887325013,0.20354458086801874,0.2769945911920023,0.34866863978417595,0.39606485815720005,0.2582667245803528
0.12944297468861826,0.2128002951972189,0.6076963517399672,0.22957886434882138,0.48945277837576723,0.20584335865547007
0.32039101875960335,0.2721586957821995,0.3036860262140758,0.1435021653279881,0.20963571064777137,0.3793784004098641
0.2621830253469662,0.3487339336167334,0.07250859667017269,0.2593740282566079,0.44010880467267877,0.5628838264272944
0.24230045948870796,0.2689873795961949,0.5548738405674668,0.7979641518012144,0.722222273548256,0.2253815885565216
0.2547129023975906,0.23770069549651893,0.10108471129580636,0.6767223678090506,0.22005420604730927,0.39040739523051043
0.49281474857792457,0.5193357214022238,0.7669764440240288,0.21694467725307245,0.35275157295609055,0.3082308966653154
0.5483175533464821,0.43308039982005286,0.34274833002716204,0.12863899389096903,0.3780919353590573,0.24268377152592932
0.241020209415896,0.14682099636559173,0.290240621730683,0.4429524707464497,0.2712685336015713,0.3288686961437105
0.5025929939298627,0.08854740046844671,0.3736687322294327,0.5542400455163708,0.3902665143370853,0.40495885442507396
0.31326926216625206,0.06925574221785849,0.25242585437194803,0.31691136181631707,0.6204721540716159,0.20488208298592045
0.39556607216640605,0.5017216354316406,0.23773634627936766,0.2552191951086226,0.40666098144529195,0.580326377786892
0.1862047554561576,0.4606767570231345,0.4573442242598567,0.7591105967416675,0.1267565343370952,0.23282208825731554
0.19096158884871353,0.3726696991648202,0.38745450015916294,0.7909656598335226,0.20152820899140894,0.20380693615740275
0.2356654783706904,0.4700328162158262,0.2490067084270043,0.3083876618394321,0.31099896887769357,0.28570619098229355
0.1373665581715903,0.325374736513389,0.32074780252776824,0.3308099126482351,0.1397163929585636,0.21000374531271854
0.30600616365467725,0.3181505812578858,0.1332764579778624,0.3037476308509672,0.31429421329062246,0.42605548473503
0.35922548951979266,0.36669618508470464,0.24094413090081818,0.35003410620241265,0.40667966533347627,0.2669076288764163
0.2722125955467619,0.4028707329973898,0.3638141488384303,0.3723736362086601,0.3370005451931078,0.24381495808385276
0.1318007298832889,0.12320169708377623,0.258385418517451,0.338295399091783,0.476817724970674,0.28094483244632285
0.7419299391004233,0.12907939820278708,0.24186435703536255,0.3403875399822073,0.6498698508151449,0.5892097802117917
0.3953051643192489,0.10302928251303106,0.624448356411439,0.261062206526238,0.14010518822391696,0.23360269371233747
0.5999879045163251,0.09937835192749639,0.21671360367941744,0.21155483806512285,0.11524533825031237,0.39495595593431343
0.40917552697943255,0.3706944362255675,0.3564916724087627,0.25216423271428645,0.18380300875217737,0.3171562745886902
0.23417075365743525,0.4347986950986632,0.2511833379372223,0.47383946713948366,0.08785830242820354,0.2464653550286042
0.1912265723212494,0.3775374087734963,0.3465969241839169,0.2717118567089124,0.17087136257967617,0.46539818826865154
0.2298329388077164,0.3184351507323453,0.33193314337749313,0.29030606671393294,0.5733209009456217,0.12353620563259371
0.31999685712695575,0.08444745552897083,0.17326616338160564,0.32764926346425777,0.28350253986421087,0.2622142961355672
0.34484816911579547,0.18213086418316096,0.3495746629329466,0.45227625052401166,0.36803140911001014,0.5755183566964482
0.22277630688293107,0.35961585436406407,0.49056940917847774,0.7485081159827055,0.4102079327074425,0.30119276358159064
0.5718223617920837,0.1622829946087999,0.46989388409361454,0.4603270304580063,0.21285918553644567,0.1818484437430816
0.22787962578277107,0.4622269283847667,0.11714492816255653,0.6705642244072479,0.3208832903323721,0.12810551164109565
0.10887537781584225,0.5297310999800527,0.36673985780008367,0.4377497156990275,0.1439165230444567,0.08801390634600215
0.586903815533958,0.5358100206076427,0.35267562341388875,0.16439267806517704,0.18421881910407967,0.1633315710613591
0.3319793443805198,0.1962340032155552,0.49440230609854974,0.1609686185549423,0.2572011005745361,0.3265611107122542
0.1513237368940365,0.41156145773061054,0.5532382414977913,0.15097969947138315,0.26217657561876917,0.30047978736629
0.131830777459126,0.28139557542492666,0.2946499899998757,0.4053469426427347,0.1509929549354224,0.15750073785910626
0.2208651438544485,0.2037768857468097,0.43090266445381126,0.26686519995137964,0.22675013431127514,0.1635629171570911
0.3253015878584302,0.22978527308108998,0.3238557847882395,0.6366077360773748,0.1761323024456331,0.20678972615648303
0.2257193816777928,0.26460309912521035,0.5528951327869593,0.3283546309059661,0.17405806918782554,0.14516800073963707
0.6003077971448368,0.2123815979919752,0.18431999319585657,0.30265824158558247,0.1345451384266818,0.9112326141039805
0.3338076851917494,0.25937670766989973,0.25169739440434785,0.5242107048351577,0.14532913521017327,0.6899300686854922
0.3041517603180175,0.28652187446656824,0.4413255408106984,0.12787226684385794,0.21299252889242398,0.18042127003772038
0.21670774435555443,0.6120433611791531,0.3098119630940746,0.5606441656887259,0.3582469469245791,0.27790720443055444
0.18897505491936123,0.31974755815109424,0.44304455535062015,0.45034464343095587,0.17840437068668158,0.1367239137514701
0.3431079312819214,0.26849781208183565,0.40744451087161426,0.3165531332888495,0.18092896750795162,0.385422797520137
0.08539909670338948,0.5667055208222952,0.5477267693437992,0.27461322081575246,0.14412558521317786,0.28337755999808806
0.6640591823532447,0.2447404649719815,0.4164303862724159,0.3439366385183909,0.3231361375336168,0.21873007175625025
0.3421689566409254,0.09761158425579108,0.2796617854721487,0.26488048859427255,0.6108138627857925,0.27349943333213206
0.2372275896876671,0.27750951767230586,0.36438383376013195,0.34157805156071896,0.5093221170227046,0.2212783661016672
0.14534651902599244,0.20218698614219663,0.30030974349571404,0.3647578937093081,0.22691900258916453,0.32932104912733956
0.4542841012618969,0.28262426607451674,0.2506985800930656,0.26094499317178516,0.31612867517396015,0.39393965008772225
0.3417034821337585,0.3703810949351675,0.21076366569982982,0.2546011187652852,0.31797599041318336,0.30806952830485435
0.1733319940007593,0.23948226257671962,0.20905509509837158,0.3774861797932228,0.25533682779300204,0.4237148785822444
0.22625267938623486,0.20552491053343686,0.32672827172827174,0.4302462787971626,0.16875429078468532,0.2059820267149029
0.24954944069596627,0.40779964417112535,0.18105894105894105,0.44708041638110135,0.3862163632050637,0.15697437689849128
0.19108929150582832,0.5587708958492263,0.29623780068486766,0.48140367270213114,0.30764335481360033,0.21283265677582303
0.4826597985263144,0.24381555640173577,0.3125654735923178,0.3777706900501781,0.2302355403109069,0.11286797905433481
0.28547752180552843,0.33636353883660497,0.41004326330940427,0.2271213394008275,0.15648955252061175,0.22736040712079658
0.26190037506974373,0.3330706219142001,0.36947063140565184,0.47216166485283695,0.3466864116223982,0.23836035105341075
0.12494230071856358,0.27491478828001986,0.3373921144649508,0.24106720755158562,0.6998772099302832,0.23524801467772585
0.18887884809560476,0.32743391074272693,0.2808991504946382,0.29464966881826066,0.20197862470723452,0.19795365970914147
0.28296445474488546,0.33036031862795867,0.2622216949914464,0.7096937463519366,0.18067004760061176,0.3161109942191997
0.3736766332797118,0.4209583103547288,0.7016605496040058,0.4029932387596621,0.22449711981212694,0.2665658622521941
0.4734059913792013,0.1927081059565234,0.2503190341940582,0.3549189958603031,0.49009426098858516,0.21260078222434217
0.21900979297719092,0.06844110274014926,0.37392720868301993,0.6272143185894405,0.4461050663961697,0.3753696551288662
0.3476413047438909,0.480333132068461,0.3575849057736752,0.24986857298785628,0.13678025627039495,0.32706239558256095
0.22455247948279028,0.7610206338435245,0.717516579969434,0.31543006224873227,0.2630263796170105,0.1820370377260905
0.36815306582065294,0.4405092692930286,0.43735832065885993,0.22126540715943926,0.4125465966578824,0.3853654792705562
0.25410330597796016,0.2556203396422789,0.29710414288799086,0.27870714654875384,0.23553807437228005,0.47064744797293073
0.2985773739450514,0.2140046746972356,0.5288891630934386,0.44113129147968216,0.4880691408055957,0.3275942640713033
0.15833176889609568,0.18465511214888825,0.33743549582558346,0.38553324717487814,0.22228609646144654,0.27653128624620993
0.1891076550376524,0.5014039845893344,0.592199067014168,0.23970916919603572,0.3560102926537194,0.3142979059554637
0.19529864877178177,0.16794798216815532,0.042739197356843554,0.27801148052488,0.39310476817234047,0.33346124501032043
0.26712502523049364,0.21996250545458013,0.34374647731933294,0.290705850633594,0.20176706394314012,0.311416714713817
0.12455315830631969,0.34250991479589327,0.24659464627888242,0.4027867349689943,0.22342568760359532,0.21871893844012988
0.14201486586201154,0.2033293424996241,0.22695096714906082,0.2504028883561024,0.3522344916084152,0.14974467397786762
0.048536004975944645,0.517318686870563,0.3401318251979339,0.44710128726856374,0.32527118943209743,0.22369175088025336
0.053111840108229884,0.30979401577661836,0.5622718851135903,0.4105478388935964,0.1054888281991366,0.46763962117580943
0.6134699824523792,0.22932792223731363,0.295640868645584,0.6491360090488855,0.23148848454393256,0.320471409102952
0.2981891330865202,0.10435865441062483,0.3350762974449163,0.36837812518934065,0.4767514748054524,0.20307360314921222
0.13639681218662947,0.27110363929739384,0.3293427839560395,0.42678412295659235,0.08384638446328097,0.2549411608011334
0.41050958773107943,0.1732630314724645,0.32708855431647804,0.1825901149096835,0.6825182065659973,0.17249687422996543
0.42419459021964423,0.38857850705991287,0.21034732005034254,0.5454602201513561,0.15226683209745986,0.19122411542989606
0.16404040742634043,0.39592195564630484,0.16391947485297,0.3993345923374279,0.19341585248542587,0.2834521693492967
0.2620923996609024,0.5762847522895571,0.1444926190013583,0.17628352187326954,0.15577991730029805,0.21504962750451156
0.30765044767064714,0.26696401201451675,0.131906652890167,0.3771613739803378,0.262936687580071,0.28953261150564946
0.25305713152277265,0.13940040297366776,0.4580066201351935,0.4391608477032336,0.2827346682768369,0.18809174625585556
0.330887392124343,0.0955797957340374,0.20179470872210192,0.32540165691749817,0.765844419251565,0.1079588532062862
0.07181663899755555,0.11203015354686306,0.18986175481868994,0.6609724853803011,0.19654724657034384,0.08859339584206734
0.36707012843019493,0.17998248610127868,0.20085373858731326,0.36837145172980185,0.16294748569520895,0.3061990118349994
0.25997716003302407,0.1027817573620445,0.21439182065920076,0.35329097957933636,0.18816341516448815,0.4200470773221036
0.17564389810182732,0.14518385074518697,0.14549201360571282,0.48605739803813247,0.13388608276270156,0.44603563048229045
0.1568822995137087,0.14894083104705003,0.2782451293980809,0.3066532378991143,0.14174886022164634,0.1866987904130403
0.16495333766570608,0.2517268552328115,0.3686165257144508,0.4357271205766899,0.209441569337917,0.5817112574982519
0.1512451105281443,0.4788138910636394,0.22503877192104768,0.4852360174901577,0.18222020923515564,0.5442916171131263
0.1223260439088211,0.37356866796796584,0.7809958265206083,0.14652412603514622,0.4726193538479258,0.23119154146498455
0.20516910897801796,0.1906091943013746,0.31773028783689855,0.15580239477738428,0.4167782864764628,0.241490508840105
0.5927406141504309,0.3430971232702086,0.20294861454831783,0.3377582673101112,0.10075687483596626,0.300677691327867
0.2217293781857669,0.18492012088420068,0.3865163270596433,0.33512014277704055,0.12558658300942263,0.29758453843299393
0.31281981292365624,0.3841550091916282,0.3497702751113889,0.1391418186462596,0.1240363083433755,0.3920098228060084
0.25137038221158803,0.1936338532726323,0.5002512953064191,0.11489942665671343,0.2050345912496964,0.3094937700745122
0.18615958314397593,0.2231221310652588,0.2624815881460637,0.30220054789465456,0.13638781546591686,0.2369766526804103
0.6025811087697492,0.2944169416941694,0.1774520003510568,0.3639726414785993,0.1322268774350643,0.5051737916432603
0.2302975686292711,0.3291759620343383,0.21810604221265714,0.39729786849545,0.49584891529816366,0.29899844268908193
0.352237003149558,0.11579295039315785,0.09179382332234251,0.62637706549475,0.30168411653535904,0.2510197087979138
0.3259487550042516,0.13247223079367143,0.06069310653868896,0.15428480280735335,0.2822685384722941,0.32081352219262654
0.32719041304896107,0.33980357105964,0.13626079618570258,0.8437757702626563,0.21261828271609362,0.3913951191987587
0.2916161058239028,0.4242776449706981,0.13125959552462088,0.22400612244066082,0.4361423061350609,0.2871236822358835
0.15368777484732862,0.29066222825987986,0.18851296953283214,0.5114635181327742,0.47881830671504205,0.24967784763169196
0.5148043708142404,0.33424143910420484,0.3086706154274259,0.3179333784684858,0.17402307462937616,0.2577844750563416
0.3026106517190208,0.5289046688172191,0.40115672731994745,0.2531973313819723,0.4547444894929573,0.14811745700558604
0.27042473829864033,0.3690186536901865,0.7450744767476709,0.47141892708879124,0.3935731879316888,0.1570216358986347
0.2525855499635575,0.5653763842180286,0.32979014777040155,0.17188297152376492,0.27967770712888446,0.1332408140764182
0.3379600072628873,0.33552999476160905,0.29464007274374576,0.5371111795503541,0.6190003405834914,0.21774816822824677
0.4285352396459928,0.445529381825424,0.36668625897625917,0.2706687327733181,0.18291218725869277,0.3815214439722699
0.31817704389457485,0.25552887151582643,0.4218230194436699,0.6028316482567554,0.15842550536543581,0.21260388936725255
0.3778011174039225,0.20136154761394892,0.2600940792372933,0.7612182594979098,0.3260750138786085,0.5594835701111482
0.6637011632111074,0.46061626538273087,0.16937043975946087,0.5407233607068868,0.2814867388868136,0.3547791535057924
0.3994087369442647,0.15884144375798812,0.14200916989030574,0.33066503816793896,0.41712571780608776,0.37825180171153316
0.5841639166280627,0.10935514823284902,0.1404079641895789,0.7500358714717845,0.4842282281852031,0.1958909854238686
0.31434853754904063,0.14510105106919108,0.1552725713486581,0.2688908117902244,0.300621550079345,0.15357991982036553
0.23237923600224902,0.15826030567503738,0.15794909285828046,0.3546088985277761,0.6644468472660268,0.18681548126359898
0.19854390113447623,0.5681506251817389,0.46131939849898373,0.5522725879014588,0.5925415109444545,0.10716668151037811
0.33784272773512,0.3367936847103514,0.39111398279933063,0.5419804569439362,0.16922850873997866,0.4307573398023332
0.30691796766737733,0.30360185512963733,0.21928316930972866,0.810721149573409,0.1620514897813057,0.2827974000938574
0.27823736587763126,0.1972364065302756,0.36720913485463824,0.3333745036779966,0.155298965699229,0.35764211855444616
0.39565845308678027,0.22265064622056863,0.22821092603780097,0.4027138281149246,0.49267941741479737,0.10511607125294006
0.182303275755307,0.20777863156205933,0.5102526924449204,0.5521008560293398,0.3217687682324225,0.11252584122737751
0.2051569849030195,0.20233392922343033,0.5438472038081633,0.30225271136882537,0.6309232110968063,0.1667177168485271
0.2822651173630097,0.17322184838893973,0.2956556765587796,0.17452738472325055,0.6184959697037437,0.3464327025729433
0.19018312154449235,0.21318502933734773,0.2969777131619677,0.1042579195445346,0.2630412714245603,0.4382167680762827
0.5646216498568369,0.4615233150041569,0.31830795253953303,0.3958189498130905,0.14245111302664315,0.2120821785309053
0.3802775928916857,0.4747576294144155,0.7247848561927148,0.7120900082349314,0.49831778168639196,0.26609188196106437
0.4531434561848645,0.3227382659574119,0.45892369534390415,0.1797069889444294,0.19043069457082196,0.22120544478862178
0.4192106664891138,0.0944694995439564,0.45312081277487903,0.20244588430889449,0.33389192362078013,0.19994401058708902
0.24329078999933418,0.07732147863022756,0.15290646095103386,0.5757607075320822,0.19603606085333972,0.7094573445020819
0.4063482296750863,0.19989698849188406,0.20463679413797556,0.32070431388657955,0.437247678708115,0.36191719990083815
0.5864406368608049,0.0970763615189462,0.23540152767784386,0.36291815500714303,0.1301554087169309,0.24133209241644196
0.32081876766613576,0.15557445640251988,0.2868174620123254,,0.15711721383224395,0.32821907821196683
0.4126097581996369,0.35714606786018016,0.29680557540729885,,0.14352674047052627,0.21787204883822342
0.30493798230111535,0.2307928263225701,0.07163373793151596,,0.23904073323986666,0.301403609988014
0.29032485299264377,0.20023897281957437,0.1335734922427199,,0.31704445604895576,0.4335864182554555
0.27059193173089074,0.310521093697777,0.2554531019103341,,0.3325389459188492,0.5062158139931972
0.24648037721545313,0.3664475666244053,0.08625347964322651,,0.1763934507160676,0.3418593884425261
0.3921295375891014,0.18652351172469986,0.4153156860860394,,0.16183605808763746,0.5937941258753583
0.27007738842918266,0.4923637173852026,0.4246647583008018,,0.09672967773487218,0.6200235674169259
0.173726030487252,0.1523420449117362,0.34136252379221965,,0.16917011730350723,0.32793735746582475
0.7054078677083601,0.49247631786128493,0.23039388338008035,,0.23419700947380437,0.24453626149131769
0.5899176729869041,0.27335549789166397,0.31462637390067144,,0.22283673342067503,0.5089250780520134
0.25559348658835707,0.27166574797392096,0.3691330505021451,,0.24514213820783162,0.2862333016600526
0.4383963390550731,0.3598838096269211,0.27663175528343287,,0.5678584022726426,0.18551365246157342
0.39644556561075245,0.18854077760558385,0.77748198775878,,0.2772139514118728,0.4504303961205458
0.48808472542798165,0.14239340751093604,0.2860479671388033,,0.13311594560141984,0.25417357769126936
0.14187398537553247,0.1328103388815276,0.2698182590621248,,0.17949855712310045,0.28839958483292216
0.4735907068329199,0.20041358025652567,0.5824567696738867,,0.32748677982964275,0.21569578120157426
0.5560173956678097,0.09419939521015984,0.2589491444328326,,0.2356214651589484,0.3991333773440925
0.1124340080142149,0.2292348963914336,0.435575693366454,,0.15834043859907027,0.23677920422344928
0.14481273746558934,0.6560071063735287,0.3707072544414896,,0.5991564259883568,0.2688856139253473
0.11391218696419908,0.2805168797344668,0.2852532039515583,,0.17326134571353713,0.38363610543939647
0.06611277352886412,0.1928312037344296,0.24940566100548708,,0.6805991892576642,0.30579233678791085
0.20073636227583655,0.574529597780252,0.23045125198115796,,0.18306493052641745,0.3020630323783157
0.20156612026778511,0.181563001885031,0.22963285952934823,,0.37361080788409645,0.38615976544892056
0.29120195990729847,0.3405506334122068,0.30783249477403857,,0.21942072515597108,0.34354359891578934
0.7527988391424261,0.44830141339800955,0.1832035173352861,,0.2972645092990774,0.33186741361896693
0.33534260220278217,0.44047414458623946,0.341508052418892,,0.4400880478512309,0.5300833783514828
0.37331515909903473,0.0668356127621802,0.20735540813986703,,0.13931746498476552,0.31025707137263886
0.18652127279227745,0.294768531491903,0.6263812807648897,,0.6684240445304754,0.285355224434594
0.5236993835836257,0.5103114864451379,0.32534697941106633,,0.1675219838100013,0.2815132807385938
0.31090759281177527,0.46559803988421766,0.3681968017954832,,0.16254405769244093,0.22197113125717216
0.26234606294315216,0.17535001147578608,0.4664357761274814,,0.12065418447093065,0.13505460808605285
0.15151737276706764,0.41966087530448565,0.3943751278866698,,0.08070398360277818,0.34571059632225865
0.16987051751990617,0.3129759741192488,0.6549418191369135,,0.3077754648754788,0.3749922515567327
0.08346699795812935,0.11652540325591543,0.4973656355604232,,0.18928140690667258,0.2930012388308882
0.16580734230202895,0.7232673941402894,0.2051079961280968,,0.28925455587977394,0.35732094733730135
0.2111271868703456,0.5164963816114841,0.2773123974080068,,0.42538910730087126,0.4046843946361528
0.3158036943116157,0.12863894665563508,0.5078248446936081,,0.569947383550173,0.48391683200125774
0.33160189740211315,0.27885275883357147,0.7651572765791987,,0.11352479297053224,0.3557187286835868
0.41023204036945826,0.40555675431295796,0.4253561461389269,,0.4174706275671028,0.20228917100422686
0.13876478014977603,0.4420418174799766,0.09736519975995941,,0.24702985410775502,0.4641093036300986
0.33312833766678607,0.22962397503206675,0.24864619950125263,,0.41779434949075345,0.3110319547704351
0.4626385090811374,0.177011877042177,0.4821077634630225,,0.13968505704354092,0.17332339276962055
0.3777062077278958,0.12081291515320301,0.5787614045769038,,0.8340115499890348,0.21405209131512276
0.17587501222071322,0.647748941533887,0.2738945881616954,,0.5690439051832152,0.389591926775122
0.33262618014013384,0.3471673500476942,0.21830919024263779,,0.24280923393545667,0.6750941363675115
0.6901550162328025,0.14179875419500268,0.5530398645271406,,0.40754244941689904,0.227261057678016
0.304295204875533,0.15188415786382303,0.3978211336992082,,0.29437018172707097,0.1689398627704797
0.2634989380521158,0.4393220281151904,0.18377940472484175,,0.45790531590696476,0.2601670026938149
0.2253187742421062,0.3926999454073973,0.5005624531539686,,0.23763617764494582,0.24080802305598123
0.39865527464806166,0.21420388471232119,0.3481565131431543,,0.36819673392805735,0.2726756483940702
0.24586605872280748,0.13741974953321312,0.40199670721004954,,0.5150063170482492,0.44274476813265917
0.14744656875278164,0.1251142295122593,0.3343567396256314,,0.26166198683005876,0.30467191154582185
0.4899763062873699,0.6629960806335163,0.3566572595720418,,0.19965840014201341,0.22427982139060174
0.3209769297501135,0.2873114125583505,0.45845519417918823,,0.3719336190650371,0.5733327984261843
0.4024036500091907,0.45434240287567845,0.27268218544279876,,0.35287378851650053,0.28679515115835325
0.3470990765883234,0.44354176098730647,0.32111201184830945,,0.31798782314187485,0.24958960521652537
0.3419073202517629,0.39224282043548503,0.6539439744258544,,0.2747241831450406,0.42358286060927586
0.18083328499753487,0.31013073276395015,0.4094314708911182,,0.3350533224225839,0.5501056775115303
0.5019249857129967,0.13487761251306468,0.2906741803547634,,0.4311500845871248,0.6462574775879497
0.21862199324053602,0.09972728298641273,0.340557237128581,,0.33875099495656946,0.3466097083952179
0.5590777464054013,0.45015512121169465,0.4231844254744212,,0.5789494842293994,0.2647876724107455
0.2990614444776127,0.21562374882261706,0.48870547277210685,,0.7069078428969164,0.2797669372829043
0.18388028696619518,0.30244505987924375,0.2802029230144461,,0.21482490543314414,0.22547958708650717
0.27879750295031974,0.48275907944947904,0.16634490552941594,,0.18270012523917542,0.3962728923720204
0.1409646182143407,0.17850622054265214,0.18930270627062706,,0.08704171729683449,0.22254222707516538
0.39691052906589147,0.2788021191894399,0.2571620428934822,,0.1510608062186105,0.3892501940491591
0.34280086249975167,0.3980069030020609,0.27052418316125126,,0.1751779288755248,0.32981353918544837
0.1971038987444721,0.27133833377689187,0.4424648214868345,,0.5005875037719114,0.3445137630580569
0.22875199260960283,0.42555422435614493,0.3924674033753528,,0.30195246020202127,0.44340885033519967
0.4674623157836012,0.07022144081509471,0.3787853640135798,,0.3476845860710532,0.2623964799245698
0.1867330016583748,0.16886051780396408,0.5155453612881661,,0.32945803202621327,0.19001094530550217
0.254789903297366,0.15071095316671437,0.16640315337571507,,0.14850031574077513,0.22305473282491792
0.41823550273184695,0.2133347615218886,0.1808350809388393,,0.23053232194401557,0.19672849460638497
0.26668258494037667,0.40443721069824895,0.3022221525950063,,0.3381198946628934,0.8053981670473164
0.24541998492445843,0.2526070521638398,0.37304344289839064,,0.30702571748043234,0.14359384072188863
0.22232848965971008,0.42095731013068854,0.21799363276781655,,0.41486600116426986,0.23955218524986246
0.17978128211854458,0.3902993867981243,0.3651912667623973,,0.1787798646957903,0.32918308719401174
0.13247698215767814,0.20505993647147416,0.6196642836649753,,0.4336667781006507,0.3144976079116471
0.10685384767559043,0.6394065669339737,0.26695717183869844,,0.16118282135579787,0.3200387336745253
0.10277949331142808,0.2241620929842851,0.2741272569112936,,0.2958099076064055,0.23785926030603313
0.21478724855863207,0.3413586501229085,0.3864152869405082,,0.3073082907674886,0.28489940157190974
0.23059569008708444,0.45487574126092384,0.30416624996120323,,0.3136090937013882,0.20248547865759586
0.22361469641783654,0.13340795943113035,0.4064888740595979,,0.14170819803591436,0.15836376399585805
0.33287685832584274,0.30737774831725734,0.3209241518508146,,0.17066934081332275,0.4954493679019184
0.2149884988192749,0.28348927371693755,0.2842508876978599,,0.4724883528704539,0.3776608931222241
0.12317799872392224,0.19260962591275615,0.23526682156701156,,0.4295995562079342,0.3399232782661247
0.21349400501343968,0.24388179391373743,0.19269116457589353,,0.25003767318130793,0.3451750148136681
0.35443119895416714,0.19449409851511026,0.40666236750303875,,0.4623660930909634,0.40895701951399727
0.20288455768842628,0.44284023996454347,0.3604400988565212,,0.3709258004610968,0.18257714373447934
0.16805664512957605,0.28017641540762434,0.2609050560228437,,0.23968338411439447,0.509705981779885
0.3943380618643413,0.5428425077775321,0.12316266888374057,,0.18846903917574656,0.21065716592766784
0.4523543400460287,0.3147236989758354,0.3946336705616861,,0.12980896975983067,0.22439900270572735
0.5144902591965466,0.1670793226718131,0.2560967726591381,,0.11040424899446741,0.4519345470285942
0.3730561253270717,0.1226622592617696,0.44087905177399345,,0.5862833185354741,0.31012271173814787
0.4440765826056067,0.15891237005516953,0.41415967740530746,,0.5870574555822726,0.7793361727125863
0.5750678797694468,0.1284283183962725,0.20737823774241257,,0.24471434266746403,0.2017985984487341
0.6387907366045765,0.21289288911926862,0.3233082422819714,,0.40864467580176295,0.35558548791572214
0.4561040937162327,0.2129423684086518,0.43133977520119837,,0.31149789962052377,0.358154342006669
0.3084971708997862,0.35283418720696685,0.443719349555718,,0.25579053853587164,0.37055898216779143
0.21163914992654415,0.5238558592964415,0.6906574024435372,,0.39347733176523364,0.4689409628916315
0.1846591252505276,0.1298387360762665,0.31287752431994054,,0.22301791629688858,0.4468740631031543
0.12202894124978432,0.14626141827982347,0.14886598167160361,,0.4290101424631584,0.5734468634260017
0.17533906895015763,0.32655722328781744,0.27077876593981104,,0.441477076070057,0.5584548850518902
0.17555418380863194,0.24955570047876172,0.17799412286176225,,0.28738159758323983,0.33191226264234985
0.3005115045994575,0.37015526059243875,0.2604432514447107,,0.30477825595289026,0.1253941124296748
0.3098457133768093,0.13529524785448957,0.27545177831464085,,0.2666870602630774,0.3107261609733621
0.28743638690101575,0.1390306775970283,0.33042255295031386,,0.3334095696659645,0.2568774206403567
0.49858844105837163,0.4799471257367228,0.2985665817649643,,0.33489487102516075,0.09460650434386098
0.12441733644436558,0.348488085763275,0.5769724137082731,,0.13108883430083842,0.1098782722651015
0.17234040801233033,0.18173858969570025,0.5354697495354308,,0.25520056250107187,0.1343885880368277
0.14215007062701968,0.23316052645049007,0.46602606204776387,,0.6131444692480232,0.0704032141409942
0.4399006062078962,0.1485173730106434,0.6503911262134203,,0.23032015643744116,0.15704429694018604
0.29934708581294606,0.6573081826044646,0.33768656231564664,,0.14308855410295987,0.416294997669674
0.21704200994699277,0.3842718514486058,0.6199373795248085,,0.19155602403826025,0.2829382561070277
0.1602118977170826,0.12552078582729984,0.2899737541083096,,0.32320911688497295,0.20027498077010694
0.18438006232322332,0.5192846056773183,0.6550541218471222,,0.7023206717141679,0.4853365811763313
0.35726499616893115,0.11396097145868689,0.3274912050974994,,0.2278109456701951,0.5237694988999037
0.36425570191326684,0.34016429868880327,0.1975597284799621,,0.20976975991582705,0.32707499091944264
0.41051477670459585,0.46576662043386113,0.33301623119506923,,0.22370640680337134,0.16351262963781257
0.18874695172030376,0.12958988351802705,0.35163007412636776,,0.1324973454856558,0.2871675792264497
0.3287013905038648,0.16780578754383418,0.27856547829156364,,0.1416277943613302,0.5298464530544226
0.2801648497986705,0.08983592325970018,0.35664491531637216,,0.22992782201056625,0.7026892108012165
0.4765310708756666,0.10079455031208374,0.47325931258850745,,0.15697603732644475,0.5397944497055339
0.2126831139810814,0.4198376894990736,0.20782294790248146,,0.20005791844794987,0.40661760266206887
0.1710815309777718,0.12420447493770166,0.23673974507008033,,0.4755669732880307,0.20436319307893733
0.25813809857125214,0.3813523825785813,0.25152055695048514,,0.236197882714157,0.09541458601103953
0.1643345371595453,0.28845608403701284,0.22134204573066787,,0.5021561686532191,0.5986474929060291
0.3320912010754163,0.7446767791770832,0.6405649266508376,,0.30499644424517663,0.22235010189260684
0.5457940126413343,0.2582483767976959,0.458875963517199,,0.1649616703916141,0.15664400545636292
0.23027334894967505,0.3672122194661336,0.44101414135751427,,0.18075035638055512,0.18392250639244945
0.32857731790860184,0.20818088010951624,0.5915787369522597,,0.1557158151014806,0.4215378288141807
0.6725050960044475,0.254064723938454,0.33869119655157387,,0.34414853910611587,0.3336534832623098
0.4664104887779961,0.1581914263238289,0.5686417724215588,,0.12079021931027184,0.20307991756916394
0.47333229371403013,0.28816421693893146,0.31157882890076183,,0.6423622062130846,0.6709801717132416
0.3202546020173488,0.5234148411586748,0.5674718145026988,,0.281884114836093,0.4152514230829654
0.21047100356978835,0.36062263082081664,0.43488548361365237,,0.4882151835628201,0.341658443155232
0.33790906707748436,0.238537872600484,0.39186673710603503,,0.6120121968243102,0.09885458710592342
0.4220797027373477,0.08566616214149124,0.13258092931370793,,0.28603916591939227,0.1400452710810516
0.2525897140476609,0.18468138882380356,0.49661970937981537,,0.602533084621525,0.435026
0.4750155531264568,0.1260740696921553,0.2771686610943486,,0.33116848358396617,0.272366875648663
0.25025894846006486,0.24627135809197656,0.293829156720788,,0.15426854920990546,0.442550042661794
0.49320802648575646,0.343721723518851,0.23271583541441818,,0.07126789866723693,0.18123158244432072
0.29853418262383286,0.12608258527827645,0.4666010270666821,,0.31485339818736846,0.5032552575813967
0.7055904237823037,0.3507776552044475,0.14524423304744452,,0.13609003022978494,0.3743053119684028
0.3290220396670464,0.23250197621875365,0.11114167690867383,,0.4795505777385438,0.2615243708144812
0.1494233062645292,0.3101389622586136,0.14130198465695562,,0.6648223004370123,0.1420441050335375
0.22002141409156886,0.2501305981099959,0.07321223361537675,,0.3087725359231251,0.48178723940513785
0.4184406461428895,0.3405367036965571,0.15507711454927034,,0.37856496834488995,0.359895336458795
0.46844227276714495,0.11747490266320458,0.13346017265278723,,0.26399660837883476,0.437392381091121
0.3021508485460844,0.3054553833793847,0.5509297535336316,,0.4387488837815285,0.4388385012248855
0.17348871511138686,0.30741873612516846,0.19583089632440928,,0.30193893140045897,0.6976327615014996
0.3584232137968793,0.20165727099088765,0.45821764190831155,,0.13622888388190174,0.2933107754847881
0.4151091881861613,0.18272479124344854,0.3940909648397473,,0.4082698176051175,0.45128333470318416
0.10099714586132161,0.20395473140243342,0.13131499301567592,,0.4701549118137222,0.4529787213435481
0.2556854902025603,0.4406661195512606,0.14124049355890111,,0.22795129278824483,0.2961148423799191
0.22750896741573146,0.45330271431669,0.5168757709236602,,0.23103055817573867,0.29932371919549333
0.36927684898130625,0.3847133939109537,0.2985368247796154,,0.15671811980655018,0.3233358441261359
0.24420743023451044,0.29393853745996684,0.3737748400054271,,0.3747010692166407,0.3693304178097756
0.5058833898339725,0.3365735668881032,0.4790014400147889,,0.2460357297793915,0.16867044509675924
0.18137924602163305,0.2445206805325533,0.3492241430805997,,0.3344208963589677,0.3396044902656215
0.33827025397507365,0.3120564314598573,0.16600759233635531,,0.3655192852806632,0.16015671789689634
0.254058628217081,0.19149310539621978,0.2869726656956333,,0.13873288018718663,0.1991394599083707
0.3752589604684848,0.09146247572454583,0.3148450438094127,,0.17764863672502587,0.16446377404978707
0.46267180845071704,0.6115199362255151,0.3603452799453359,,0.27359365807298347,0.2721902030389942
0.47508945124759405,0.20022423437366707,0.3392358093140352,,0.17817991880149103,0.29843636198419704
0.2208962869122956,0.46283094080106885,0.26254085094036994,,0.27520000484768425,0.6141886901223225
0.37231469688968566,0.23138006414633167,0.17802744015371452,,0.13322119944322455,0.2531147865228758
0.4367561784479594,0.12507914275257903,0.35558118274762834,,0.25156568346563024,0.37556740649976333
0.21522266867570738,0.2233754847793023,0.3072104024663368,,0.2856142250980594,0.3604911025091203
0.5454805642708309,0.18729254106471582,0.15814326432697007,,0.2531031832384367,0.3438692249853798
0.229464633139408,0.19224384131487052,0.1894050932642673,,0.38879305854103946,0.25951614463158185
0.5829019688053956,0.18055844560611856,0.1531783312464701,,0.6088157032612862,0.35640082100974374
0.45957829314020077,0.3163490531132649,0.2301130720560173,,0.12446850552096271,0.21158242295439197
0.3298287406382876,0.2306746615665593,0.2647953434383658,,0.5739842517563989,0.3274593298733567
0.1261084807004699,0.25910830940079294,0.20020616539153502,,0.43019728464847157,0.26659933406207026
0.41734908787011105,0.2155003122384173,0.2359159876029495,,0.5228594980368337,0.3519899599620167
0.20264933518555267,0.24451021185717195,0.34102667723329333,,0.40439083924815244,0.48646036640971724
0.43643363879592423,0.14270230666165953,0.12680971587017986,,0.139540523753676,0.39648636133245896
0.2310294460581662,0.35562436740771897,0.15460319431122804,,0.35260015232292463,0.5122305847429826
0.30934724730940016,0.5782872356757893,0.12827754280051365,,0.21305594082293114,0.4004206149364164
0.32907736771653284,0.47923225095217437,0.1506189456227469,,0.25435993552498404,0.2147417900714988
0.1500098524516916,0.15342566298143737,0.2718459938671693,,0.41979463995375227,0.15274949512613684
0.2899268949976279,0.2808568556905855,0.2920189585987378,,0.18814447489612052,0.19228820317578038
0.23780817741874025,0.27293055873907957,0.7991798313404287,,0.45119235535784796,0.48944640068234607
0.30923651401061597,0.2716296396095318,0.14070720328234088,,0.16964863832192023,0.5771637142263131
0.464444267178828,0.6218743568988462,0.23466710600328677,,0.5647981447967346,0.16499927037135276
0.22011985860253766,0.2948674037181985,0.610791883334394,,0.25993041700331426,0.14153022073483684
0.27349463560613047,0.36246382321837795,0.41630501390361313,,0.38248248034630555,0.30030855117536637
0.28402566832537096,0.525331424179248,0.3985718732188838,,0.19615279601627814,0.27986357660123545
0.24779649958890937,0.7999978509355146,0.20127378046891686,,0.36591276508570725,0.16332397921738812
0.33815816125619147,0.40489106757328047,0.23930408712808254,,0.5137003544286801,0.2493430338674325
0.4958568471781198,0.3516863178172917,0.25461059161391747,,0.36508750358422065,0.21635196910230836
0.17850534564958015,0.47612749585293757,0.316640683390137,,0.3701136482980303,0.4523757050203748
0.22080806320139035,0.22247085100033834,0.2760093571696824,,0.52488859239493,0.2739462026617256
0.38887442011882484,0.26924645530322794,0.29894692450197646,,0.4082949586836081,0.25411052896183844
0.35476824976368365,0.12759085897334865,0.557994477582094,,0.7775747593403574,0.5042830040243426
0.34717629662340255,0.16051892279268887,0.30733226942161657,,0.5737631180858543,0.6130701779855404
0.33826664810568036,0.12873224305677888,0.1846248891141807,,0.16923241372795658,0.21297309411128837
0.2720597932403818,0.23911489688601098,0.38274977933999876,,0.11011797928774915,0.24768094352971162
0.08872991417643938,0.47559565923608144,0.11017437142469659,,0.18033131646589143,0.3275284759424083
0.13679055578358834,0.28808136213004226,0.194041893671841,,0.2996007696246836,0.30434603056225956
0.43333763508052187,0.3984684718885412,0.16243303917721458,,0.17587358999810512,0.42432011730679464
0.42096899177876523,0.575343010222738,0.22234684159262472,,0.1783148605780701,0.21452766187278077
0.40279466571113526,0.2733566298874611,0.25532821490096436,,0.4300222289030401,0.7784013097108843
0.3621010926748188,0.23313871963446983,0.21337779923062297,,0.603222890542699,0.14079231738852752
0.28795248964409503,0.3193929409148636,0.4128361606931116,,0.26805958344318487,0.2496628747062194
0.17997633100249236,0.21567300826244704,0.37098997998475614,,0.4381889054987023,0.2371385923636305
0.3381177281449635,0.11499035336796094,0.5603584378244549,,0.2763578297214972,0.35428617730762685
0.25367263766467635,0.4230969457624982,0.19407327998774843,,0.5144537958502048,0.3852970698981186
0.49171917454093,0.1467038465403522,0.5694128645450873,,0.14072842574822925,0.3000960770468462
0.3139188080167664,0.4402938686304444,0.40644972747143293,,0.14974204563551585,0.3520015819394719
0.5319622497408761,0.17223724771950538,0.24855435354010458,,0.37028977222201054,0.9968643449370004
0.11803059867167838,0.2696453079821595,0.32204344394382867,,0.22479734689079794,0.3213346107187666
0.14097737903164237,0.4451107547569154,0.48485590118622435,,0.205165523219192,0.2918413740843648
0.09308246003348992,0.7319445498361714,0.3100211227276804,,0.25017508818282513,0.5629731262206604
0.23393841203920268,0.46733876310778666,0.28353135459916523,,0.43443976591732075,0.4176269208659019
0.3735908961343654,0.2913187102146355,0.21521158127491158,,0.2680400097986918,0.22165294057802787
0.29035805906987966,0.3701035866767745,0.8393090996629754,,0.19918822838108746,0.4031808595370286
0.31821556227660164,0.4457629633057366,0.46193784975755553,,0.1239773230717919,0.2858559798507754
0.39705916048024925,0.45523699727850014,0.1997776986606483,,0.5751627308617899,0.1821822612735252
0.2612051359900768,0.5467828249557746,0.4088053258694945,,0.5487242583165438,0.1784810608584729
0.14653154590913928,0.3641075110384274,0.06943821636591206,,0.3316718171309948,0.4567317777791098
0.30894714830437636,0.15644230419828453,0.2730433739304185,,0.404773248647393,0.3242767713374002
0.6494104101254151,0.26205599302855404,0.3481110007614382,,0.24665550277343756,0.6293025195958187
0.2107591950288105,0.17043625338157636,0.268206865223574,,0.2108169432647611,0.5531376023463277
0.4307310464503998,0.7548335701675064,0.25237377236236197,,0.20024372120109737,0.49756529809965455
0.2344983877895711,0.24706463564186934,0.3498440338669317,,0.2285571667079486,0.2942874819550423
0.5507093142809386,0.6045828614451612,0.21701838612003363,,0.2521961039761746,0.32472544768109113
0.31903580487425837,0.4166819997307364,0.1520331162509866,,0.2590973791506164,0.24134356209827906
0.37385946867878433,0.36706913112413736,0.23707650691362414,,0.2143443564269343,0.5176687998103873
0.31202191191575307,0.2777460582370767,0.4738702014016684,,0.11127963325616008,0.3398740052823234
0.18298775829710176,0.1282933619308716,0.2590007070812609,,0.3570300251940607,0.23875573242687864
0.29540738152965773,0.5562717670028767,0.34213978548221186,,0.5156777125124681,0.151590545061977
0.2671421228849119,0.30779684002006164,0.43082142402286405,,0.4773346383546338,0.7910413841426512
0.29277436253343053,0.06800158400602221,0.870147357582937,,0.38641623670467495,0.12244373265383354
0.3625429775911816,0.13756989566667885,0.3375256564392349,,0.2854911221773218,0.2772880280432903
0.26742876164526097,0.2592098375607614,0.6321137097120193,,0.35960070662417903,0.40053835475053984
0.17674544342517912,0.32734988598935894,0.6848531648942322,,0.30542991904548383,0.4611532483880083
0.20945363079853765,0.4125189916363047,0.3493473330519987,,0.4463534652439657,0.24243325114203162
0.2585277379523134,0.6282094277526811,0.43809160322960694,,0.3696479965288057,0.6566105247511635
0.4325335836217516,0.3651254422021474,0.28138756382519664,,0.41420921561156177,0.3275690427228874
0.5048560045886881,0.41629665335353255,0.24220284421987695,,0.3762579234409268,0.6191815231968665
0.28889846915140593,0.3335173545481296,0.532511580876638,,0.3977677325043369,0.313539492659218
0.14290666566553045,0.29192455416566665,0.4453523981311266,,0.4437582336350991,0.3638735852412548
0.43037594172334787,0.1937445264927368,0.10317325587830556,,0.3692778594516089,0.4392124088881495
0.28508777048099454,0.28627959825478533,0.24064038443959831,,0.4725179788923134,0.31992031690478695
0.2666139586718752,0.11336410644209265,0.3942289110689794,,0.26271587034240945,0.24647137370314343
0.2489593138066848,0.30565308010387754,0.3579967846813941,,0.39908376087528225,0.28082792466278894
0.3100228204136101,0.41137310683433737,0.4679485249396307,,0.2687930259580812,0.27928705580915186
0.573419769610768,0.2530544539772166,0.32590452765875777,,0.5032163415395094,0.29229368965409774
0.7569907712016174,0.640426664279177,0.18253074034515912,,0.4196788760906485,0.37453674601919734
0.5176701601646596,0.2765066539376543,0.35209652629414445,,0.43477100665825963,0.38679002679071767
0.27247185741605784,0.4023188297156278,0.23038923942812678,,0.36099979046307656,0.3977523820069761
0.11718494704009495,0.42031851318794783,0.2570806650766776,,0.22242562532827206,0.21783239128003976
0.2513151038726491,0.3078514570256338,0.45545870468568544,,0.19590941710420245,0.13954039449978117
0.19391478393595118,0.3514784522585189,0.18506830151415404,,0.6409495828389551,0.31804212640604385
0.18860235370198147,0.3485612634919109,0.3851229372092618,,,0.2769250372625716
0.21085825285843413,0.3015963741789448,0.6775063712205213,,,0.27373445576526173
0.3994261195443396,0.17497572959348778,0.5593375631459248,,,0.5554458785511391
0.1890150581946591,0.31481155681554035,0.5292112975775234,,,0.3117853158889396
0.1324593941001923,0.13884495654115941,0.3301001456123146,,,0.6434322869702435
0.20040390684317363,0.17245707670360022,0.3762783624546519,,,0.33779741634380267
0.5908395082386089,0.11017516395606942,0.3345919024419863,,,0.5368249165391958
0.2497227013906351,0.4086576608907224,0.4782851776677719,,,0.7143750075307557
0.4814695102481376,0.380332061167796,0.33437513599136615,,,0.21596851541696288
0.2308248471257184,0.3990446826525233,0.25119268881244544,,,0.34337100932790715
0.231958940903465,0.3011346390402096,0.3123435855652102,,,0.5167820873214953
0.20656660350053976,0.2682465262747814,0.3805525483665489,,,0.4285962506399022
0.591460797515386,0.29139623007349635,0.3016478760993696,,,0.28553433047815074
0.39257029319225545,0.631921035070693,0.15084474031473422,,,0.27512906164591566
0.22869552967693463,0.34968339066748044,0.06380233127573,,,0.5265496677172653
0.3526992979033609,0.10821578854470618,0.24895407473394526,,,0.35091981317179033
0.47205996668517486,0.20164511305231067,0.3787349739380346,,,0.37089708869329724
0.6358370791573352,0.4319938276618208,0.4530949405528474,,,0.20874321142744828
0.37506954758990385,0.3473962403523126,0.22998524740141582,,,0.19085513581418007
0.4093194002020045,0.32686056344956893,0.18042461827229178,,,0.35682781060754054
0.5576055602550442,0.30168027169770123,0.2842401240396947,,,0.5912804764741831
0.22658458074860546,0.3243430091929083,0.24089954018729365,,,0.31728255076527967
0.337336714047752,0.24324143240201765,0.22121089786254375,,,0.28605418586961384
0.36692586802427735,0.33217265970586024,0.24594748920724632,,,0.19251773505400563
0.1745267741383106,0.2397980642701659,0.36797874083332394,,,0.14638319306005734
0.7073774220235861,0.17598819932872994,0.2916314184764745,,,0.5411843137165369
0.248756638726198,0.21305167909806483,0.37257983632619524,,,0.33453129636405016
0.20691769476831595,0.3128608389186546,0.21921496969126525,,,0.5037214098877908
0.1510219505614277,0.34647462668323586,0.7597126995684873,,,0.46946136056194276
0.17099528355153615,0.42977927172021874,0.2379275090658392,,,0.3911904017696135
0.3796954234585681,0.6125522262710882,0.17577027332354028,,,0.29988098386670187
0.18762816949997124,0.5371778363279778,0.14420200405900463,,,0.3983838016327146
0.5365597475058134,0.4083820193620977,0.4224621978680685,,,0.388859054323352
0.2765181154265661,0.3724946447506333,0.3188919154759979,,,0.13980010363695447
0.19984469104187413,0.43923972171004955,0.1629959448973762,,,0.6819685154099644
0.34048325097328674,0.21706229318236075,0.607573046465722,,,0.3760365673789962
0.3546248589990112,0.12512528644885676,0.39648514814510527,,,0.20948174527423305
0.3012222239860694,0.49799780230554647,0.4327566097689704,,,0.3749920906734112
0.5518559728127177,0.16948131368777689,0.2122482258370605,,,0.5315793788928369
0.3632528464080772,0.189722553699284,0.23903181895923584,,,0.12614685235537518
0.09598258622180367,0.16533883934179125,0.5116622243324145,,,0.22642902682115412
0.27979050496892816,0.5351468343821961,0.1387902322033419,,,0.361558016746369
0.41054529489243374,0.17949153138441262,0.1547434211145886,,,0.2702009264644615
0.298455364169976,0.23630701999837922,0.252377777015562,,,0.44727901346346316
0.5487861394440382,0.29280582949249434,0.21306778631683654,,,0.4787381181980989
0.2335236790431276,0.2708913057928996,0.34569376055926504,,,0.26771575990534263
0.4934298695535897,0.27702306394955367,0.2677188907217217,,,0.33403524105086174
0.3117733316373272,0.46999993275412216,0.524892022234704,,,0.46986516509614645
0.23478967359963726,0.5109931242585832,0.24491158749049236,,,0.38462348327323453
0.18662512234532364,0.18932683651218604,0.48984917079973694,,,0.25075014079565705
0.22182895122404048,0.06554708270029297,0.21839320818228466,,,0.28809330366622654
0.307812601170142,0.5920250740031342,0.3625196388615375,,,0.3903707816108759
0.2258957086681484,0.5016706911466576,0.3947805361061631,,,0.48722522021441805
0.31418157244197087,0.20513732024661957,0.22024508441004875,,,0.5787205470580391
0.1735763050766051,0.07835599194116233,0.41787808981696967,,,0.3711636693832915
0.24930168515694834,0.28984482226108826,0.36467721740307496,,,0.2362451540717042
0.26731448763250876,0.3576811615441826,0.2655807605103157,,,0.2889157071810061
0.3468617148199911,0.15656977320978593,0.34691471064247653,,,0.28754041887585746
0.44229754230565427,0.1733242807865246,0.1386986945421118,,,0.49392984081829694
0.2259216222110084,0.15770229229838187,0.22815836707182954,,,0.2879957156981215
0.17449209201589835,0.536914495737718,0.22432053390076404,,,0.1890940970736517
0.12672662230400714,0.42468806518204577,0.7438456357631359,,,0.24046797388052765
0.34481777281041487,0.18619407206680166,0.8398077285692479,,,0.24633557248256374
0.23684405594804334,0.4422694486165007,0.3927468197282315,,,0.2411247752966442
0.3808121148299374,0.45690924922886195,0.5636288379232566,,,0.18234368769874412
0.3404095744724933,0.4111204648651665,0.10236755122004292,,,0.22232507705964097
0.2885330179712092,0.5062188668746221,0.6400779156912263,,,0.22797408609263878
0.24675853741252632,0.20658430489194698,0.5833398613961698,,,0.4901335613078637
0.3366699478359431,0.14642680941232794,0.3139505101316004,,,0.20695950107039168
0.29323212772008495,0.08736499086815584,0.3420936950514946,,,0.22161458078769097
0.39196235365706,0.09676334378703243,0.18373889119468062,,,0.2032840008211224
0.21467358350737725,0.31052034719386507,0.40837579279781333,,,0.14109590182498807
0.3761878027053531,0.4077005178479662,0.21773943157391926,,,0.6244472642192587
0.4883673595632298,0.44917652261974683,0.8342296684951109,,,0.5757439051898093
0.1901086204630098,0.16080804906217339,0.5052787910323476,,,0.299081879733295
0.13485218824122575,0.645979261121336,0.3661563451658223,,,0.4739777794573351
0.41827154170642655,0.28366539077046793,0.4739592763760439,,,0.21541173081622594
0.396216420800931,0.22422533042731713,0.5337629611392641,,,0.358282062948822
0.17350905796740365,0.16000501488595895,0.1747725744146057,,,0.35108776524749674
0.24833625894562214,0.21698661602174388,0.09938445902804076,,,0.5235978457244789
0.10857374334159117,0.2765518381067612,0.23021942495309866,,,0.39806614206970614
0.16973044617587418,0.15914169835848774,0.4574525757475005,,,0.4934879637082023
0.20444306294858502,0.272575539117352,0.40444003786165894,,,0.3846410541308417
0.18604533471965992,0.4256440915527555,0.1315013870437104,,,0.30881850601882854
0.24769950482223382,0.29634787528041057,0.5803246254966411,,,0.3115085329361772
0.2774143260988819,0.16577637718520713,0.40335965926696693,,,0.4541744506903469
0.4734507765970873,0.36611526730171884,0.1876275509155721,,,0.3548218878142632
0.5477655931130937,0.44824392691175696,0.3823425628053196,,,0.23815067574832768
0.5260567887524531,0.33680156008393797,0.49965286370260387,,,0.3559046778118655
0.32987471233413307,0.17816036177961747,0.3839052489757761,,,0.31806761758481983
0.30093149604551617,0.2253531616971623,0.4209738290405257,,,0.2599822114926464
0.22146709465831121,0.39039883652654694,0.3426736895396838,,,0.49975604332772144
0.07087050259081532,0.4715762157833337,0.475461780707972,,,0.3207077284711413
0.16177075557921655,0.18702412425644413,0.28084283913642294,,,0.155514754931546
0.38586824653617857,0.23252478519497682,0.36071180621867127,,,0.9089333575568044
0.2515396333033367,0.2378486450760079,0.3254329101878518,,,0.4906127969496032
0.6828732901698317,0.3165225978941677,0.4299708713967969,,,0.2624102496656731
0.4069155966009074,0.7915359721184964,0.2661943470225064,,,0.2054158049043924
0.24255864981477665,0.290838306786293,0.24781882535567268,,,0.3028995948504927
0.34268214244519646,0.21069143575842325,0.291528468037207,,,0.4216146994591752
0.4828403681196938,0.12486246199275637,0.2218781305192689,,,0.41106463240356633
0.2529061218950051,0.3519629201294568,0.5828242973209051,,,0.20883558296971647
0.3993818214913294,0.2834346973176476,0.2067468832226538,,,0.22269653609634232
0.3914822864546598,0.4991490234893658,0.18994935131633103,,,0.21751180837124975
0.41655529553468373,0.7560044608080295,0.37679112601877185,,,0.21098473168720572
0.5916507597203109,0.16948868166089226,0.22111251067406915,,,0.1848665740474483
0.2788695425515083,0.18377793784157528,0.30310565532798983,,,0.3604346116869519
0.22246613236374685,0.23868712865765768,0.07299899444283355,,,0.3766110103538155
0.25908155588438986,0.30023338212100975,0.10284979340133518,,,0.4184634707975716
0.22315388399557562,0.20792868638305356,0.13245363932180168,,,0.6606175238652762
0.3349459417812515,0.3933200278657349,0.4465066787412271,,,0.43901709824982305
0.25405446885775124,0.41006411387565433,0.19215801810435254,,,0.3646779348760147
0.23854946771027066,0.5152409179899935,0.5166977405004666,,,0.3629770554806448
0.2760811017865057,0.19237572005324113,0.6035923835582093,,,0.2509430563213434
0.37121377833550157,0.1722991444966669,0.4053648133129074,,,0.415063809058073
0.22204483453028256,0.1031029255010687,0.4113993669900898,,,0.2931628975038924
0.22460894153043265,0.21461521680299123,0.3668369269498551,,,0.5573796203280537
0.22875957388664717,0.2602487479017761,0.3610737263391867,,,0.19403945837897665
0.09593089814197049,0.29863047581286173,0.44937266303217627,,,0.4321531957823729
0.16526356346769805,0.1683911306886649,0.7519686835420677,,,0.5215056155493831
0.20909125782375065,0.20058305921512598,0.45755576848457014,,,0.34467957486709855
0.5770967922364852,0.49892317719402646,0.2535848193488819,,,0.4035119306616253
0.5641253688627413,0.45783291634847845,0.170255409517249,,,0.2487827260955465
0.4331890645407389,0.2497394723629751,0.4433850396596563,,,0.441169897452619
0.2084815839832189,0.3268768266773077,0.336134948794039,,,0.4165021787285377
0.19214882376335735,0.47287438983206953,0.5691584792823581,,,0.40268060687052903
0.22877128579834366,0.4535861653737159,0.3191451002835614,,,0.26957827237983856
0.2572749347923454,0.2842919787738666,0.26200852153028126,,,0.37239636855869207
0.4805761613709412,0.33722483934135133,0.32140667175837606,,,0.2428664364007376
0.3501128510922871,0.21752513259942527,0.4217029759362096,,,0.2125202846086631
0.35003699060736265,0.13970746265527176,0.3336271897639463,,,0.21763392195420814
0.6908174431595041,0.16433515113497568,0.4969537787854924,,,0.24974801624554088
0.3273414366647607,0.09421495256883154,0.18049180234468323,,,0.31575279485069935
0.33868570174388446,0.2585959636692847,0.3671434394835981,,,0.2770032691772271
0.1270716711467092,0.6016893869699756,0.3096636610286398,,,0.3945055382370498
0.3593841660401054,0.5828176922195485,0.24972045813767654,,,0.16978101451241634
0.8259851996273117,0.3873771997063898,0.21036826513683693,,,0.5733157894736841
0.21672677089209444,0.3818754637670946,0.21381124526006115,,,0.2084707296543528
0.06253550920745617,0.49742711785418386,0.25210038710549654,,,0.2905499112742819
0.6772741499336121,0.4475892579743164,0.3763476180850347,,,0.2603545280890819
0.5769238266148786,0.17685561355748378,0.5640637632920463,,,0.19409619676591455
0.2907063723381803,0.251345282457607,0.27207535198707106,,,0.5792301388899378
0.29490893502039545,0.33087712634017574,0.268343424468973,,,0.2669078265143546
0.3456661230726286,0.4224542312409411,0.4116666101752364,,,0.13120269133725818
0.31654937867887506,0.2856158203828089,0.31562345179638657,,,0.6588394017245454
0.1830972548461338,0.4342576738036463,0.39814064825738193,,,0.5494325904578057
0.3535649037891191,0.2323903477153701,0.25509200987423036,,,0.401841138398906
0.09463839304191879,0.34812721278687264,0.39523992542664566,,,0.15034584511105756
0.08769423602669331,0.2561774333598875,0.26985572924135953,,,0.1823617776024814
0.0469929826332674,0.31099047723164963,0.23948171419123065,,,0.1533111095349552
0.4584278302424339,0.3684630153124222,0.6989718523512557,,,0.7600379459536137
0.3313168868114155,0.34927633660234103,0.5010261463573658,,,0.14995862590727474
0.4876225381639944,0.2151768127474412,0.3574967688058686,,,0.47934281035167864
0.18400490796471924,0.23476196613645725,0.3674689411276705,,,0.16096805238774464
0.1429276518370374,0.16318439463943984,0.22146834512816993,,,0.6258224907504407
0.2497542280411417,0.1663953511178107,0.2284480748484098,,,0.4060691821919447
0.2733993042826079,0.5327171772335787,0.3717624855984239,,,0.4234374869390041
0.418423270064571,0.3389508135980485,0.47606999366464314,,,0.5378803115205034
0.4358766531410153,0.17064097116337976,0.3697159332157196,,,0.16503757885747752
0.46942051234728427,0.07877164838699052,0.15773056308745015,,,0.24676947014034503
0.2081363077511825,0.41960269032273245,0.3712908852372149,,,0.2802680818910593
0.43343465108904,0.3465832178290919,0.3622074354217212,,,0.2450466257121387
0.21941759908683833,0.3555387508825512,0.54350130943427,,,0.1421628633711211
0.4242969456885877,0.5171913565924875,0.3803361166011086,,,0.4216408781981235
0.27934786817952983,0.3295305857014079,0.2127445552458267,,,0.40644476473710195
0.45217196640573876,0.31027841338976214,0.45159359917206926,,,0.5069567027565537
0.2595756523002504,0.3341185475746768,0.4245651738433668,,,0.16806544186214473
0.5003363684847856,0.49595482397956886,0.26451931005050733,,,0.29033755515821075
0.42320452720949864,0.4970629450453062,0.5344313746569553,,,0.4997168913317162
0.33172706890205134,0.2958776424314681,0.2585023681904444,,,0.4081384015594542
0.5592619691426753,0.35331512317401714,0.2836111368900351,,,0.6543282171576114
0.2922786485005176,0.5766687161416034,0.07048029097055344,,,0.6834726267933467
0.25413129607360757,0.13075472243938624,0.3747674476334045,,,0.3494085532302093
0.24791692075580793,0.14507516652779678,0.35539941370082,,,0.18814851763607132
0.4227577171866044,0.5171933759656246,0.6373002424707678,,,0.2223073616734501
0.6816826347701319,0.48560101309453246,0.5202184922255253,,,0.2766042801847616
0.27104841824751424,0.28330962201268295,0.45325022006884763,,,0.15660710575524622
0.4297569784362263,0.26826262798824935,0.27265065943524286,,,1.0518817225782735
0.43341847458334665,0.43130545229014006,0.18865643603962573,,,0.08921700442711247
0.22118117605965534,0.29393663802788267,0.17623767523263267,,,0.3769769480398373
0.17591500184030476,0.4745538608314884,0.1969396854510095,,,0.5265427674665745
0.17578344126958653,0.5673185090864357,0.3267139527095213,,,0.803140870295305
0.2562474809969949,0.09817964243026354,0.3162786416574068,,,0.4429861983802247
0.4206878470754097,0.07217346667582147,0.44062914218321103,,,0.2957326579706669
0.27699392937034656,0.2797561098561108,0.23049919358870463,,,0.23633272428413205
0.11695972750911499,0.11560364464692484,0.5872800013779782,,,0.4792738416818225
0.49721952787017926,0.370538931208979,0.23515412790945447,,,0.34836905152292585
0.3805741110038651,0.22175338886989981,0.3400290693110169,,,0.302144301824951
0.15055734582878294,0.20488711869203977,0.2333608474960243,,,0.4336665915037823
0.40139039282105365,0.5429534796635107,0.49169836503841546,,,0.23953209674623333
0.17453328675061683,0.4297423997668578,0.6218565967109511,,,0.2431996502784959
0.4467041387214423,0.1677370631912597,0.40185791067083104,,,0.14479716789507283
0.2036917828759572,0.16264177727082577,0.15513387992974734,,,0.3124252569597332
0.2999573832219363,0.16577144111478723,0.15956787126362254,,,0.3565843642659873
0.3676299497050091,0.1595061845936575,0.31255424829472894,,,0.5758723952613158
0.714689606931886,0.2513882884979882,0.2721823892148742,,,0.6388843094028565
0.6263517863563014,0.18819425420963917,0.30899429187587685,,,0.1387991746399481
0.2462170048745412,0.13659877709102036,0.5421871315493283,,,0.15719427471331715
0.21488001482442323,0.24670235705256896,0.4584809970567072,,,0.33563153929856865
0.6475042228304599,0.4983669675058846,0.351820012624365,,,0.22026224095328642
0.16425273787834224,0.1022813337375647,0.3186313515971354,,,0.19856975192611923
0.3588311592684266,0.1261314869249354,0.08880955692434743,,,0.28333621194115266
0.19001929031734308,0.23460923568258302,0.07798688776735435,,,0.31192336544484806
0.2422943255874475,0.3264091219973706,0.04427074936462507,,,0.5279104482196223
0.54167293216456,0.5731091952958989,0.4447095624056656,,,0.4550169963011028
0.25869069730651373,0.1498309935136912,0.12603516846425555,,,0.22449113694769304
0.26495340252031974,0.18952275277675945,0.364790682640752,,,0.3856867534314029
0.3487546429657574,0.34264753258662917,0.30331829832628576,,,0.15456558916706384
0.35322268720850875,0.20454608661214982,0.25701453599792284,,,0.46109837448854496
0.15200202959942138,0.21080354689535416,0.5333934904148314,,,0.48162560227694384
0.2999483271543313,0.2388915268995979,0.265252574629577,,,0.2796183375131322
0.13704209721740113,0.4298905221623895,0.41927912558712177,,,0.2836140756932836
0.09979130080897654,0.2851619928437097,0.2555813456607878,,,0.5197687703095605
0.08479035178766545,0.4455060937442468,0.20570856965270762,,,0.2524248332478194
0.4045296969684672,0.35404962138395507,0.28129166180689147,,,0.3113190349294263
0.2942839093820993,0.3417905166312809,0.12519519071726345,,,0.10367776991030857
0.16308504539783023,0.3814202003924329,0.2298911551039768,,,0.23632348877252402
0.14247566658210611,0.41338569525284236,0.20081540055421027,,,0.2294440468514175
0.18161079413888112,0.5374500956199699,0.2550598138847675,,,0.2166700914778887
0.4425125851174416,0.24497431838272257,0.24919226255939633,,,0.4101782589622788
0.24985817370857225,0.30464476387796163,0.40082326073343605,,,0.5846210987877225
0.37015199399482673,0.24726738698655076,0.3922222590376781,,,0.5909661251059872
0.16252895192817837,0.2607269041319477,0.20199239859609197,,,0.3199387327922897
0.06331900897449666,0.5691755977078465,0.6935204200533227,,,0.3778123878139662
0.14630048454908726,0.6449990056286047,0.08661374071815475,,,0.7251325190135975
0.0638194265234124,0.5233390007980715,0.21235770826607359,,,0.4203664533142873
0.42549890040658706,0.33633983080905266,0.1650927885592663,,,0.2998661640355407
0.418582556670843,0.13781664335911917,0.16244424914206457,,,0.32686983372447764
0.22020438760724642,0.14172641798385607,0.1935251910847908,,,0.3841515240794162
0.4695839372119257,0.10958310695948739,0.26845059869111576,,,0.6109127460265542
0.11986348973880198,0.4516182579912516,0.46609408444237377,,,0.25194224061937065
0.22339834026680122,0.5401799382263355,0.4842382037871809,,,0.24674346986319887
0.6321770323424473,0.5241948896211537,0.12669472469213686,,,0.2695266630728664
0.3124434596577017,0.24666845413519098,0.13615049416199673,,,0.20715611997721137
0.5638626127777208,0.4777315119896175,0.13197709310874634,,,0.15609072534868915
0.20642124682321378,0.1315346661723184,0.2814359797278646,,,0.11284715334259077
0.3195373854420547,0.35250685294897866,0.2674324429462234,,,0.7711569378270147
0.4419843289006713,0.4687426073540755,0.2794859980335126,,,0.4837183022662713
0.3568678994321513,0.45280158168767476,0.25210699021503225,,,0.28719472501627435
0.23298988378075725,0.10370430018290606,0.18195063514773946,,,0.3172928149825644
0.37775667655786344,0.09715756052909653,0.47029435445054135,,,0.18937559787108568
0.47521775014331463,0.10612168431362558,0.2299967829711942,,,0.49828010438491177
0.16180657773877336,0.11121322774190685,0.17856520515260782,,,0.3051201889564929
0.1916932593486444,0.298384346406081,0.2903319568427885,,,0.3980564567006279
0.4988646693716359,0.3851669521665106,0.2031135651732215,,,0.30779063428672004
0.16911937212879058,0.13544045490132536,0.5523536237274704,,,0.250058529299682
0.24187584117577823,0.3157952491608572,0.4596898963077125,,,0.21053404542908224
0.2406926938606322,0.4387216493515706,0.2641668560747769,,,0.2598285318103707
0.2575430958520551,0.19711846682326947,0.17198378760692146,,,0.5166511079340832
0.27902041054001847,0.5321368956154827,0.2899691817710811,,,0.28335157079457024
0.2518333535346928,0.5801621163608551,0.3332878574828187,,,0.3302399245891107
0.1995993246602381,0.6984599362674139,0.2556330578997742,,,0.26801949016578525
0.29901996977706896,0.42702446667801486,0.6576378764568952,,,0.20834076098797713
0.4245107942119582,0.5182936599011809,0.4555684804101844,,,0.2779769454722301
0.2105500821306351,0.1830531198971559,0.17479200311262483,,,0.2815439388039817
0.20621151263014098,0.2726224060373308,0.3055642227803125,,,0.30453345158925416
0.15756461961054413,0.743504319023743,0.3862321966985803,,,0.09043222050115324
0.4804884865197713,0.3331775609629012,0.4407685010963036,,,0.26713614410310393
0.580748319758325,0.1426558321258651,0.1855799095219488,,,0.4775391884644368
0.16711401227371145,0.12581445330443608,0.30615983918593925,,,0.36490318137552935
0.20594482463511518,0.48007023371392415,0.5967270335566974,,,0.5785489783215118
0.3807030355335004,0.3037973087422794,0.26126795339649805,,,0.47475926018322706
0.38893979286871166,0.2652369270192157,0.2284582911188327,,,0.31227299693830757
0.1599908423664722,0.3325572630961853,0.5202680463782571,,,0.32273483143861215
0.14105132349146418,0.15550471259189602,0.3407662172011661,,,0.15504473369510685
0.16408499275486121,0.49075423966499215,0.10003115272987297,,,0.4082344583288909
0.12520851184920678,0.3139682884616878,0.1953387892235215,,,0.24024548657672345
0.11958519547289054,0.4219653507365026,0.3215205242498836,,,0.7414274678922536
0.10690954274961204,0.5267049820770389,0.505976517498681,,,0.45741050218662155
0.4726308903987871,0.16646063724343768,0.167980029268175,,,0.4004705641992253
0.26038527633800806,0.15817491341195863,0.4486894159944181,,,0.6454101070141055
0.19423078372716165,0.3732939443430365,0.405379891208984,,,0.20913105258948023
0.2510215037928182,0.22749390503030711,0.570579200414289,,,0.3438718478011564
0.1974203845482431,0.12732528843616256,0.3450574778644955,,,0.5951604725662865
0.2655477692710541,0.11765670782055698,0.33336621671894334,,,0.3576508651674015
0.24216316313959965,0.1634437486626806,0.3371092584005571,,,0.3392266792967637
0.265287196021948,0.3692605655183581,0.33936524315744593,,,0.3161364469233441
0.3000126884747001,0.27407783533762625,0.41908240234566807,,,0.26504890822594945
0.5121775336686042,0.18176800343481667,0.2796630417469121,,,0.21595600321088643
0.16947419714641457,0.2530577796994882,0.35505054273081366,,,0.26420775600973334
0.29950270128533346,0.2337125390883702,0.41392673591511125,,,0.39981278673233467
0.4176590744090467,0.2568178763637214,0.3535757698541329,,,0.5974068511363612
0.18825874625945294,0.20274146112234895,0.29988545667954636,,,0.5919772501847227
0.12312800932303443,0.08373460949505371,0.44008233071234243,,,0.28128149594673485
0.49058014135275263,0.11263822510847217,0.1495740482801072,,,0.17852277777186112
0.36712490663877456,0.10538907702607164,0.5847139283252395,,,0.30940987637089806
0.186988100206038,0.24336734994577774,0.33164343372215177,,,0.49122093706154707
0.5616660220099253,0.29695069228648996,0.37158234433032095,,,0.24853620790210465
0.2720779617183989,0.30550073797891714,0.3394624724135402,,,0.25071295285709255
0.5190802450453459,0.3726197906023267,0.2633151757199149,,,0.4366209344494515
0.8550800641487248,0.33730380844039276,0.26607072976302626,,,0.2833635300323372
0.345006518149425,0.374212634204737,0.6658395632624684,,,0.2745371665108273
0.11322674563490631,0.24199409593170837,0.7525936748999645,,,0.5170608126013633
0.2919711642789543,0.27497362824017757,0.5027047140999428,,,0.2883736036268445
0.2604974918495057,0.47449626872156353,0.695609406163896,,,0.3477394402893418
0.1779974878434006,0.42685147994245276,0.4006277186664307,,,0.5145968432370567
0.2865544549908351,0.45884061418279004,0.49732394292701676,,,0.3185188634220727
0.12008848805726374,0.2593409388508775,0.2591210603454393,,,0.38878950895451225
0.4442312161115415,0.22103947769504007,0.4046584428259383,,,0.1665879230028163
0.7279122602387811,0.5120785400276284,0.18376021740814016,,,0.36114269031958923
0.3566927127108672,0.4673418947053568,0.302831304519245,,,0.28082811271903463
0.16436845906561115,0.6136358358438664,0.370048850375918,,,0.272425418598625
0.4100045849077485,0.24004624682445228,0.0692448402155173,,,0.5460086338550769
0.3960131276776139,0.12483897595570342,0.25376231898123996,,,0.4168568614684528
0.5162409102612089,0.5852733923205256,0.1386441605568833,,,0.26142863845960257
0.15715785430051873,0.26545724338337534,0.16980115738774915,,,0.1463727376265287
0.1460200987443144,0.22259821354138074,0.6275364566896844,,,0.33601680449272703
0.2732544804260778,0.21927935731409015,0.3443862487458054,,,0.2182550405222488
0.5341395821042956,0.4293604986725153,0.3135264077301948,,,0.21798545319909696
0.5940007517699211,0.25353707853712887,0.24631003514252242,,,0.41649639225692253
0.2610009404260539,0.6556523427688554,0.2477903367218786,,,0.3598940317673326
0.20984854173824455,0.621881842733793,0.8023191093587023,,,0.3640466388810759
0.15645645645645645,0.2780097632162303,0.2867948977044425,,,0.36613674165728366
0.16109398823785667,0.1003110526648126,0.32396963766826786,,,0.2829739893149592
0.14658187644609635,0.1937924906267816,0.26872361674245954,,,0.26191623159347455
0.16542389638371985,0.1830803068372633,0.3163801956162192,,,0.12818611466521163
0.4247142853646059,0.3468504861285387,0.1442835537408734,,,0.12901937205060618
0.4365422537950763,0.2621231477249198,0.27171978057498947,,,0.3035372183292345
0.1426916101929581,0.1494747174806932,0.3691373266919268,,,0.28230417400686003
0.32678793798527944,0.4164894838535975,0.4312147930692606,,,0.5507484389158059
0.5519116476596042,0.30452283143566367,0.5457767509767973,,,0.19585883383297067
0.07431331502055318,0.5244992681865531,0.6558877918445484,,,0.3950876806625392
0.21401653384970581,0.6535053656334873,0.2939429006901029,,,0.4083945204382448
0.4479316727557592,0.3414642336225983,0.34771301636225727,,,0.4053696821463487
0.4228905272755447,0.29009991271829294,0.6328642772656441,,,0.4597515755167196
0.34620865981526866,0.31565406065351326,0.33446864880777155,,,0.2520447703836547
0.5053595500813554,0.08097759134727023,0.3453420918462514,,,0.6089129234813347
0.39017900993468396,0.6576196668362023,0.1380257391167428,,,0.8263540981894728
0.5973907584208207,0.29470286789678424,0.09152712122880988,,,0.437062289821985
0.4083574551552913,0.5322202592168108,0.06895041618549182,,,0.5432329804888568
0.5046953444258006,0.11431359235960917,0.333860921865298,,,0.3040491596343286
0.16817633415742686,0.29162905458265637,0.25374220374220374,,,0.5195899754080748
0.3928007214308379,0.2158544226500855,0.6811980944975942,,,0.26650091807305254
0.36929193841886404,0.18246424873332212,0.2979068925474078,,,0.3971285257233109
0.16412888957574026,0.1585070095039156,0.29352327986768045,,,0.32353248606397583
0.46822492991899844,0.2514610343625124,0.4060934911343958,,,0.21053782277174612
0.07313720418607761,0.23098027985883227,0.2802383573819133,,,0.15376258665525974
0.16199542019068908,0.36847099964412744,0.5009640513683392,,,0.7219903135999979
0.516426079337933,0.3496146339957327,0.438986749391203,,,0.41406167196717397
0.3927326873037502,0.44155937736174716,0.17461265829111977,,,0.15471808241235702
0.4490689022199694,0.14451566491418916,0.30423971600345806,,,0.2719669278357382
0.23213409830269982,0.31372180561080043,0.4412961666791768,,,0.20580594666155988
0.322078328303713,0.3708448152793063,0.3795782537504392,,,0.28149120317077586
0.32010302909336297,0.1551904083449219,0.32079894464000425,,,0.18982758277566486
0.4510241517582978,0.23441029118351536,0.26320662267466555,,,0.16375053829894248
0.18541144201471924,0.6059084848131682,0.3590848351273876,,,0.19470231657566264
0.09097010031571334,0.39436078503012684,0.1955611244380078,,,0.512859513792367
0.06983716935695061,0.23732574999979317,0.4716337548900966,,,0.254740273488094
0.05069047466734137,0.30892944141568796,0.21769516510299666,,,0.36603317724419643
0.49603210511075724,0.34462526376512376,0.44323783399189853,,,0.14827802041338708
0.2248121166748251,0.14224453488463626,0.4166185979685487,,,0.19499304089076597
0.31768007543533006,0.2337613490213162,0.48437339079594693,,,0.31927463284699553
0.5132952986487065,0.15540545471591027,0.21317237181464016,,,0.16144533499712035
0.6825976141716307,0.1525577450134594,0.24949743557824344,,,0.09157577830037754
0.44729084124884994,0.28488513854781683,0.38892625974210726,,,0.3298555878553692
0.37037777199556854,0.5023655518428825,0.2295082466765703,,,0.16878304444528627
0.13357905145695623,0.3305843256065197,0.47954273275963083,,,0.3222382102172492
0.27068844247987495,0.27356663831861056,0.4153437947713947,,,0.5207537971026456
0.14902747865644053,0.40230241678732354,0.2873765155672247,,,0.2933248895951133
0.4195101979248596,0.21950332661815875,0.23775547278819517,,,0.48054620660899894
0.35648565185277725,0.25942408132000633,0.41495041221271567,,,0.47143917416219744
0.21817857750484074,0.3521104518008791,0.48048208905256107,,,0.19796314364331993
0.30413483930183344,0.1981560759260317,0.22106630640431543,,,0.6455042347340137
0.265669541823776,0.3844456228875069,0.11737329617077978,,,0.4210200661311201
0.16262824037780343,0.3008575485006004,0.3050434588419203,,,0.2329150611707046
0.16521318134287322,0.3427504401741616,0.16930209380756192,,,0.45935728735430614
0.08965658695933934,0.09358566252761866,0.19059709653147927,,,0.09634677171863941
0.06404626154053297,0.31572557502980003,0.12856848578975255,,,0.3373219654729472
0.10754323854782956,0.3954248660332328,0.11896127163791548,,,0.5022522023144556
0.3269224227118733,0.47788023940929214,0.2513616657383352,,,0.3815619317322158
0.36755692882489566,0.1973107707399728,0.1564102981095919,,,0.39926548043517357
0.45641321430886894,0.1250663277818652,0.24162646548491004,,,0.3989239418117188
0.2612427121549873,0.17484556201914056,0.19071541109827472,,,0.16882464705605935
0.19436912771140238,0.1948769606621845,0.3110320370075529,,,0.37438955023625453
0.23914359789244796,0.31366438331444574,0.3021033909391304,,,0.4128218614289368
0.3640749224827495,0.2841542089161834,0.32859748152150026,,,0.39468861594003846
0.32854666174371977,0.16232406195706778,0.27428666324466316,,,0.2156898826700807
0.36402654935082857,0.1954021738087087,0.2683429901112773,,,0.26289817630921475
0.5709809710143918,0.2735867070138517,0.49369652541931974,,,0.3828198002870492
0.33560660078804333,0.27441042361247303,0.20972918891617734,,,0.5615815099131521
0.5594724965754527,0.2135722262243015,0.17566819650504187,,,0.3029299723886289
0.30486837080769763,0.13146652865557606,0.7221094073989139,,,0.5741016179839916
0.09023556737110561,0.2389075778907402,0.6091722660539297,,,0.5100395724924438
0.18754700589788625,0.20953416870978636,0.35969190367886705,,,0.26102106118790014
0.27319029931235056,0.2970536467801408,0.8421605588019804,,,0.18741637516884102
0.3932312996109164,0.19148797180077362,0.33931701876036613,,,0.16290255025764827
0.2150151221418762,0.44520549156823863,0.31987734489359815,,,0.43070792850643713
0.24872670896615084,0.488482182679442,0.4224870097951979,,,0.2658925944717876
0.09469005839052205,0.5107324294675855,0.37438322796069745,,,0.24785566845781268
0.055906927144077516,0.17995798118942855,0.6363653303938869,,,0.44100256719613207
0.09999923896354444,0.4640641758533376,0.29979455323976395,,,0.44631020768890844
0.27944280233947555,0.5072407661087902,0.2715607518757125,,,0.4870948816191076
0.08685807230175134,0.5769988737218688,0.5042798260859568,,,0.37849779086892493
0.10844641011394675,0.22961378085623488,0.5201998494671826,,,0.435935991524772
0.10999833524944662,0.24957583323181798,0.3721590540207149,,,0.6135401816829678
0.09183298246163417,0.2564547203417989,0.23052718582016304,,,0.2425954487331949
0.9068049605582237,0.3029497951323357,0.22471089549501688,,,0.41675409375199113
0.2411209663284862,0.3823955750935317,0.11688439552449943,,,0.24445534245748513
0.5290496545813694,0.19882311328641425,0.12423446879802742,,,0.5166688297193051
0.3854636677754017,0.33950211440541667,0.5471846952350614,,,0.3488355946996746
0.7154131364748573,0.505587203228658,0.4130412786449062,,,0.23113469359258554
0.6267157130764777,0.23550338943071922,0.19136410572230303,,,0.6596796245658118
0.24183861405864793,0.15394866610666938,0.24101693816504757,,,0.3804837055825823
0.19009065365458483,0.18340346139897845,0.4167382459786393,,,0.40110265464587086
0.5907112272438259,0.20750509489580873,0.11948314884211578,,,0.30627136427607854
0.4443703260811366,0.15481764602301568,0.13173374560831858,,,0.24935910262206898
0.43823114411231967,0.22157787580826946,0.14752801990047923,,,0.29171083948436366
0.32246895295659916,0.6892346177659766,0.31246794301445574,,,0.34656325344824346
0.4859490612091299,0.5792832162222864,0.36297608103967266,,,0.23617082195157812
0.21550812480509007,0.4908191778352383,0.2665742906824958,,,0.19145265478551485
0.5633622736928784,0.12147331383708881,0.7760333665746614,,,0.3706765407085907
0.6401784637646208,0.7525053427445103,0.22096836029958702,,,0.5321191690962099
0.3171806014975157,0.21372464160129837,0.21463067372857222,,,0.32810611653328237
0.3754308401344796,0.5735387069269046,0.23379748277236748,,,0.2806184473274571
0.5837890953674544,0.3813172706373337,0.1816917250412894,,,0.2742576782366159
0.3045437489949434,0.16219708767739585,0.2165299846232701,,,0.45195532037610836
0.20314001683748353,0.21025476289843323,0.16300630320305626,,,0.3688497445151118
0.4050146039768839,0.27362641948389993,0.26963296607904064,,,0.3326648017430392
0.28520701729689785,0.19519631521019054,0.3551640284337031,,,0.6286091715418002
,0.5539949747641955,0.41610740162358567,,,0.5139846496780915
,0.28585545298215725,0.39941506427745155,,,0.27952666691844746
,0.07528674748946354,0.1996954237789451,,,0.27483465777436145
,0.5538977053957022,0.2748087435701254,,,0.4574521218979796
,0.26211857400658023,0.3866913147491909,,,0.20237386321429968
,0.3677033840535357,0.25921739096144264,,,0.1969616807541726
,0.48470011145614167,0.376732562167331,,,0.6398007697532262
,0.21804921650675124,0.22529987593849557,,,0.3998346915633659
,0.38912057462645894,0.1734926769756158,,,0.4381732196261016
,0.12935267106735907,0.38525779096002455,,,0.2981080866483322
,0.15164432702233438,0.23809636035223158,,,0.5830805248915976
,0.28724880275701564,0.6088607181609935,,,0.2016021208459492
,0.19643191651305805,0.3900508037969868,,,0.13971003772128518
,0.19301502199695175,0.30622640247904453,,,0.2995832377972297
,0.4619031080861983,0.5441337854339064,,,0.16836683466034855
,0.2218505022182849,0.3283527024534218,,,0.40062554018656926
,0.21455638773014288,0.255632692250291,,,0.40246838356309544
,0.28283308484227737,0.3328001391727131,,,0.8250115745371615
,0.14740092358979498,0.29489402577782897,,,0.3063812093778039
,0.5832550687229515,0.297915391539154,,,0.32296885139519793
,0.1251697867201592,0.27556477660557593,,,0.3669922128487995
,0.13875738200985893,0.2271401579270022,,,0.381361572583946
,0.14786889132147563,0.3065234099788638,,,0.41734873134166844
,0.29882088694713344,0.3104310538076058,,,0.22891908040432388
,0.17626575570175707,0.26726599557910796,,,0.29011448313518323
,0.2597427423992429,0.19572228103415645,,,0.3918660293712089
,0.3116313351704036,0.4543803333466459,,,0.3652803733493026
,0.2525564033625645,0.3996325341013701,,,0.3481653531242421
,0.18189201297471383,0.30253769199329245,,,0.3192339343462171
,0.2530900912297672,0.18033204534839287,,,0.4041002411966275
,0.3634979295919954,0.16707809074382887,,,0.4439142734369405
,0.19037652986535483,0.20824128857781188,,,0.3839819470931471
,0.33018578802667703,0.2485787257827036,,,0.4077226256823053
,0.1520573484370517,0.3461585456042084,,,0.5486728843515111
,0.25844336699820497,0.2456293521890636,,,0.38662172724692945
,0.12350590339948225,0.22338302271593985,,,0.3568440936767188
,0.3228503250910421,0.3939105711362851,,,0.3370345128609607
,0.15914494452751862,0.45252355307099595,,,0.35071454373389777
,0.2991550453296351,0.20207924564652824,,,0.731168126811317
,0.3406217528445544,0.3032104493296548,,,0.7678368786636887
,0.326922678328998,0.27182218211221587,,,0.3430060543395662
,0.15076028831106922,0.4312895755272248,,,0.2507217557584742
,0.15181541666234857,0.31816392125351545,,,0.21999487454362687
,0.12271348712664341,0.2671759688617866,,,0.12081965413881544
,0.19074654246630426,0.4910544303318409,,,0.12547564171006179
,0.2960112780508538,0.30087428505759317,,,0.6259449375640143
,0.2259944008732597,0.3161478813816381,,,0.3603766803680426
,0.19661288240805852,0.36197850530273473,,,1.004236879345413
,0.12260475603721448,0.31853793494839144,,,0.45603737811348893
,0.14855540287931102,0.21649487461426595,,,0.1927648201828745
,0.20216389352054062,0.1006164650799844,,,0.25565956771824966
,0.2875735893701363,0.4122045854517609,,,0.4359605003468115
,0.14706192147187286,0.5511647020566318,,,0.2602054775509233
,0.1602520247883176,0.14672664038093872,,,0.48796353980176216
,0.17424030800044846,0.07046757213250197,,,0.4584594334352499
,0.19120650030493444,0.33662541064221146,,,0.5220695671236053
,0.14136041633233223,0.06397556021023956,,,0.23497723157306413
,0.3324492327880905,0.15443963940206717,,,0.2660899528056143
,0.21782962221265217,0.34173241117251124,,,0.2189817581440961
,0.13053259977932788,0.2417626659018018,,,0.441544193327286
,0.22347148390334165,0.3077655806649944,,,0.2187486568838801
,0.5363077287452611,0.30702086081532387,,,0.21477406140099492
,0.5611836180451975,0.48155328877399717,,,0.07682165146110355
,0.16000174164054407,0.20564321460111865,,,0.09434812805279669
,0.06034832332408366,0.33175007359434794,,,0.11775195150740499
,0.22353369124335257,0.1664277303503091,,,0.0706259822750305
,0.42377274247621716,0.2592481752114532,,,0.3068869285678125
,0.29440058281844594,0.33772732798554245,,,0.3443915623329212
,0.30016291080221696,0.42312733609691616,,,0.22099979120704968
,0.26383495545904395,0.3312654904431842,,,0.09802074345383789
,0.33572173861197235,0.3603786622003292,,,0.4278350775692772
,0.34388936918673974,0.44487395439623245,,,0.22132964528507706
,0.2132576030706255,0.33819866166245266,,,0.21160722286070474
,0.07756074143467703,0.29719807998182235,,,0.7053069022180992
,0.07002474866818606,0.29342882745703097,,,0.24670872297029361
,0.1927231146801381,0.12418938754478921,,,0.7415030742390624
,0.28628085158017297,0.20587694824697292,,,0.4057628611536732
,0.15136956025573986,0.37873193545670664,,,0.35682774390243904
,0.24440033874574926,0.46889653220006966,,,0.3263309006038603
,0.2626787857895709,0.25426986060359996,,,0.42466388883862544
,0.2594931861696137,0.5750740536262775,,,0.2702227885727966
,0.40686350806685795,0.393961355649434,,,0.19105302612176978
,0.14764388502130166,0.36419133561404726,,,0.3351680769977341
,0.2584401802334685,0.31823706319141953,,,0.3667090709661024
,0.167457634826379,0.40198411088492686,,,0.17644168232403526
,0.1898622017171316,0.5096070179030499,,,0.4751833718745484
,0.15052622317522601,0.3959261371187988,,,0.33260232763553876
,0.43444065896530887,0.23668437748187504,,,0.8287276750434646
,0.08377245742891798,0.36260397750231066,,,0.7911543315792252
,0.15554712899778816,0.34120470442639195,,,0.5168207735388543
,0.5470034753436972,0.38613367535984044,,,0.3348271652199104
,0.07161945085108784,0.26090853646597434,,,0.6123080147820608
,0.09042183748664466,0.6699634478580284,,,0.43573085761828495
,0.10903556116840214,0.43288088880560893,,,0.28784369639638985
,0.26859514602960627,0.4434754235804841,,,0.35350034680457953
,0.42846063545893276,0.2897361254245331,,,0.41646985487873783
,0.4017729372481579,0.38594143638603956,,,0.370296726062992
,0.38314047079249236,0.32403378247756354,,,0.5135229282260605
,0.3884529442002455,0.35844746070664546,,,0.18393454896170264
,0.1930739559322297,0.2164699963856952,,,0.14377382639073913
,0.11780121642982244,0.3912626284907575,,,0.23483888317567345
,0.2684434345972513,0.4543515778834197,,,0.5258445758126089
,0.442219229830729,0.3451700607481409,,,0.6146327569182469
,0.3429491845091549,0.23270951436704707,,,0.10611313490437004
,0.6931350612374397,0.34276386219313404,,,0.4137903581311894
,0.20142200607902735,0.3176532271144757,,,0.15631698869780677
,0.2382423265980482,0.08351689186227469,,,0.23203792791335934
,0.28780170819885187,0.5923408512911501,,,0.4754094717084958
,0.45459989387431066,0.33020943978999373,,,0.3032784397010304
,0.32588467848649555,0.33281149150135525,,,0.31622636882402
,0.13011949353924215,0.5804352022417186,,,0.3669248649741764
,0.09682335642890422,0.36839671656425577,,,0.7392775210098802
,0.16285566869631007,0.41339795805536106,,,0.3553801950942647
,0.45101319609875556,0.2748544100844053,,,0.541194754451372
,0.43790503976283474,0.28548168696787957,,,0.20674291964206332
,0.4850990541621572,0.17716432560584564,,,0.5675100127209878
,0.248024082305866,0.5868607271388449,,,0.4262396898685149
,0.6298891233110382,0.46287864260005607,,,0.3359610912660642
,0.5492752224581207,0.5530485493345951,,,0.27858271773127036
,0.2906111867440752,0.26341010269191917,,,0.1312211208647913
,0.5401435536362031,0.27284026805339306,,,0.227856094347444
,0.24692393944592375,0.3156240957984131,,,0.2158215036808765
,0.34056092682113687,0.42582810254858966,,,0.2341220939814249
,0.2847418747782874,0.42514588521395613,,,0.3878216990820141
,0.43984000507920384,0.2947612228005338,,,0.3536442242300593
,0.3671713171268132,0.4336849886105929,,,0.45003294440347913
,0.1460320633492706,0.2854981572276536,,,0.5320048699754599
,0.1864173916097339,0.449507080386245,,,0.30322652278648243
,0.10244509718082069,0.13391347686060298,,,0.4846560029984677
,0.500934533220656,0.6954634837439571,,,0.6303009606258703
,0.30444393641964695,0.3372061847123816,,,0.24993051711189546
,0.17214526913870518,0.3033056423727101,,,0.4706090794916082
,0.37167882562277577,0.3648656298082778,,,0.13981064808031757
,0.24456695608180998,0.3516110319628208,,,0.33758766307216653
,0.33764971922376147,0.3282180707598651,,,0.3247681170349144
,0.08749318986652138,0.3794303278688525,,,0.2550432535691409
,0.07609905506606944,0.28715833223229736,,,0.7275312497616705
,0.38899095415891033,0.18699000893988663,,,0.3959990388446669
,0.2771813744915516,0.23603755635521367,,,0.2532743987445531
,0.5468190613208647,0.3107085246308475,,,0.8114561032143206
,0.3320319498225306,0.26223778667840986,,,0.44109643690020905
,0.29520595037189823,0.2243439861317899,,,0.5483192693007293
,0.3813641059361186,0.6395375049803929,,,0.1489496476111541
,0.3067468066388268,0.4087170884810194,,,0.2652928971536327
,0.5718301061836353,0.546608042314984,,,0.6016591613596597
,0.505902792049094,0.33255250109377277,,,0.5459955489493292
,0.4529248698185612,0.13906760076732366,,,0.4061644190827984
,0.524477509704926,0.442941519614992,,,0.33622127463100543
,0.42577196522327043,0.5629705915030724,,,0.5749794675299359
,0.47095290737711626,0.5958564946744335,,,0.3905838405786317
,0.24329352120481038,0.7734161923122876,,,0.49113653952048575
,0.11514714861663845,0.3407151292263929,,,0.31552207819266886
,0.3541064102564102,0.277889400856224,,,0.22660192077372215
,0.3833825982881184,0.3804740121744768,,,0.20022006639975404
,0.45527266179916603,0.50176691720496,,,0.22376147366147048
,0.2834644443925706,0.2390982642688644,,,0.2835699185611883
,0.2764849471114727,0.19902316041974116,,,0.17543707632173372
,0.3571331370054313,0.21487111175363052,,,0.09523823278549579
,0.48227907554269495,0.41241894091486425,,,0.4467260348756935
,0.22043253191974832,0.43848633642301627,,,0.6468207775251948
,0.4783661013057189,0.24347770489342402,,,0.18930479027708208
,0.33416493810205156,0.28573029891304347,,,0.22825551659592422
,0.10276488861722571,0.3560418155911322,,,0.23895962767008408
,0.2866226233677615,0.3529948079506534,,,0.4906626320558043
,0.2220800499100528,0.29101493748505314,,,0.42916402425905953
,0.248868430873662,0.21586910793772665,,,0.30680426403733635
,0.5297797933612379,0.16308418281824885,,,0.18187183927316486
,0.31348239907195724,0.3369919312671401,,,0.3687544329147271
,0.30229024038313945,0.30893742059253787,,,0.10915725058783174
,0.3958885202940116,0.28808172000257276,,,0.7963293448596411
,0.4292952640162887,0.26639691737368654,,,0.4283670164009281
,0.39540188820423744,0.2506678631562374,,,0.44232759040737424
,0.14711341923389645,0.08236333648515991,,,0.2474437116556748
,0.30642123225405926,0.31809223790322577,,,0.19141998906031799
,0.11173339486383402,0.25710423329405824,,,0.7739361131012455
,0.36024631593840517,0.4005341753262903,,,0.4945819837257071
,0.2602741383566219,0.31537238184864336,,,0.25976795872301495
,0.14136706534675944,0.3017702654915138,,,0.18200965498166616
,0.49238277123927243,0.39544531239934894,,,0.5133992774501902
,0.4573734525496515,0.35752966387384644,,,0.25487301367259235
,0.3928358473538322,0.5958648796052547,,,0.2346964004224541
,0.12701796441472793,0.36594818237251237,,,0.3709176851782572
,0.4616247875974771,0.5993291424001014,,,0.3510878960657651
,0.2834300084220016,0.627042871866258,,,0.1766595203189584
,0.46558415368913175,0.23049571304615524,,,0.30949642912375736
,0.3381564722412537,0.7664677696808053,,,0.4425681123460873
,0.28421922437724567,0.3307567910293583,,,0.16766434799175942
,0.4012302336240195,0.3347711411692931,,,0.4822846692100837
,0.4972168510525349,0.5185643987134102,,,0.20805257452918097
,0.12149295699249132,0.2565428113416815,,,0.2797070811437844
,0.2545084504855342,0.304240741948654,,,0.28665368256242196
,0.2656128302153054,0.18252943889761075,,,0.3627728477454715
,0.2129190476664318,0.21377200548547032,,,0.23695256764390202
,0.3638742320202385,0.23525642015534998,,,0.27741885026307433
,0.2523777283984909,0.24750649007486103,,,0.5974975297386709
,0.43871058637887794,0.3493138959891997,,,0.23357552798680126
,0.3566341524980618,0.3505738458763237,,,0.17579099313846155
,0.5181457983554255,0.3267653782118956,,,0.400543367703148
,0.3962994314623817,0.4300266554827496,,,0.4430772930594969
,0.30840943565613105,0.3401733440767704,,,0.3177277562057078
,0.32463485551043936,0.6310980243775447,,,0.276179629131265
,0.05131670200560667,0.5573079163733766,,,0.5353520305511771
,0.06113539160730387,0.4380538871601901,,,0.3516704947369904
,0.42504503384349934,0.24278102276082406,,,0.3325052060776136
,0.4429196064163002,0.17835598142884787,,,0.36512071292676185
,0.3596835086875698,0.45248786712375133,,,0.3447416016164825
,0.16490844002943783,0.6547399363489113,,,0.3405410676616864
,0.20036141381038833,0.3927093639233519,,,0.1678848351177151
,0.48662342530908076,0.5130336935428219,,,0.3990370204382154
,0.2160774908281017,0.31884395002198956,,,0.5322250882650145
,0.49491610371468336,0.368639485317335,,,0.2559123238787117
,0.6806647355198309,0.3881936904853999,,,0.2798774792520293
,0.1422737777910045,0.4820369387135922,,,0.3032286410911207
,0.09565056533993105,0.171387816453616,,,0.26012176175682417
,0.6240557940180402,0.5095796102422072,,,0.30955497479433575
,0.08969950074889702,0.43621956603130435,,,0.17573102493714998
,0.13211039951080478,0.21836683374964375,,,0.2258339930235624
,0.27552122539825485,0.2516906673819383,,,0.35910473742215904
,0.10954455906678355,0.3084804932786253,,,0.17772083013146245
,0.508913643292037,0.32200081548823584,,,0.555667024940825
,0.6098788969608953,0.19118893120875755,,,0.30551560531662025
,0.5015523380357797,0.2604550236717517,,,0.31576953085305554
,0.5611504034497403,0.1994565651655691,,,0.324001367618973
,0.17439018808386367,0.40763602328716325,,,0.5477205682829799
,0.18331117934020164,0.17972908682167058,,,0.14562082669154433
,0.1361710072931578,0.40121030888929543,,,0.3358726353710176
,0.3235911150639977,0.26305157605473406,,,0.4923335936021882
,0.15990982658587627,0.07009707063866946,,,0.20582464409914802
,0.11602789810372034,0.06828038550155943,,,0.4633927018692817
,0.2066682030741764,0.7566843158948422,,,0.4331272296123725
,0.25312690811815153,0.35702959424023323,,,0.6859872288537504
,0.40400696065559816,0.3321156186948286,,,0.432742508641283
,0.22997330563456073,0.31203129499181803,,,0.6990672956997994
,0.4885264857263945,0.35541446901753676,,,0.5672518361425106
,0.6001398525031659,0.21553091223215604,,,0.5826616962701326
,0.2603457779055278,0.43650121359834015,,,0.3587612777371373
,0.3529255764351396,0.3516719393575805,,,0.22021249172675653
,0.7496498278593029,0.2503643407841563,,,0.17127269921525734
,0.4558165317877832,0.23029790343998124,,,0.6438396123037983
,0.41006521093742004,0.39071377683145314,,,0.26684672365104045
,0.15102391092565068,0.815210743639451,,,0.3941936507817489
,0.5520111087133971,0.5499918155744479,,,0.7683533847459301
,0.1405624724477524,0.3866667413188807,,,0.26617304313039064
,0.2672009125442768,0.42575500323528737,,,0.25207570085490777
,0.33609890029452355,0.29793600213597077,,,0.34940062594053906
,0.4616369401753063,0.4502545171719281,,,0.28692763961715856
,0.19605155775951755,0.2966753401261923,,,0.31786894962527457
,0.33170878417045674,0.35822993596603697,,,0.2989847386642117
,,0.38798252047803655,,,0.2338811273541282
,,0.4419473657097019,,,0.2707793699784313
,,0.5424981600996377,,,0.2732670787319783
,,0.3373633915843936,,,0.16760382056741246
,,0.4255530331027929,,,0.3075347906135361
,,0.21048611900492262,,,0.2782936874147739
,,0.1897486659851807,,,0.20946176131641897
,,0.2889335931447961,,,0.2184160473734779
,,0.22629828568161386,,,0.11623550981663554
,,0.24712200965970152,,,0.5028984440706477
,,0.4662671050004411,,,0.5190403763777569
,,0.32597895440979724,,,0.33063333939672795
,,0.4309400848697047,,,0.17759385939948924
,,0.389265811607718,,,0.5056195976469324
,,0.2951406252111743,,,0.5916651604488367
,,0.2694575241783544,,,0.6619799393308683
,,0.2786466778955297,,,0.37384597405632813
,,0.3997769810913538,,,0.273950930607403
,,0.20672505637750424,,,0.5306521446863515
,,0.3897230492428299,,,0.43748209965178103
,,0.37986464798731995,,,0.11528451066595564
,,0.44313297613248903,,,0.4930114867201864
,,0.27738404285943163,,,0.35558414681049805
,,0.32131027107574517,,,0.467492757403924
,,0.24669536405134712,,,0.23893839331072456
,,0.39770421597174904,,,0.1692772170574281
,,0.5246566987698408,,,0.30497981586967277
,,0.29592512634316276,,,0.3836594709801596
,,0.6551321081923505,,,0.7698467605883921
,,0.4578674754481594,,,0.7634020797853512
,,0.4290148373060359,,,0.42903011171974126
,,0.34856171367814465,,,0.34986099265642484
,,0.331482630610623,,,0.346652366463188
,,0.651763371983671,,,0.5482403453647937
,,0.24298774793148534,,,0.35760878014996356
,,0.34130102237335885,,,0.39240156743007376
,,0.1528778587446896,,,0.19582800939699457
,,0.4547572210747189,,,0.2105533905133737
,,0.255567030589161,,,0.7706117773942848
,,0.7469395018481948,,,0.14569095101305088
,,0.22215248345616787,,,0.6639799742183051
,,0.2286066995114906,,,0.37856270474494635
,,0.3652727702753373,,,0.29949012865358393
,,0.34804098869170097,,,0.2270452579699167
,,0.492645174271404,,,0.27035212148202103
,,0.41217864200140236,,,0.35288963294360876
,,0.32712507515422407,,,0.24020271954109446
,,0.4410322342235532,,,0.29722888385053997
,,0.29369405621400063,,,0.2794226079065283
,,0.40901339701525985,,,0.38162553602500593
,,0.304762838514493,,,0.1765659308309841
,,0.5470492165260584,,,0.4261152510028692
,,0.34463228298890575,,,0.1208548796223322
,,0.2316204797268212,,,0.2557047484611469
,,0.4222082440587345,,,0.7490548306725351
,,0.4291995098906427,,,0.1817246364132495
,,0.560623174009938,,,0.13420340583214596
,,0.3712657492038472,,,0.1451646132926779
,,0.3505949383263554,,,0.22310990471740824
,,0.427857573121915,,,0.12099258710836039
,,0.4685137522392601,,,0.28009596059388586
,,0.488541912672654,,,0.14443386642556766
,,0.3880363983162622,,,0.176397953502322
,,0.40521904642194995,,,0.31636565338261685
,,0.21728369567982425,,,0.2914010232640893
,,0.4084682980715041,,,0.10287202701254763
,,0.5902146278292499,,,0.20786353094569937
,,0.216968997987622,,,0.7189531841145421
,,0.5399225265820784,,,0.6253661087866108
,,0.1551602120918484,,,0.3203682926123778
,,0.11476967130118568,,,0.38002332761578045
,,0.4327819370875625,,,0.19831420692109245
,,0.32711961980353255,,,0.26790546047269764
,,0.2632076627226183,,,0.7033619574132691
,,0.2330062137762231,,,0.35053716779380845
,,0.3005943384578705,,,0.20238237337846418
,,0.5155057594776432,,,0.21359880732081227
,,0.3625384136283683,,,0.16582414376345542
,,0.2174126512759841,,,0.337798927189622
,,0.19165060260531383,,,0.14845819262152066
,,0.5411034094550452,,,0.13515961534427753
,,0.43731804017380366,,,0.15142911080304416
,,0.3093031630156464,,,0.4209417741036214
,,0.3537895195960038,,,0.17628589026325578
,,0.553686394694214,,,0.7639484957342381
,,0.22539733640584228,,,0.3040579480527197
,,0.5838795323573118,,,0.27156520330740513
,,0.6800573017465764,,,0.4557444888630842
,,0.689580742395818,,,0.591803481517675
,,0.5960215088179752,,,0.16164991803024484
,,0.3291438339458194,,,0.43421084139004457
,,0.3032593714916805,,,0.21117854801531077
,,0.35941304357530923,,,0.22988882223087484
,,0.2596757067469283,,,0.611795497710404
,,0.4293836410014517,,,0.456588226518164
,,0.29327243315253587,,,0.7592786591614901
,,0.874536994676074,,,0.24397586184458261
,,0.3930517186982986,,,0.8402570825605933
,,0.33160095897709113,,,0.37739002823137296
,,0.34753652118682515,,,0.2058990880890764
,,0.5275299029959147,,,0.23138558769425632
,,0.3152034434701283,,,0.34196514809864953
,,0.3515082345759293,,,0.4440368015453928
,,0.4714911026828539,,,0.2577433073082491
,,0.6054732206538506,,,0.3636969653844857
,,0.20482723371967831,,,0.28321401338072
,,0.4110847459016346,,,0.2555809134779903
,,0.13512985830169272,,,0.29799154726754545
,,0.10112324622303276,,,0.44823446382453985
,,0.24746712313192432,,,0.276622641363104
,,0.20974022264816766,,,0.26070050607036893
,,0.49641714578234564,,,0.36866247590429757
,,0.4088060405671531,,,0.2579103803230161
,,0.18312678700794321,,,0.14174302629572746
,,0.3608584821517413,,,0.750008252441072
,,0.46908007967945603,,,0.21134668507944604
,,0.349430293229985,,,0.13932532943066706
,,0.4125518617860735,,,0.14281438754965445
,,0.13751445018998115,,,0.2692106659486343
,,0.5387730222608947,,,0.18491568312265283
,,0.32745303081930227,,,0.3585188305583668
,,0.3254389067932589,,,0.3571455829600362
,,0.3944615343914567,,,0.33253016096796134
,,0.4430602331556485,,,0.24559349403951708
,,0.5443415584980409,,,0.1971306721655282
,,0.3488896530505131,,,0.41262884638361197
,,0.6448762340284968,,,0.435303440413879
,,0.42661454514406333,,,0.28897881774714856
,,0.7292551057237971,,,0.4478068393531685
,,0.6223312920268972,,,0.30215597396559735
,,0.1138767444332157,,,0.5211891631575546
,,0.19171030564397445,,,0.2147450705643354
,,0.4748626126126126,,,0.39762608650939724
,,0.44534796580675484,,,0.2478947109433011
,,0.39295624630488085,,,0.38687281571595306
,,0.44291757580334823,,,0.2880652036033059
,,0.10344775344945782,,,0.32612979968943717
,,0.6691384495942312,,,0.7726659746713023
,,0.5098323564311319,,,0.5639419005227934
,,0.2965372842922607,,,0.4094162908467432
,,0.4013207286167268,,,0.294151578502344
,,0.24175675333306051,,,0.5651086949389431
,,0.4075653037665441,,,0.25659650219565744
,,0.2487548265733804,,,0.2797251075570225
,,0.2423827596448962,,,0.3491622625210709
,,0.4349196933452832,,,0.3012478614509684
,,0.15852625289118258,,,0.6916828270049318
,,0.5004044669965436,,,0.5164382905786485
,,0.6167249374505921,,,0.3294869073833338
,,0.46993134489929633,,,0.30635014468637906
,,0.14445131532971373,,,0.40934933093953096
,,0.28613583951198945,,,0.3622279345859194
,,0.4214235912579221,,,0.45290579455310304
,,0.8296889077170894,,,0.4360057367878916
,,0.5440536088455067,,,0.30512443147060686
,,0.28383185802098654,,,0.6108084302405145
,,0.17591977225159453,,,0.23128575630758744
,,0.24917229121408901,,,0.2695010011302896
,,0.35228670822503116,,,0.2624877994984782
,,0.29400118754481097,,,0.223035989804658
,,0.4851629617717398,,,0.5144648280703897
,,0.6546575701361099,,,0.38586937892527834
,,0.3026674037221301,,,0.4121768400223685
,,0.4065513007421721,,,0.20361974853854334
,,0.2544818985800125,,,0.2750085237638549
,,0.3890951508512749,,,0.21785444402130244
,,0.3317666175074395,,,0.3717307103352609
,,0.3124369091980291,,,0.2790016033436019
,,0.32831046115858165,,,0.5166848351940118
,,0.3226175847028479,,,0.20191485984295798
,,0.18749004091664082,,,0.18340556279179
,,0.17062644256641393,,,0.7802189271019331
,,0.21216877959998787,,,0.23098668270907127
,,0.11505221397628963,,,0.18705014797821304
,,0.42675340119452265,,,0.6518586921948266
,,0.3487391846642646,,,0.38832147369601716
,,0.104544581513904,,,0.2197991614131277
,,0.32704464568871344,,,0.1798749241275461
,,0.27879172780468575,,,0.19287643107411456
,,0.26143895779499415,,,0.5750812403026051
,,0.35176299773682723,,,0.3098068541824191
,,0.46224223534140696,,,0.21680631370793313
,,0.3633641897743818,,,0.27488278744393346
,,0.27545975888724017,,,0.5873458703159354
,,0.11171921475312314,,,0.32925322139727814
,,0.2962728164328027,,,0.6638539533315636
,,0.4604908981977191,,,0.6470102211412878
,,0.29965686326424706,,,0.7240005583072334
,,0.4918279686126949,,,0.36984006473786624
,,0.38772370544793555,,,0.7092009836314525
,,0.5662456195808716,,,0.18493985368820448
,,0.29151499321338364,,,0.6510833323796117
,,0.4119800764872051,,,0.37100629074775593
,,0.32245985268883104,,,0.42059552683245016
,,0.12050834690830879,,,0.30902080340197086
,,0.1705069856294327,,,0.41413231405271916
,,0.17926681519731738,,,0.3872666895683041
,,0.3636723906113517,,,0.2746952456483355
,,0.2973280179736437,,,0.5594246226621503
,,0.36999046649289,,,0.5487408891498842
,,0.19941619589469436,,,0.3097944067224189
,,0.17896397364346378,,,0.3701722613318325
,,0.4803691156044003,,,0.19228598645832323
,,0.40111441730000186,,,0.13363566150522543
,,0.3228602093714924,,,0.4726873404218568
,,0.3596781906879037,,,0.27562804330747015
,,0.31057310514120445,,,0.4970092774155452
,,0.2536532404894214,,,0.4941707662241392
,,0.27193504344602476,,,0.3560594338870681
,,0.20897600503233132,,,0.27701006124234473
,,0.49437549990829105,,,0.3959720110778729
,,0.3892653068646213,,,0.18046281694236596
,,0.26791766708171344,,,0.2947630472767569
,,0.29155180206212966,,,0.2831647112926858
,,0.48560180242047385,,,0.13124025770608375
,,0.43398498445042455,,,0.26284661807943294
,,0.22469399443232466,,,0.5074474755333181
,,0.41825434209603224,,,0.16777826627877607
,,0.37126676434126,,,0.26639726356291843
,,0.34553117555635493,,,0.5963329885526488
,,0.505678243107051,,,0.46282536700164173
,,0.3788516486954345,,,0.4363476447724187
,,0.6628896741264232,,,0.6883166072083484
,,0.47443729221714337,,,0.223597542631854
,,0.2804017088094574,,,0.5563040525053528
,,0.416005836067642,,,0.2086923205252547
,,0.16713040375746863,,,0.22109982270957454
,,0.4771148154327369,,,0.2248124595299966
,,0.383374955498658,,,0.26486028474108453
,,0.6753553745974549,,,0.3503011582652633
,,0.40599199226839705,,,0.1007095980656495
,,0.4395914994731013,,,0.640715313701556
,,0.3011281434725979,,,0.4713263688982133
,,0.4694314664857761,,,0.3086760652957389
,,0.5147836269688316,,,0.3275757896968412
,,0.21554568673283575,,,0.23650408818079668
,,0.473672481743565,,,0.4203218331246312
,,0.21809898832594574,,,0.2565548903083618
,,0.1545087841322808,,,0.1786108632749535
,,0.43425829758410484,,,0.13381016462345607
,,0.4235734108894381,,,0.49955616004718245
,,0.4056957342030729,,,0.23929743896824518
,,0.7921461443925473,,,0.527859212946707
,,0.3880229248277633,,,0.33573163818932705
,,0.6773859315589352,,,0.3144627095311361
,,0.4526649604125892,,,0.49462048855330665
,,0.36429693673708313,,,0.31394839322853985
,,0.3782239677987146,,,0.30866513651951216
,,0.24640611208643332,,,0.25202096986627825
,,0.35124745907154364,,,0.731436135578797
,,0.44358180339963443,,,0.6049115608132662
,,0.5560886025300351,,,0.3161887824870309
,,0.2443210133738552,,,0.3724018031820525
,,0.547214984565479,,,0.27997949260963245
,,0.332389432572886,,,0.32668546184617997
,,0.2927350586166658,,,0.31169306130878555
,,0.4338356223449143,,,0.2538005380398012
,,0.37289342163775546,,,0.13556784412574868
,,0.3167369348672584,,,0.5162456191949089
,,0.21714567748146094,,,0.14654712122752353
,,0.3694205369598382,,,0.25051174683921074
,,0.3144810234239342,,,0.18962841700095384
,,0.2254731626325882,,,0.3439464409352104
,,0.24754069581395552,,,0.20927370632922226
,,0.2479722735239798,,,0.6268270875447053
,,0.17922465072325675,,,0.3572675322655885
,,0.33152862245958276,,,0.1944472107723237
,,0.4375829625677565,,,0.3674388596238216
,,0.1985963796983111,,,0.6225316065012433
,,0.2447546617268125,,,0.3484651650241965
,,0.18385324256090796,,,0.2805792351765413
,,0.5088910153891661,,,0.1252878742005886
,,0.358563671610409,,,0.10438757650378262
,,0.4392855949183163,,,0.4794381963743227
,,0.18663503529223807,,,0.09364761535834959
,,0.2204430755792271,,,0.32352472089314194
,,0.2500735651726125,,,0.27165529322561244
,,0.3915558805366229,,,0.4019522721798786
,,0.14717487454959025,,,0.24941862644510374
,,0.32833714932130936,,,0.24756960428281588
,,0.21595468282632477,,,0.26281410717097375
,,0.48643860824624213,,,0.2947250678634274
,,0.23589692825150202,,,0.20839256739709283
,,0.2449644657979569,,,0.07296395015047549
,,0.36802327010311203,,,0.09357104962398091
,,0.3188480594549959,,,0.5470669805907479
,,0.4697719074244123,,,0.30542465124086693
,,0.16234973756675597,,,0.3116693266357838
,,0.24436932587847554,,,0.3357120779445469
,,0.9122463486272986,,,0.4155845591995953
,,0.7116206878580331,,,0.4332515858269601
,,0.5518636291317828,,,0.35507554769827687
,,0.23310197566098012,,,0.17841763566181643
,,0.3906233349134431,,,0.1997083282175979
,,0.5458139074642053,,,0.32029876356798714
,,0.4538124346077299,,,0.3492711741302486
,,0.4587268433620181,,,0.39041412018389193
,,0.26626045438353035,,,0.49977932817689413
,,0.47477691060420535,,,0.2808934856318887
,,0.5080054192478262,,,0.22492306995714215
,,0.1879510848260538,,,0.19199292989428945
,,0.2470928297107039,,,0.16412759319219758
,,0.7925071080875896,,,0.1843333239143208
,,0.8094715582991232,,,0.13733212640055037
,,0.481249107440377,,,0.23365915701888723
,,0.25051067353992706,,,0.13494445329284552
,,0.28868506984572667,,,0.4029106564615838
,,0.23908266317561247,,,0.4050837340136722
,,0.2708938775050193,,,0.39838150518037196
,,0.41244500050588434,,,0.479388451445947
,,0.26901958665959463,,,0.38298776196381035
,,0.39916252614950004,,,0.2149422042098065
,,0.24738307557888506,,,0.4391206741469685
,,0.5848151603617482,,,0.8532400133865321
,,0.3924603042785012,,,0.38330911094051257
,,0.2014983400924706,,,0.09278377202973885
,,0.328647046045256,,,0.31661298436080515
,,0.5591322379673728,,,0.4043941176135252
,,0.09306107994735528,,,0.16984834179952774
,,0.26239619861331626,,,0.19391458462626796
,,0.16294059562826363,,,0.454205488216622
,,0.11664051120865071,,,0.2855889562179761
,,0.28227613631947773,,,0.48734490641810985
,,0.2530550702654875,,,0.2260607711831596
,,0.6895466837062387,,,0.2341181869022183
,,0.5185583842141845,,,0.618329062747125
,,0.3432094887752006,,,0.33409675966689295
,,0.32084498473485334,,,0.518696975622284
,,0.5609899610097134,,,0.2880190316768573
,,0.26640765275794664,,,0.35262538669611343
,,0.4187640881993084,,,0.19241692982978809
,,0.24599706259767692,,,0.16022165286301618
,,0.39968376246229287,,,0.36669191398581963
,,0.18327248714774608,,,0.3679557738676801
,,0.2833552596664404,,,0.24087564260319344
,,0.48749383655633116,,,0.29350859803184187
,,0.21582175316537672,,,0.21531397747380926
,,0.27706101667327904,,,0.6001407541249171
,,0.12218595030087492,,,0.3933552779460452
,,0.27407533817330076,,,0.8457360708548414
,,0.5454205059172703,,,0.2181860025195518
,,0.21513882882995705,,,0.2151808982321899
,,0.4268236779942466,,,0.3677325426368165
,,0.3107577994615908,,,0.34893085141033153
,,0.3040365181953273,,,0.572391744686412
,,0.5771592810639062,,,0.2778213305957924
,,0.15155311211785946,,,0.5333696336995896
,,0.18322341386326632,,,0.40094199757397375
,,0.3578924018542663,,,0.4390218670202496
,,0.32262109887013907,,,0.2962675038478976
,,0.3342216833179661,,,0.49876112544870355
,,0.20879079283306615,,,0.2813124432737549
,,0.23699116766101375,,,0.5492736015491535
,,0.24426566530539476,,,0.30881254432473354
,,0.15791997118984333,,,0.21689524474770466
,,0.044399353921486945,,,0.23052906195868486
,,0.4968072432082167,,,0.25701828378768565
,,0.3633797554681795,,,0.37658601157107274
,,0.1914468385963062,,,0.3387308647589654
,,0.48880892098358153,,,0.2215214855900473
,,0.35714979810347325,,,0.5235515788513021
,,0.38542089497693055,,,0.5464655195197371
,,0.256217835262083,,,0.7405301602640544
,,0.25724914788941705,,,0.20701324240078656
,,0.3194454950330743,,,0.2637292106859689
,,0.5648243192281863,,,0.21111946101378257
,,0.32945171736485795,,,0.27625177414378277
,,0.13389450035600395,,,0.4616374323136021
,,0.2768055566861767,,,0.3834408305272226
,,0.4010487049707806,,,0.39074498205302055
,,0.3549881627147927,,,0.38550896973479926
,,0.14798492275521122,,,0.27121744248979773
,,0.5028117848438052,,,0.22284325937788577
,,0.2312094163395166,,,0.4581357352035058
,,0.30932915028139635,,,0.6281146320696941
,,0.22653857463548277,,,0.4025353750851444
,,0.27435318409993,,,0.5510650565471429
,,0.10306378544742353,,,0.43096246021868423
,,0.18447630764760622,,,0.20326059883865735
,,0.15280013014137003,,,0.11768605656295328
,,0.22171455248689612,,,0.49549686088227485
,,0.139581811265374,,,0.3227774998752481
,,0.1983726456145403,,,0.33106676863515927
,,0.33645777610998895,,,0.3265985731809894
,,0.33271354048145085,,,0.26734094594175906
,,0.24725251013055508,,,0.8511420281639853
,,0.2544551376014358,,,0.3644334596938629
,,0.2258344169917642,,,0.30210373334462975
,,0.3052999842292517,,,0.2832529009427046
,,0.37461659420803906,,,0.23643212559835514
,,0.22609509276244813,,,0.4984486553223469
,,0.20281777650529598,,,0.4268003612508178
,,0.14798897860213608,,,0.18713374060727805
,,0.2973990921503878,,,0.4708889216222662
,,0.414572240726089,,,0.5615594441304589
,,0.3911229889328746,,,0.361000802523799
,,0.2527709593028122,,,0.4768139374437136
,,0.37064686185638196,,,0.2303247030254514
,,0.23341599746531427,,,0.2169160226692208
,,0.29255306348365984,,,0.24148006335421668
,,0.4036383443158037,,,0.6758864131057396
,,0.5356216355590169,,,0.32946967438368635
,,0.55251918852604,,,0.2832881913430336
,,0.181808384697541,,,0.30373751560549317
,,0.43953595337657997,,,0.288313436329588
,,0.29496231124431227,,,0.2260997191997765
,,0.3428153062000136,,,0.27598300497076833
,,0.34652347032488834,,,0.5353598040813597
,,0.3977346306256529,,,0.37056190415425583
,,0.4527854887319227,,,0.26991242656671044
,,0.3339222122890862,,,0.4301211685813297
,,0.27628150658060247,,,0.35415439874432364
,,0.339975827913287,,,0.2948157244553043
,,0.4113796702991916,,,0.42117649458045703
,,0.37316546264808914,,,0.8781291680389809
,,0.27297738541540695,,,0.5639254747429833
,,0.3059220755662284,,,0.30114055334995227
,,0.4079974827484501,,,0.2659859046563875
,,0.5672124574137791,,,0.4239555107442183
,,0.43785855381680533,,,0.35236654495952957
,,0.22546983368708434,,,0.5299074236441584
,,0.4008155524129845,,,0.3722078544216322
,,0.3638946483771814,,,0.5491912852366263
,,0.507606882727384,,,0.8193457010326203
,,0.19534501907383267,,,0.5049020410640468
,,0.26954210167536885,,,0.1934948437602144
,,0.2626791284629076,,,0.4018366200453862
,,0.12575846367200152,,,0.3590458533029824
,,0.33402971056370134,,,0.22238506962546198
,,0.2819205440799895,,,0.5502055509877558
,,0.3974706033616196,,,0.4428794441361833
,,0.29320529121499284,,,0.4764422871186047
,,0.19852396982008128,,,0.5307176082310944
,,0.20654569852340646,,,0.32774908580777284
,,0.3229263436942775,,,0.45340463862978203
,,0.40097701669020774,,,0.4450670696222041
,,0.31115058108463245,,,0.5280938261389233
,,0.5655413969836323,,,0.754988935374705
,,0.6823116788563859,,,0.12123622589704718
,,0.3500144313321342,,,0.5915021529534079
,,0.19296475232770632,,,0.330483200161809
,,0.20742334189636294,,,0.36272442003047534
,,0.33005797437457096,,,0.4622994676545202
,,0.6371428162232752,,,0.210580250501999
,,0.37440982186586597,,,0.18470977289981094
,,0.37614457735574647,,,0.16847031135297247
,,0.28897632926741296,,,0.3039021268777283
,,0.4291301074710555,,,0.14894030192273203
,,0.21626323553922208,,,0.16841685374496743
,,0.41298224772707676,,,0.0909590159372159
,,0.4041952976561848,,,0.3774071067955968
,,0.2929106020509428,,,0.2810078968769115
,,0.6718709598442084,,,0.3305316656715101
,,0.7049812733546384,,,0.22496795146356238
,,0.3180248038956989,,,0.8070557877477657
,,0.2808275960080849,,,0.33171618494986965
,,0.1718884897523355,,,0.18944868986505697
,,0.39841923479527985,,,0.31495326321422007
,,0.5240744587148218,,,0.4267341782311992
,,0.3182864692477958,,,0.19884532937045465
,,0.34394346669239667,,,0.7392327380722388
,,0.22454852746381454,,,0.4654129292645417
,,0.29524224225912843,,,0.6292600198199856
,,0.3187643013039157,,,0.3076107410848839
,,0.3316669127625315,,,0.33056671622696315
,,0.2885457118824199,,,0.5872705360109138
,,0.1994759943050185,,,0.46388778974898154
,,0.1686354790608335,,,0.5405260646146167
,,0.3256847730388489,,,0.28311719127887347
,,0.316902186691747,,,0.17931019626744502
,,0.5225029244566667,,,0.3806354964658929
,,0.3018699247560158,,,0.4885121440870001
,,0.20964964868947988,,,0.504669416467336
,,0.2829956116160284,,,0.4368442013508609
,,0.4041960124234391,,,0.22783011141551335
,,0.1300196677146515,,,0.2489221986975963
,,0.3684541963815284,,,0.28480910078871
,,0.11183063138565265,,,0.7399446970603877
,,0.4781934863637143,,,0.34152954330602864
,,0.03754904887346541,,,0.20340080272754735
,,0.483299581321747,,,0.32389290523360037
,,0.2925690305774152,,,0.4910374626467886
,,0.23728191316677605,,,0.2873994994418943
,,0.2701081822612379,,,0.40648280118136265
,,0.2268577402114071,,,0.5191524339678162
,,0.2579492903159423,,,0.14893934397209327
,,0.41831507927123884,,,0.5140205242172691
,,0.3989508800184056,,,0.35963350330302424
,,0.48103159142347385,,,0.5722602517437827
,,0.3403802334349693,,,0.2279947930774553
,,0.3685867166801554,,,0.7153648852816135
,,0.36300109748375825,,,0.2752128534649446
,,0.50213264022526,,,0.4406833922035237
,,0.23933252235861557,,,0.686208125937943
,,0.21399985939317503,,,0.19151311807511281
,,0.12632564540663066,,,0.38073244045207416
,,0.25202034834317677,,,0.29820743542476
,,0.27366130327286103,,,0.47744891708095993
,,0.3191107498677141,,,0.28538266205057594
,,0.11502855586867548,,,0.17869899420751456
,,0.25014279411009,,,0.4485100193394649
,,0.36828803161546764,,,0.7052594694576245
,,0.44086896888595745,,,0.3977326491549313
,,0.3872842296527732,,,0.49901424833505376
,,0.5235470407252455,,,0.6953581621377383
,,0.26811508704107356,,,0.40195396972505404
,,0.5041860368909045,,,0.20886422842163982
,,0.4452538985191026,,,0.5058626898033725
,,0.38748674130669347,,,0.30521479320870143
,,0.7244550614450248,,,0.6601484258844355
,,0.2956270571639686,,,0.3844164295408773
,,0.570481249326617,,,0.32044443574104514
,,0.2776316533169692,,,0.22931797427611902
,,0.41632890941906864,,,0.16619968390635406
,,0.31020056789060657,,,0.3400016365903085
,,0.4852190274025472,,,0.388644309958299
,,0.35179928077152456,,,0.3706194466288834
,,0.44467472754268095,,,0.17513284270924284
,,0.49680570317999406,,,0.346537163392662
,,0.31258156928837744,,,0.2602161085884952
,,0.1789147529663779,,,0.3956177701910148
,,0.21864863519691702,,,0.5000110132158591
,,0.27033792240300375,,,0.16507485775879147
,,0.4422750878647936,,,0.24975350452265613
,,0.5250782407820257,,,0.41106628316526445
,,0.4533627151810845,,,0.4337702966996118
,,0.36080436921604087,,,0.2765352029136922
,,0.41216225514405813,,,0.37982163568655103
,,0.49766514384972793,,,0.4245786241257282
,,0.3156468767017953,,,0.31103832712199314
,,0.2869140312391138,,,0.19705310563510012
,,0.46146244117715124,,,0.18250579109719245
,,0.6066357868020305,,,0.1895129207119424
,,0.251108031519957,,,0.36800903842309696
,,0.3798442578003974,,,0.5105664927396931
,,0.6014909082464409,,,0.23497092254023272
,,0.15353835174230146,,,0.2244186023023611
,,0.3084351602276131,,,0.41409645912761806
,,0.5443977591036415,,,0.22852276754554982
,,0.19835170758430118,,,0.6504623824964074
,,0.4914031460476712,,,0.3220643749430109
,,0.26740963662264733,,,0.7950351199438711
,,0.4039808061941589,,,0.49359327084532245
,,0.492537450055151,,,0.44580295392938535
,,0.3874403756335089,,,0.18622281406807525
,,0.5916338670078981,,,0.43150088536507547
,,0.6500383866454819,,,0.37840036240142216
,,0.35747191278189255,,,0.26275242740575283
,,0.4073926802337773,,,0.5754524728847514
,,0.3884666708422551,,,0.4256911253236655
,,0.28485439758466974,,,0.3852025051695862
,,0.36487461449562797,,,0.32482134227018117
,,0.32048555774767795,,,0.47229001793083697
,,0.22383594107547022,,,0.19754405821553972
,,0.40942372417822503,,,0.5822473803494146
,,0.12251170555620047,,,0.30667200404618117
,,0.6296693830804561,,,0.27921046733631605
,,0.4608482532297595,,,0.25863289329091266
,,0.33258232385270164,,,0.21028581163113214
,,0.3563091673268789,,,0.20190630068314738
,,0.36719949316503814,,,0.2274306408807195
,,0.16135286610230543,,,0.2369705914876886
,,0.3394558871625609,,,0.4138034594141947
,,0.41686563074875727,,,0.4765085181577218
,,0.6152418894185722,,,0.46041801429032514
,,0.5411689478556619,,,0.38974000262308184
,,0.7012197538157834,,,0.38191277779980676
,,0.3045016883882345,,,0.22060063706615
,,0.3380259357309434,,,0.18924525275506018
,,0.3192690670021915,,,0.22433702905175154
,,0.3624913661679983,,,0.5991449702877174
,,0.41984839220199976,,,0.316641071513386
,,0.35724630602027113,,,0.3353450596076817
,,0.7555988763230794,,,0.38659123360153264
,,0.1970332589628032,,,0.23306937289468627
,,0.18506414663877876,,,0.2656123003719393
,,0.726417051729242,,,0.3738750207434922
,,0.2991913985525728,,,0.4130513029287504
,,0.22959839880621055,,,0.3528461051917963
,,0.33655310087387275,,,0.3625311279133982
,,0.2784624022309634,,,0.3423666667998035
,,0.3282510908727777,,,0.4865239064296314
,,0.10888836805717104,,,0.3779472249388477
,,0.05266384099304903,,,0.16157756513599253
,,0.08587665283296267,,,0.3914660148733684
,,0.0833985665367043,,,0.40387597850861573
,,0.5697740347228604,,,0.3493798569488254
,,0.4560189286942745,,,0.23988207126544545
,,0.37726930495397937,,,0.21026573422158676
,,0.36840680079179733,,,0.15934527031415766
,,0.42047390691114245,,,0.2105129148894711
,,0.285456096542747,,,0.5778699491570779
,,0.40574408366289527,,,0.5675081525551078
,,0.6591493459411026,,,0.5608477660291504
,,0.3989323074745925,,,0.39594465253884037
,,0.3263046632583471,,,0.34076267034709445
,,0.3773326942486602,,,0.47188163613630496
,,0.5141148760523309,,,0.43124656631139435
,,0.32537627728683405,,,0.5420183682029922
,,0.2527924870294703,,,0.2896471983605637
,,0.3879853441487153,,,0.38303850820614344
,,0.14542221476955355,,,0.25435851586946806
,,0.3102004991600894,,,0.33663814206952336
,,0.10924152555100877,,,0.4785168018539978
,,0.2551208101186197,,,0.6882650683849396
,,0.14865711058395537,,,0.36610504654266013
,,0.1483051105061384,,,0.19607098670974282
,,0.4765370479241404,,,0.291908595966567
,,0.27398448767604117,,,0.28159036883674565
,,0.2509644497130389,,,0.2444912621064917
,,0.2955283402850718,,,0.1147945496157752
,,0.42722497874568305,,,0.12223802259740933
,,0.5827599571321199,,,0.30909919707661626
,,0.30738595373009925,,,0.14479496830858304
,,0.8470853488403679,,,0.710861990897137
,,0.24989660101203698,,,0.37118133815254817
,,0.4018501120185011,,,0.21870739159426347
,,0.3829104325938433,,,0.3678574154644684
,,0.6070331031969749,,,0.3206817408227197
,,0.3339353522568136,,,0.5134006670598322
,,0.1667643725329269,,,0.24156827177704251
,,0.5852610458707856,,,0.17023822069618028
,,0.36979135359416715,,,0.41883372665610424
,,0.15955122258703347,,,0.38361809203228797
,,0.2669677964968773,,,0.300224806252506
,,0.40331011633598135,,,0.5263989488834803
,,0.4589129309618479,,,0.3264130902578029
,,0.2031828142236848,,,0.4413193417029491
,,0.2364140190325254,,,0.24654693085035967
,,0.3651540013653661,,,0.7851187374077641
,,0.18615564226650774,,,0.21522976082358164
,,0.30318533952921073,,,0.18507133238400783
,,0.3499452693366723,,,0.5593298265386238
,,0.4224413685944926,,,0.5299009504449956
,,0.35482193199959244,,,0.3449976662182145
,,0.14798320070481769,,,0.2796887856159099
,,0.1377252807723342,,,0.4256621494700121
,,0.3699531205695196,,,0.36082619572591584
,,0.5425560808650862,,,0.20705563093622795
,,0.25708391131490843,,,0.3054920708955224
,,0.12856431526705545,,,0.3987880034951406
,,0.22536508512561373,,,0.3119447859481699
,,0.3720071822624126,,,0.3343030686645649
,,0.40554422821357705,,,0.6506572768880287
,,0.20444758635410326,,,0.5107348750911139
,,0.3352744505862779,,,0.3866039159169978
,,0.13274708052559694,,,0.3399359155253746
,,0.18804840530337202,,,0.5075322866356796
,,0.3545442499047754,,,0.44337376774103343
,,0.5952837960237,,,0.6807357593513023
,,0.5231606065404024,,,0.3544907910213397
,,0.22481167403120708,,,0.471409191889554
,,0.277342160384322,,,0.45618703668504085
,,0.34299311778934927,,,0.7679754664101889
,,0.2980482107495645,,,0.32280070888612633
,,0.48401333064027474,,,0.2608174310265909
,,0.6669853178943573,,,0.3579458685606272
,,0.3603157344418037,,,0.5653489373607065
,,0.2022542388983094,,,0.48817431174048
,,0.32751942101647863,,,0.5441216449250369
,,0.2911452911559134,,,0.41548475872338037
,,0.5576221167531904,,,0.43433738523779103
,,0.22822038681277645,,,0.18542394694322323
,,0.32006080257726993,,,0.1936600533573817
,,0.4009655938419321,,,0.28626128007458523
,,0.26090819595541614,,,0.5027025325091046
,,0.37458143120324816,,,0.5662573872422888
,,0.22554704009844048,,,0.4866488486986897
,,0.31792191637910283,,,0.43091664526507134
,,0.43590227344191,,,0.3990016088197056
,,0.29533555692032065,,,0.6761585425358023
,,0.28892521235831614,,,0.34775432164186587
,,0.4212701836396499,,,0.6432121220801169
,,0.31215871546674223,,,0.43182716111790287
,,0.37094586225370735,,,0.2247598214549647
,,0.25166567255098543,,,0.31272656808967325
,,0.07545223179326546,,,0.5843697869375173
,,0.09956091285378678,,,0.3241434602149775
,,0.21321395838677532,,,0.8655021680259223
,,0.11106491683565224,,,0.3515706721684273
,,0.3268087073482353,,,0.2502359962784875
,,0.08261055296054712,,,0.36618841267653796
,,0.20475021330910556,,,0.47140307101727447
,,0.3363810074265257,,,0.2511455094944593
,,0.3348090055032524,,,0.17013117843950737
,,0.48999549150595145,,,0.2866735524081908
,,0.1878324464801295,,,0.28051868074606245
,,0.26948059982183514,,,0.30887175814234014
,,0.40086655669081755,,,0.2883654770035771
,,0.25722912059874126,,,0.35270514373567585
,,0.2504411975562452,,,0.6918544608594506
,,0.4300881319719786,,,0.4428921633843943
,,0.2453913479359175,,,0.857409543344943
,,0.37360111401308765,,,0.09535640623928512
,,0.27900524720101416,,,0.2114695482303211
,,0.5098546905050216,,,0.41107871720116623
,,0.35300807343206675,,,0.3158817988973257
,,0.37980738262321095,,,0.21345715759812678
,,0.31172373633277917,,,0.4358918827647091
,,0.34019749292660534,,,0.2397190625170546
,,0.26916939347628377,,,0.1551848285793898
,,0.23498036280841172,,,0.12129522085904805
,,0.524059935312108,,,0.779008328038605
,,0.06956729067041935,,,0.1810075036362968
,,0.29797351469409195,,,0.48301589453683025
,,0.1688186117664803,,,0.2039002331914909
,,0.3808839446881688,,,0.19331155353270227
,,0.877122320645766,,,0.3826608587198317
,,0.19334807700970885,,,0.36556413479941463
,,0.3781639336384106,,,0.33438188711828176
,,0.2297895304910955,,,0.6443697782249245
,,0.37254434909991724,,,0.3127581003605476
,,0.41027487422385445,,,0.34165812058077405
,,0.2865165803442528,,,0.138890639861379
,,0.451566929281678,,,0.30766079080685826
,,0.297950399233314,,,0.1529345709664459
,,0.22955991544597995,,,0.3254886487798956
,,0.24294957043041393,,,0.22390459005368882
,,0.3361319121643797,,,0.45181929005617677
,,0.33952234313253093,,,0.17923272142130917
,,0.14670320999958475,,,0.5450519609977428
,,0.38729307731269763,,,0.34720901393996406
,,0.38029387684955995,,,0.45218036432053366
,,0.30470190490249716,,,0.10145428889078936
,,0.5278284304409093,,,0.40521186658916497
,,0.43031524649012765,,,0.40362627013266034
,,0.28220542572549157,,,0.5766728315052281
,,0.2583561142961611,,,0.5238792506391456
,,0.24303512522016107,,,0.1467633721808476
,,0.0853421981497801,,,0.1636221997477479
,,0.36503480884315076,,,0.7017184470330516
,,0.6045482170135182,,,0.5589161399821396
,,0.3294040288877551,,,0.30245089270051273
,,0.23557166558034348,,,0.20953408474613514
,,0.3164733445601802,,,0.25914375019513836
,,0.24473074785933932,,,0.3956759973153
,,0.18391024230562858,,,0.24588797989841799
,,0.1483817832542639,,,0.3641413705627556
,,0.2237076782505575,,,0.25812545384065216
,,0.5200711017274771,,,0.3554818811348662
,,0.6234681306688054,,,0.20835609628180896
,,0.48491187303103506,,,0.23080143326059954
,,0.1777723893925291,,,0.34709576521760377
,,0.19467317146574384,,,0.24540198816875544
,,0.30715602849913926,,,0.23144913478656745
,,0.3592041226386999,,,0.356365697304832
,,0.5668373761844889,,,0.5767503469821786
,,0.35463706338740836,,,0.21073639362790617
,,0.4270609598613688,,,0.43941611815406156
,,0.5558694374436474,,,0.4628674270294156
,,0.45560822205004325,,,0.3555421606629185
,,0.2215569783117955,,,0.64999835628533
,,0.44527223121540443,,,0.23894738856998232
,,0.24841427710373326,,,0.724820355399289
,,0.20967376133984647,,,0.20300338181688288
,,0.2005812967047559,,,0.09673073262746859
,,0.18344484689323468,,,0.3991081552679353
,,0.1938413873999102,,,0.18393450518579968
,,0.3643001454663003,,,0.5326174804109276
,,0.17465070671439634,,,0.21367792983952033
,,0.14241868052184356,,,0.387886317307658
,,0.37435868845803616,,,0.3523310235512097
,,0.4402694242973256,,,0.3665822272772104
,,0.1680369164879048,,,0.21372379585807416
,,0.27015775207155684,,,0.3935529817162276
,,0.28775259159218897,,,0.25941046348475083
,,0.4833013826721891,,,0.12804294292699125
,,0.5812475435841984,,,0.1022224778688704
,,0.3835827481918845,,,0.46087628062518604
,,0.5218695479608123,,,0.4588845718282311
,,0.656062593382529,,,0.30220896308158024
,,0.11876283292221192,,,0.28190994299753375
,,0.23717035477598963,,,0.3893398626490787
,,0.27720071173418614,,,0.7093557102684128
,,0.239726210436934,,,0.57192466971139
,,0.2232746713274523,,,0.39962859300046527
,,0.22256166735790425,,,0.5425378311496026
,,0.33756207385625103,,,0.31621259689137343
,,0.4483815709523826,,,0.298028901891293
,,0.2113852240282158,,,0.2830412398736259
,,0.15105522068061683,,,0.3110025210868686
,,0.7009333878932777,,,0.2783860894103976
,,0.28258056982718355,,,0.4116239681792909
,,0.4098581870876548,,,0.6309247003157272
,,0.32181394948546976,,,0.7993073357966661
,,0.18710219474208756,,,0.5610443420618964
,,0.20915832153992606,,,0.3663816825963659
,,0.27441117757568473,,,0.3733395900422201
,,0.36420846382207384,,,0.2060699380721594
,,0.2175033014330665,,,0.2245984947127696
,,0.24604180095058953,,,0.3080285490414144
,,0.26748417439166083,,,0.5773803918092695
,,0.1637492766888217,,,0.3813893015243297
,,0.5556782415611718,,,0.3159456838427655
,,0.6620499654597719,,,0.13085909817975663
,,0.43720680855016103,,,0.20918241602032003
,,0.5850106859394727,,,0.6946885253960258
,,0.42646102112208417,,,0.10881013031071386
,,0.38626620443054605,,,0.13844266431375157
,,0.3154163435926683,,,0.23637968792773065
,,0.37076087086415493,,,0.5782569311714326
,,0.616972949390511,,,0.20796146014164119
,,0.38053872762546215,,,0.28812028087964103
,,0.6890465758643681,,,0.4689052949374105
,,0.5269489869195368,,,0.36178412038663665
,,0.305582075700643,,,0.16990176358191758
,,0.33888596863077575,,,0.2746600806398814
,,0.5104073438201934,,,0.2903422722562144
,,0.3668123923617025,,,0.2168951834749577
,,0.2831308313934783,,,0.9968798324621932
,,0.21851596195629516,,,0.38568289960891006
,,0.2256455708172378,,,0.25290768980819284
,,0.1752922498322358,,,0.25909665744748667
,,0.38900013867702116,,,0.29244728869102826
,,0.6043243023777574,,,0.266722360545514
,,0.36124838797331044,,,0.36371600168317963
,,0.24926362519578016,,,0.2404113636691218
,,0.4755820606026777,,,0.41975884840655253
,,0.5819152301297804,,,0.31386229806387966
,,0.627486908166279,,,0.28709641994289486
,,0.29958134679735854,,,0.39928740512970695
,,0.34240468807004737,,,0.7112710623569736
,,0.7349690104105511,,,0.18322450866915832
,,0.28880671116549206,,,0.45903516050617627
,,0.6263752790421245,,,0.5816650186842679
,,0.4186369794427755,,,0.24599973271313816
,,0.28274414199923176,,,0.30893216334202916
,,0.24389060247745611,,,0.23672818603150206
,,0.1801103711620159,,,0.28589324057298504
,,0.2352220594240146,,,0.32113262202312837
,,0.2623699949559244,,,0.22850254818650925
,,0.2353990412447568,,,0.62024133198233
,,0.1916737443511382,,,0.5393917340742016
,,0.41211851912180203,,,0.6065940059449682
,,0.46641660505701105,,,0.25315151756597554
,,0.2885799124566776,,,0.3168050476316727
,,0.086297890365651,,,0.32585774621222174
,,0.1483395060725126,,,0.24525310120043886
,,0.37942007308076336,,,0.44732490038440337
,,0.3545396737508273,,,0.33956475845082895
,,0.24413338951373362,,,0.4160966831007105
,,0.2577511704506375,,,0.34440461310557136
,,0.23800094107831685,,,0.2496860750410851
,,0.4355608482800631,,,0.32735028397517313
,,0.4318501565499158,,,0.38117509539062905
,,0.30734055898277646,,,0.6102232829167757
,,0.4197342503794117,,,0.4031461757537341
,,0.4667967529356211,,,0.32588981214236995
,,0.43038552139957653,,,0.5683141714020302
,,0.29037607583123404,,,0.29459706935260405
,,0.2689440842243951,,,0.2622432880486288
,,0.5510723620444931,,,0.16996513621008136
,,0.4701071258232719,,,0.2334468192077119
,,0.6383376563720926,,,0.2041729284273918
,,0.4569542876052605,,,0.16420987053866623
,,0.370733742798369,,,0.41385372458902675
,,0.30985857434165814,,,0.5382456128258503
,,0.7172570685732856,,,0.6912323829661656
,,0.2662277558820017,,,0.4628340932486441
,,0.35015363039459424,,,0.2628431273378751
,,0.24260030131075427,,,0.14217930896398825
,,0.4574674148692133,,,0.36509242038686984
,,0.2601619923821187,,,0.49875181797004364
,,0.14761733770309246,,,0.37278873315849115
,,0.057714634853900285,,,0.33955862352472554
,,0.15686848162366812,,,0.2601097122635637
,,0.11859625431774487,,,0.2923339059608071
,,0.18678237175087822,,,0.3232173033794351
,,0.14866285826728076,,,0.5004040670586393
,,0.23918676342488723,,,0.4440471216852104
,,0.47212290230450227,,,0.4180567531769782
,,0.5102156678885006,,,0.13822926211608166
,,0.13602003529089982,,,0.10305127973144314
,,0.13672682148726858,,,0.2889850606881405
,,0.38463086493557225,,,0.15398669650441285
,,0.44558575820218077,,,0.4330547871422521
,,0.48535865667494416,,,0.19054340381816623
,,0.473219452170055,,,0.34683251314981095
,,0.25493071821027513,,,0.4588761107748449
,,0.2772731547994707,,,0.4225392920522544
,,0.18745444944379225,,,0.2002036323666777
,,0.15947386107244016,,,0.3027180717060722
,,0.37214737766153516,,,0.16239527441665888
,,0.299439514760179,,,0.26928765609809696
,,0.19106868723081036,,,0.25608537639445134
,,0.4141101172764259,,,0.15002494335849903
,,0.5374093585179531,,,0.19676260388245248
,,0.28247064026374236,,,0.11842344362630834
,,0.17519809829213517,,,0.6194125882458075
,,0.3141311529751712,,,0.17411562163813366
,,0.3946533819293922,,,0.11472454225702991
,,0.3108983850588328,,,0.5029055283466631
,,0.5232621593971544,,,0.12554069215977914
,,0.4475074131136626,,,0.2397785282861767
,,0.42098415679995077,,,0.09972954028461092
,,0.5747079792053152,,,0.35635307037887104
,,0.1900086190104981,,,0.16206171812989573
,,0.18577329060591788,,,0.4750474635254202
,,0.20448677552561534,,,0.3919446666352986
,,0.24497714613982066,,,0.12218664151193194
,,0.23309877459303327,,,0.2587818157746665
,,0.5164030522162344,,,0.10901433157912156
,,0.35446703002868374,,,0.14339605467844968
,,0.35273928346924066,,,0.09456608082613444
,,0.39929287341472053,,,0.18841881493457888
,,0.7949774864056929,,,0.6163557902779747
,,0.3585112836656016,,,0.184277455675186
,,0.29882968890905354,,,0.38983911155748946
,,0.5233962272717986,,,0.16541717455710322
,,0.3715895060337603,,,0.15255527713514827
,,0.22760556122572442,,,0.40241390545863165
,,0.2372311538913691,,,0.2554275548021867
,,0.4140212282201672,,,0.416115043091944
,,0.32719894197638383,,,0.2961621974871406
,,0.27702772075445276,,,0.2833420017027081
,,0.21478317585399972,,,0.1367990920519711
,,0.7468310401174632,,,0.25172346554955904
,,0.1888610414926204,,,0.23443476845446404
,,0.5486924913994574,,,0.3083229834691335
,,0.2728791215490243,,,0.30275459648083225
,,0.49591119766053404,,,0.6237563753324805
,,0.3163787441384472,,,0.23609687127926976
,,0.2078407603541562,,,0.2648011289480553
,,0.42116444122015156,,,0.43179246499847573
,,0.28092405918429525,,,0.20792378328148262
,,0.8332556998886399,,,0.462061716799398
,,0.1778245642447922,,,0.12175750880451228
,,0.5520964769146413,,,0.10881868826191518
,,0.24167913772429644,,,0.5229250790417885
,,0.1734166482142568,,,0.27533572169059584
,,0.5168431394350562,,,0.44756427736531235
,,0.3861043048455917,,,0.2544341009970792
,,0.2687529043977863,,,0.4886592434514215
,,0.41750340224555516,,,0.07727666998711283
,,0.15747165685608042,,,0.26287778285433283
,,0.42246662087681974,,,0.37350103720564876
,,0.37522802744328015,,,0.5220251122903066
,,0.27688744029682477,,,0.12419519355672211
,,0.22733120780056218,,,0.09015244751211146
,,0.24824206793068504,,,0.1990463382609675
,,0.5987106485825234,,,0.11214754007587796
,,0.4125411757723239,,,0.14804684915190686
,,0.2984483849374967,,,0.4355790870111103
,,0.4350336709070439,,,0.269891698789907
,,0.6510297820649629,,,0.1998143881503918
,,0.3048315003127773,,,0.14973845245373926
,,0.5639598360858402,,,0.27271910159332363
,,0.17220240482371896,,,0.3722447484630377
,,0.36646766630665495,,,0.2191822460637466
,,0.11843888629642713,,,
,,0.23106836963267557,,,
,,0.19238728384918427,,,
,,0.38805123676635955,,,
,,0.31616202521774656,,,
,,0.25998503679763296,,,
,,0.22594193842364235,,,
,,0.30385857655244397,,,
,,0.45394184346573657,,,
,,0.2925257278488655,,,
,,0.3403803892210404,,,
,,0.339101527986367,,,
,,0.32346899873589235,,,
,,0.2554384616115736,,,
,,0.23112510774667283,,,
,,0.2790910055521577,,,
,,0.17443158041567863,,,
,,0.4097967323672956,,,
,,0.3361375463530205,,,
,,0.13974551470151236,,,
,,0.32289525639995786,,,
,,0.47639401793616876,,,
,,0.2574389491592767,,,
,,0.18922192121149967,,,
,,0.31356117203414463,,,
,,0.2761523028534882,,,
,,0.1770021289457776,,,
,,0.3170456591117914,,,
,,0.39775338102979796,,,
,,0.4888714692481768,,,
,,0.09568348109449298,,,
,,0.4285215355215196,,,
,,0.08218074061026358,,,
,,0.07444937867425706,,,
,,0.27015522227682703,,,
,,0.2653967121525754,,,
,,0.35526870788764997,,,
,,0.21753692760680843,,,
,,0.26518733775575487,,,
,,0.2209692652564263,,,
,,0.2824784470624083,,,
,,0.47003800464072903,,,
,,0.6067248174224332,,,
,,0.42792228713390135,,,
,,0.11909632591269918,,,
,,0.2109791929398694,,,
,,0.3507567998778379,,,
,,0.19261348831823047,,,
,,0.3590790986033228,,,
,,0.3078959283898158,,,
,,0.4043356204938874,,,
,,0.35697345216457094,,,
,,0.3350095728369758,,,
,,0.45424843805109083,,,
,,0.09711434804745611,,,
,,0.06524133379981624,,,
,,0.13978900181188791,,,
,,0.09893021813765228,,,
,,0.46432562377750763,,,
,,0.21794724962423237,,,
,,0.3730481304334012,,,
,,0.5011674493884158,,,
,,0.22971509886507815,,,
,,0.12156907761493974,,,
,,0.09647458442649672,,,
,,0.5277690805790576,,,
,,0.2214472094028449,,,
,,0.1922242585181584,,,
,,0.2989483405134313,,,
,,0.23977668731356636,,,
,,0.379114534535988,,,
,,0.47514929719186894,,,
,,0.217225961713815,,,
,,0.37707194505187713,,,
,,0.2973791668472842,,,
,,0.22380541432016932,,,
,,0.20977281175918536,,,
,,0.49766971019640904,,,
,,0.5014907240609949,,,
,,0.6455990269356301,,,
,,0.1082052121959641,,,
,,0.38092854241752433,,,
,,0.3889819685161278,,,
,,0.5087318206207969,,,
,,0.394088393158559,,,
,,0.8055237227807118,,,
,,0.15547092652672437,,,
,,0.3572202886974382,,,
,,0.41807312896286225,,,
,,0.38010521377735246,,,
,,0.4620090234335474,,,
,,0.43849925765576225,,,
,,0.34284925026545005,,,
,,0.4697860897356369,,,
,,0.29278503247423004,,,
,,0.17626896366725284,,,
,,0.3954050172352821,,,
,,0.1641239713938192,,,
,,0.22674748280151338,,,
,,0.18532752439209116,,,
,,0.3677513202362753,,,
,,0.14822489236216596,,,
,,0.2915734373396284,,,
,,0.27761464044478273,,,
,,0.4308084476274126,,,
,,0.49769836325250916,,,
,,0.31198910586578726,,,
,,0.3794572382002497,,,
,,0.40153468580007406,,,
,,0.06184602056055614,,,
,,0.056814489246833653,,,
,,0.08678445739608547,,,
,,0.06364086646662136,,,
,,0.5198632102762368,,,
,,0.3810739233299832,,,
,,0.2617827221459212,,,
,,0.7164553740602518,,,
,,0.46806622542264315,,,
,,0.35437691882549516,,,
,,0.35823817389148965,,,
,,0.5534226508377331,,,
,,0.5113237552772879,,,
,,0.32933368288538734,,,
,,0.47297855203239253,,,
,,0.4890880905084014,,,
,,0.6165538041029547,,,
,,0.37996702338012484,,,
,,0.4650152508877527,,,
,,0.23246132327273067,,,
,,0.29912185865311963,,,
,,0.2527247727958684,,,
,,0.36361670496012977,,,
,,0.272103499752551,,,
,,0.46899343366368945,,,
,,0.3829122151183636,,,
,,0.31901440986193347,,,
,,0.48372793916187196,,,
,,0.440977181519088,,,
,,0.3329551992227637,,,
,,0.512905444593732,,,
,,0.651018392555513,,,
,,0.3587855461131414,,,
,,0.4522507454725486,,,
,,0.2765178275043196,,,
,,0.5451916909723361,,,
,,0.3240373622631412,,,
,,0.3163402366767215,,,
,,0.2887397379569915,,,
,,0.3202261994419766,,,
,,0.24115078014532773,,,
,,0.1791294897389925,,,
,,0.5327792369366878,,,
,,0.5727410233215017,,,
,,0.34782086390726935,,,
,,0.2947045752993142,,,
,,0.2122301589589597,,,
,,0.2730422076389985,,,
,,0.21911026755009824,,,
,,0.4382810287726383,,,
,,0.3777199953033328,,,
,,0.16914725188150764,,,
,,0.16423164563212958,,,
,,0.24625529240671296,,,
,,0.44660426996253644,,,
,,0.2625430648546751,,,
,,0.4300449594761874,,,
,,0.29744290377882726,,,
,,0.35087029838801875,,,
,,0.3880486064080375,,,
,,0.34070533943870773,,,
,,0.20918516350326755,,,
,,0.4344156745169795,,,
,,0.3506546766634807,,,
,,0.28545212085855903,,,
,,0.5844554573206993,,,
,,0.6368496065758875,,,
,,0.7278068744115486,,,
,,0.3780737415917048,,,
,,0.5217930797347905,,,
,,0.3644814944569708,,,
,,0.19873108395919736,,,
,,0.3988018796685089,,,
,,0.6538603256904371,,,
,,0.32090532551569767,,,
,,0.28156817545806834,,,
,,0.2893421745379,,,
,,0.391448979557722,,,
,,0.1662023337444521,,,
,,0.2006777060247197,,,
,,0.4478266459564738,,,
,,0.14541164652391975,,,
,,0.07356168838453701,,,
,,0.2575320034423451,,,
,,0.23963253557180222,,,
,,0.4345738579504981,,,
,,0.3632836752001324,,,
,,0.3485274561839585,,,
,,0.2679375977456967,,,
,,0.4991987300790889,,,
,,0.21360386683659197,,,
,,0.25023002082620993,,,
,,0.3003699208138258,,,
,,0.4932117406655372,,,
,,0.42447993612754376,,,
,,0.3021590111728829,,,
,,0.26976946770050425,,,
,,0.42836751682523855,,,
,,0.41193277559893493,,,
,,0.15389351077783125,,,
,,0.13454369634193053,,,
,,0.17248055393055162,,,
,,0.13462122050575337,,,
,,0.3729460998709921,,,
,,0.6525965234190286,,,
,,0.5228936813700142,,,
,,0.35183671293252056,,,
,,0.3710540548947832,,,
,,0.4058243350013168,,,
,,0.4114259739079049,,,
,,0.32664030183190146,,,
,,0.30706979534661977,,,
,,0.37023860402098696,,,
,,0.42316998219531615,,,
,,0.24431998917613398,,,
,,0.2951222393729181,,,
,,0.3602459426904219,,,
,,0.2037772338638634,,,
,,0.22329220766599284,,,
,,0.3095857251538834,,,
,,0.37434106654145216,,,
,,0.19265932048697232,,,
,,0.11009602444890126,,,
,,0.13389864905929033,,,
,,0.10475650943314319,,,
,,0.5521167557367112,,,
,,0.3129695737396843,,,
,,0.2813874541637997,,,
,,0.2879580353798852,,,
,,0.461696894648157,,,
,,0.22055910036557946,,,
,,0.20687412647251777,,,
,,0.35624280859302004,,,
,,0.3222888307878621,,,
,,0.257508268300233,,,
,,0.347230511788679,,,
,,0.4222995763512237,,,
,,0.35881231900434046,,,
,,0.39708931180400187,,,
,,0.25038705027649627,,,
,,0.42717054732007786,,,
,,0.2996648245694321,,,
,,0.3256188278959378,,,
,,0.2917190157678318,,,
,,0.4347700657750755,,,
,,0.36634488741041976,,,
,,0.37530322914181186,,,
,,0.3636842513118372,,,
,,0.389576400681446,,,
,,0.22735028901099805,,,
,,0.31408513685157696,,,
,,0.2708041483934843,,,
,,0.26730596728719264,,,
,,0.2539593443368409,,,
,,0.4660636172403777,,,
,,0.26449153030889466,,,
,,0.24761035334550532,,,
,,0.19922672108259049,,,
,,0.2310818508456752,,,
,,0.2983605314094088,,,
,,0.3957994288697147,,,
,,0.5964937261119493,,,
,,0.17441465295108244,,,
,,0.24375511460087518,,,
,,0.5809778946552413,,,
,,0.33425343611943115,,,
,,0.317622768188705,,,
,,0.22134868785295095,,,
,,0.2545176370820291,,,
,,0.5352326027445031,,,
,,0.19630639873877032,,,
,,0.18335076699782288,,,
,,0.32026199105845127,,,
,,0.306520217976718,,,
,,0.22624206205826317,,,
,,0.2955273291960796,,,
,,0.2330172412583635,,,
,,0.3735671944204321,,,
,,0.2811223797826972,,,
,,0.10371846796019162,,,
,,0.3757952456669555,,,
,,0.3450592235773957,,,
,,0.443379653521074,,,
,,0.1978657240414876,,,
,,0.4639244731136201,,,
,,0.28346765323762885,,,
,,0.17517933515707235,,,
,,0.27846516564973284,,,
,,0.29349873423282424,,,
,,0.4205808751657818,,,
,,0.22538114609484952,,,
,,0.4252924552898974,,,
,,0.30526409367632784,,,
,,0.14921990907116214,,,
,,0.2541718760698825,,,
,,0.36199087827942583,,,
,,0.4346153932304908,,,
,,0.5037597184858986,,,
,,0.33537528144139983,,,
,,0.3358680122408772,,,
,,0.30670498084291187,,,
,,0.43405076906991163,,,
,,0.2898374490282606,,,
,,0.2870487738852819,,,
,,0.4065708275968634,,,
,,0.6778540156861486,,,
,,0.3761937503512246,,,
,,0.26552412623589733,,,
,,0.3037470675300146,,,
,,0.19993212168508934,,,
,,0.3605232845153859,,,
,,0.31846774209085427,,,
,,0.3311665397544713,,,
,,0.5878995758461745,,,
,,0.27867272566897855,,,
,,0.754212792381392,,,
,,0.4605505244692594,,,
,,0.3608351577604244,,,
,,0.37479631492078613,,,
,,0.2868811806636213,,,
,,0.430840403479289,,,
,,0.6427854611252871,,,
,,0.2823085454594639,,,
,,0.3088328508181254,,,
,,0.40249325902291233,,,
,,0.22198865537810078,,,
,,0.21390972464102273,,,
,,0.3209126415946303,,,
,,0.2531056588325411,,,
,,0.2711852396432146,,,
,,0.1381143489390676,,,
,,0.21871956392725803,,,
,,0.24756355836215768,,,
,,0.6219973104536998,,,
,,0.25358220088989447,,,
,,0.31677112024654536,,,
,,0.1804121317764387,,,
,,0.658144780274334,,,
,,0.4722308234848876,,,
,,0.4067408095508421,,,
,,0.38896486670909963,,,
,,0.1849727325616168,,,
,,0.3401512981652149,,,
,,0.3487309175327548,,,
,,0.15185106955115074,,,
,,0.15359215658579983,,,
,,0.1938101713353277,,,
,,0.22055661318103525,,,
,,0.31019268641789727,,,
,,0.437047467221001,,,
,,0.10672434740471791,,,
,,0.16678358285111705,,,
,,0.24820888422808,,,
,,0.24377627643897368,,,
,,0.3635734114967144,,,
,,0.791573242707904,,,
,,0.2989828916228569,,,
,,0.3466277798031353,,,
,,0.5056100019300465,,,
,,0.4339973525967744,,,
,,0.6896002782257314,,,
,,0.31739702214496257,,,
,,0.29255549822343946,,,
,,0.3596635296956535,,,
,,0.1386276665774492,,,
,,0.3289544809283324,,,
,,0.28226255802680406,,,
,,0.22912247253527054,,,
,,0.22604913571036533,,,
,,0.4177166056566983,,,
,,0.35169736854070865,,,
,,0.1789875881054655,,,
,,0.24539792134171548,,,
,,0.2921823733301069,,,
,,0.44573252908003713,,,
,,0.4285874575588643,,,
,,0.3913224405046204,,,
,,0.37704381911062923,,,
,,0.4103898713195476,,,
,,0.3215193961992608,,,
,,0.8568127817756485,,,
,,0.22714424555511603,,,
,,0.34258779673940465,,,
,,0.31558479628527863,,,
,,0.25381471838644826,,,
,,0.6096290662440673,,,
,,0.3071516491131919,,,
,,0.22724153588846702,,,
,,0.31698969355675416,,,
,,0.4298720982215874,,,
,,0.28645983302432687,,,
,,0.33623535443659786,,,
,,0.4152579011629071,,,
,,0.5809373791239498,,,
,,0.36327480455238875,,,
,,0.3719576965721508,,,
,,0.4114728249454025,,,
,,0.2548120206434825,,,
,,0.27632275562627734,,,
,,0.4196172149742237,,,
,,0.4263053494433791,,,
,,0.45182321382292756,,,
,,0.4751412403449431,,,
,,0.525327619868481,,,
,,0.40005227230797613,,,
,,0.6572981985427278,,,
,,0.2531545074231523,,,
,,0.4162677754814428,,,
,,0.47445103901478936,,,
,,0.27410742970401764,,,
,,0.7402408129381938,,,
,,0.3599280661729375,,,
,,0.11390569739619662,,,
,,0.22673301192260084,,,
,,0.6976806161176433,,,
,,0.37582946424966696,,,
,,0.23649077475877106,,,
,,0.3776662932863033,,,
,,0.44572739608884815,,,
,,0.24943299622242338,,,
,,0.5237640337412643,,,
,,0.2520991120799005,,,
,,0.20955695334335472,,,
,,0.37900029355793347,,,
,,0.445783513318471,,,
,,0.46139609213130295,,,
,,0.2768552392978329,,,
,,0.29779711634862105,,,
,,0.40687222492568287,,,
,,0.4981041616878593,,,
,,0.49791520774039355,,,
,,0.22662558877610137,,,
,,0.4400830583612504,,,
,,0.33301119611846086,,,
,,0.2784174474124957,,,
,,0.5062509779137228,,,
,,0.7296970138250526,,,
,,0.5348716527277311,,,
,,0.7283089346778907,,,
,,0.4601470421267127,,,
,,0.4811723424190279,,,
,,0.3549401973678136,,,
,,0.3777894627257023,,,
,,0.3362994814417043,,,
,,0.3621375713143896,,,
,,0.5377629793975751,,,
,,0.31037925761515484,,,
,,0.2809647320933481,,,
,,0.48555840275842943,,,
,,0.32464354618606184,,,
,,0.3446960984338174,,,
,,0.2841323563237276,,,
,,0.33532827701986184,,,
,,0.27636452359410985,,,
,,0.35420251153514637,,,
,,0.31818976635548685,,,
,,0.2118665173116521,,,
,,0.27805233521033457,,,
,,0.2764522440797853,,,
,,0.5326996090187288,,,
,,0.48586315623871323,,,
,,0.3908653931688244,,,
,,0.32301306812651814,,,
,,0.3212169512101977,,,
,,0.3006986474567581,,,
,,0.18546961013907776,,,
,,0.47362130895548005,,,
,,0.4821291186091585,,,
,,0.2842279208390251,,,
,,0.49638925569465964,,,
,,0.8362728913273935,,,
,,0.29503043078184854,,,
,,0.3107425125285062,,,
,,0.3498247509648107,,,
,,0.06726507440611279,,,
,,0.12537889439225228,,,
,,0.4400681152668278,,,
,,0.12265006846371553,,,
,,0.6042147977089335,,,
,,0.0964398303687743,,,
,,0.4287329102785151,,,
,,0.3370420698015749,,,
,,0.2796967914209843,,,
,,0.43073850000185465,,,
,,0.3575337656437157,,,
,,0.24471345048381615,,,
,,0.15350144689898956,,,
,,0.1468210187774525,,,
,,0.34449423733415024,,,
,,0.36437864866308206,,,
,,0.3283737471218949,,,
,,0.7097447684143392,,,
,,0.775641866339453,,,
,,0.6385716652933553,,,
,,0.2132288785938818,,,
,,0.4920408801913016,,,
,,0.29040113583798044,,,
,,0.4164509061939853,,,
,,0.4799875903800778,,,
,,0.36372496419060935,,,
,,0.23055919193904448,,,
,,0.27174700763313436,,,
,,0.6120888207991643,,,
,,0.3247116213192572,,,
,,0.2454697991174797,,,
,,0.3287391681290653,,,
,,0.3167328900019737,,,
,,0.25391881704636754,,,
,,0.49282420269902,,,
,,0.3151100487905668,,,
,,0.1819899328470482,,,
,,0.16348211971378715,,,
,,0.330636371592003,,,
,,0.24531734107836117,,,
,,0.2966337307682113,,,
,,0.24254710804993906,,,
,,0.21486445608255778,,,
,,0.31621712173399175,,,
,,0.4844330725911581,,,
,,0.27358942119105045,,,
,,0.3278769524215353,,,
,,0.2543913314766622,,,
,,0.4918553305373276,,,
,,0.42310538714354246,,,
,,0.5075078189226193,,,
,,0.40521482709801554,,,
,,0.3817244980103186,,,
,,0.33119809680866974,,,
,,0.3170395924826148,,,
,,0.29482665470129304,,,
,,0.369711585474584,,,
,,0.35068088058121283,,,
,,0.32658257226339577,,,
,,0.4390732011029085,,,
,,0.34760944919424597,,,
,,0.21535873753746404,,,
,,0.3612517158215269,,,
,,0.4151824772343018,,,
,,0.3717761220655137,,,
,,0.17857822613720778,,,
,,0.1904027791446257,,,
,,0.25749350448878416,,,
,,0.2417853007843713,,,
,,0.32946737033167334,,,
,,0.1883062414209169,,,
,,0.15363894884486912,,,
,,0.5323717184904279,,,
,,0.11317384975099808,,,
,,0.08062907683251305,,,
,,0.23449032465669836,,,
,,0.2629607732492603,,,
,,0.21701105276696264,,,
,,0.24911700772516931,,,
,,0.28841856484425915,,,
,,0.4916689972725337,,,
,,0.498259435931228,,,
,,0.7054413834230927,,,
,,0.2904095932461125,,,
,,0.4327057796427591,,,
,,0.16130406314025614,,,
,,0.4495434778975945,,,
,,0.5583739745920344,,,
,,0.349463945182234,,,
,,0.4703867288029492,,,
,,0.5835681096781922,,,
,,0.4660954381607878,,,
,,0.47478683613213196,,,
,,0.45131953983869927,,,
,,0.2770341724705426,,,
,,0.5071265725505445,,,
,,0.670854246434027,,,
,,0.18732017848825044,,,
,,0.3682922212208268,,,
,,0.43502878719904287,,,
,,0.19157401006867728,,,
,,0.28203606428280326,,,
,,0.4228919061843846,,,
,,0.19708764980342844,,,
,,0.49226046390844247,,,
,,0.4074435165327898,,,
,,0.2222809060701686,,,
,,0.20234259934404894,,,
,,0.2442589381206134,,,
,,0.22590731076560294,,,
,,0.6093377955023129,,,
,,0.38692227158980647,,,
,,0.38246760164605487,,,
,,0.2340144939748883,,,
,,0.34983052660431474,,,
,,0.9089837325627751,,,
,,0.48451660285652604,,,
,,0.2126885514435879,,,
,,0.3729625999427325,,,
,,0.3648100011804763,,,
,,0.44142650232313896,,,
,,0.4614457799303838,,,
,,0.47448188191516905,,,
,,0.3698450489750068,,,
,,0.2350033813339631,,,
,,0.14426537457253424,,,
,,0.6420125052645219,,,
,,0.23584288125253264,,,
,,0.734065869586227,,,
,,0.4186181732381667,,,
,,0.5473769960043053,,,
,,0.5198733614752277,,,
,,0.27783386148444705,,,
,,0.22116875608607478,,,
,,0.5140094974504449,,,
,,0.3005707536697241,,,
,,0.40065353947674537,,,
,,0.6356266745364353,,,
,,0.27524774155203835,,,
,,0.19833835978683156,,,
,,0.31405169074104816,,,
,,0.2860786590346477,,,
,,0.2948144753924874,,,
,,0.4037023508411615,,,
,,0.32912074593581336,,,
,,0.34482447162313734,,,
,,0.3929008556460456,,,
,,0.24145097911863087,,,
,,0.15845831775700933,,,
,,0.25523790656284046,,,
,,0.33204221639256254,,,
,,0.08422828549426602,,,
,,0.17273572576599489,,,
,,0.22052056590709956,,,
,,0.42949069826145847,,,
,,0.47598466065561107,,,
,,0.4423749420622215,,,
,,0.438077858023604,,,
,,0.25410386241173666,,,
,,0.46609978145829595,,,
,,0.5393051563175701,,,
,,0.36912376961544835,,,
,,0.3913162529499291,,,
,,0.5088000979057127,,,
,,0.4402891661999607,,,
,,0.3203923785448569,,,
,,0.46787300026239614,,,
,,0.28143321240313995,,,
,,0.4855263759744375,,,
,,0.22138550607947163,,,
,,0.2940606071223661,,,
,,0.4282649814639256,,,
,,0.33621536052485695,,,
,,0.16897825222192553,,,
,,0.09816916218920468,,,
,,0.4409746339922735,,,
,,0.44310821198812916,,,
,,0.5087395828428832,,,
,,0.4919918112909699,,,
,,0.3731376424796022,,,
,,0.23346088689937416,,,
,,0.1599514674236528,,,
,,0.5288842412882776,,,
,,0.4217325010412887,,,
,,0.5151524171409326,,,
,,0.4114124806502809,,,
,,0.25947394614907615,,,
,,0.44724162187208144,,,
,,0.26072797241188167,,,
,,0.3307793251128576,,,
,,0.636785897266767,,,
,,0.40184238204040185,,,
,,0.223038938677896,,,
,,0.35127014078725166,,,
,,0.4795059763395112,,,
,,0.22122377204637023,,,
,,0.6145605387186601,,,
,,0.39294775524789577,,,
,,0.636482475157388,,,
,,0.24140103650709213,,,
,,0.20329618174231298,,,
,,0.6130282651055183,,,
,,0.4897952648631654,,,
,,0.3316383760059203,,,
,,0.32424736659586456,,,
,,0.6176737778637281,,,
,,0.42991460638180157,,,
,,0.2340154495457601,,,
,,0.17230022945993242,,,
,,0.2861521758975895,,,
,,0.5998222006559337,,,
,,0.46878301194248984,,,
,,0.4817553251044107,,,
,,0.2590509834619601,,,
,,0.2198446443446059,,,
,,0.19849188374865212,,,
,,0.174955479654453,,,
,,0.35897290263088877,,,
,,0.3565588008439733,,,
,,0.4053659127299148,,,
,,0.5547775639658921,,,
,,0.3706395831849794,,,
,,0.6236075078885716,,,
,,0.12470167412996244,,,
,,0.3595058721495864,,,
,,0.727559182839755,,,
,,0.2826574502618792,,,
,,0.37693291180105504,,,
,,0.4937018081737843,,,
,,0.3904375649948004,,,
,,0.38373476525153266,,,
,,0.3422844799899776,,,
,,0.24794230327198333,,,
,,0.1323957497611688,,,
,,0.5161911703897129,,,
,,0.28640080288914205,,,
,,0.916203922007242,,,
,,0.3137210680864746,,,
,,0.3259309387095286,,,
,,0.4476619320650582,,,
,,0.5227389788920801,,,
,,0.23957582004640118,,,
,,0.0963406890543553,,,
,,0.7904627333371782,,,
,,0.3808480206454678,,,
,,0.3710372221618555,,,
,,0.38422603451992376,,,
,,0.7184182787099331,,,
,,0.5738802161777202,,,
,,0.4315790738881603,,,
,,0.46259131967434625,,,
,,0.7295167305766971,,,
,,0.3876072698795967,,,
,,0.5001834667084952,,,
,,0.28706537742010474,,,
,,0.24300570847227718,,,
,,0.23662256219755184,,,
,,0.17832775620959068,,,
,,0.45759777766388426,,,
,,0.2983044453293652,,,
,,0.31081059422700186,,,
,,0.21035570488607663,,,
,,0.14721816545586464,,,
,,0.49364918257110507,,,
,,0.36172490628186543,,,
,,0.2590020006955014,,,
,,0.44706503969247535,,,
,,0.29634278806936576,,,
,,0.23168963782908783,,,
,,0.15137864182114355,,,
,,0.14288277869718657,,,
,,0.41306485874155313,,,
,,0.5988800412144833,,,
,,0.25836679279885844,,,
,,0.14793634923639215,,,
,,0.4508470590852111,,,
,,0.3819359453134534,,,
,,0.3197666195625839,,,
,,0.33382159236397313,,,
,,0.38178176399562247,,,
,,0.11582462596035187,,,
,,0.39800051421452204,,,
,,0.1793492196521347,,,
,,0.5627135636609588,,,
,,0.5243260151746525,,,
,,0.6786757126131715,,,
,,0.4528872409691703,,,
,,0.150955898913527,,,
,,0.6747421435596265,,,
,,0.3394157113860629,,,
,,0.3717641948184154,,,
,,0.20690563806922596,,,
,,0.35319774470266246,,,
,,0.31128172122103714,,,
,,0.2933321086029654,,,
,,0.224079587058837,,,
,,0.23663237783251667,,,
,,0.24156107332223667,,,
,,0.2800261545427301,,,
,,0.22908559672030046,,,
,,0.17744549420441505,,,
,,0.49250431086501634,,,
,,0.31774236942530854,,,
,,0.4602923355847181,,,
,,0.40270679076348814,,,
,,0.35774300086540883,,,
,,0.3244392027820688,,,
,,0.352116116994769,,,
,,0.21591796900347546,,,
,,0.24855730258305275,,,
,,0.5288880531911869,,,
,,0.3391652281614513,,,
,,0.26966085887568536,,,
,,0.29161767471452854,,,
,,0.3714882101334496,,,
,,0.9175305815551706,,,
,,0.292990877376463,,,
,,0.35743436360396874,,,
,,0.27737182413462647,,,
,,0.41280354639374867,,,
,,0.3170697195541314,,,
,,0.39993652972586013,,,
,,0.3804371961831603,,,
,,0.1949608816354,,,
,,0.13604883119036115,,,
,,0.16329851571591703,,,
,,0.35552306589898486,,,
,,0.16036572131582016,,,
,,0.30945722093967054,,,
,,0.08354928805345373,,,
,,0.46403425493001477,,,
,,0.3176742154844345,,,
,,0.10314228338326244,,,
,,0.2957785687796813,,,
,,0.520472281792769,,,
,,0.5696578077107456,,,
,,0.5472246511449488,,,
,,0.5667397505632931,,,
,,0.16056350669838804,,,
,,0.1255335685470328,,,
,,0.4122600867827505,,,
,,0.14627629586675686,,,
,,0.437311921011742,,,
,,0.5543600330516778,,,
,,0.6271554696142755,,,
,,0.3370566669919419,,,
,,0.22997907215688057,,,
,,0.2663427773696554,,,
,,0.2474741402726014,,,
,,0.21197443701111093,,,
,,0.45291688744408964,,,
,,0.2773820437176834,,,
,,0.19586207640779238,,,
,,0.3283621416052237,,,
,,0.23581883058941386,,,
,,0.34301042225723233,,,
,,0.3830685049279836,,,
,,0.7084170204046304,,,
,,0.09904133466135455,,,
,,0.14136486149994615,,,
,,0.26269954784534466,,,
,,0.4987885947297516,,,
,,0.6126009434310026,,,
,,0.4380996593386813,,,
,,0.2646013735277479,,,
,,0.35835791899326397,,,
,,0.37089104715766946,,,
,,0.35438191386091417,,,
,,0.10705179010621886,,,
,,0.26867275498849214,,,
,,0.36974122062646453,,,
,,0.36677246181376294,,,
,,0.3552643701777688,,,
,,0.15708192788962896,,,
,,0.5071810399784967,,,
,,0.22490944318898926,,,
,,0.5945322405405041,,,
,,0.30373388077709507,,,
,,0.3623347517898396,,,
,,0.45664747871726696,,,
,,0.7113406660484335,,,
,,0.47693473497383093,,,
,,0.8115817635495949,,,
,,0.4289578405307278,,,
,,0.32149458598100267,,,
,,0.5293721730527354,,,
,,0.3302091984696448,,,
,,0.41244784073198937,,,
,,0.3308613233219498,,,
,,0.6176078438075969,,,
,,0.11144109511510746,,,
,,0.27644031661743307,,,
,,0.2981450842530372,,,
,,0.3804692202169815,,,
,,0.3506505085767968,,,
,,0.2996963078097033,,,
,,0.4936227360527494,,,
,,0.2937757509746906,,,
,,0.5983105207972692,,,
,,0.3633314939162646,,,
,,0.5730688497738111,,,
,,0.5001378296425618,,,
,,0.11127871807405598,,,
,,0.5486897924268082,,,
,,0.14536506433197743,,,
,,0.5209184149944338,,,
,,0.36025649616306965,,,
,,0.3766816750736315,,,
,,0.41473456337177067,,,
,,0.39584128787316625,,,
,,0.46058729109963686,,,
,,0.2023089953477496,,,
,,0.3906526621857241,,,
,,0.3066936384770991,,,
,,0.33259569848365916,,,
,,0.4343471219400802,,,
,,0.23165816510470882,,,
,,0.309286863522456,,,
,,0.46539993998320656,,,
,,0.335702512694791,,,
,,0.49054110202187956,,,
,,0.3494221757986358,,,
,,0.3715664732709244,,,
,,0.15052539249729213,,,
,,0.2413722856899058,,,
,,0.13037990155569068,,,
,,0.4566328010620399,,,
,,0.5388783764720761,,,
,,0.3244565768767061,,,
,,0.6148178137651821,,,
,,0.2268448716708469,,,
,,0.7307946263914882,,,
,,0.2253174938646243,,,
,,0.13720399409224854,,,
,,0.16870634847724642,,,
,,0.38823953310155634,,,
,,0.45763934960485114,,,
,,0.15782613019380473,,,
,,0.5450228117105599,,,
,,0.45759452783583504,,,
,,0.5184154637247347,,,
,,0.10028294578957471,,,
,,0.3236338410038565,,,
,,0.29500872965708086,,,
,,0.43458716235725164,,,
,,0.17554020115302002,,,
,,0.4348656609836651,,,
,,0.5845720777415634,,,
,,0.35222896253810293,,,
,,0.11826089116365425,,,
,,0.5370596846479728,,,
,,0.3972246118322094,,,
,,0.1261329406359746,,,
,,0.10331357159284203,,,
,,0.22800177335665645,,,
,,0.7163832976829072,,,
,,0.46892931708624574,,,
,,0.42704781335427033,,,
,,0.28165807978635,,,
,,0.4983241249030302,,,
,,0.34634846036452793,,,
,,0.3926191768646831,,,
,,0.222519732728062,,,
,,0.648922474076442,,,
,,0.333838440922527,,,
,,0.4683216794992566,,,
,,0.30365947064030413,,,
,,0.17656177621229424,,,
,,0.4362170711322461,,,
,,0.4426936497141392,,,
,,0.3112442371651496,,,
,,0.5122347063905941,,,
,,0.3347993124147537,,,
,,0.22885364315903906,,,
,,0.43379244981553033,,,
,,0.21982239108021445,,,
,,0.7328766925416942,,,
,,0.28446438512750066,,,
,,0.694391934852783,,,
,,0.46141720555562454,,,
,,0.46367809883877936,,,
,,0.42370259593538095,,,
,,0.0772144611672521,,,
,,0.12413162790454996,,,
,,0.4385443391882113,,,
,,0.4856436597927551,,,
,,0.17892337866331698,,,
,,0.32237015939731345,,,
,,0.24521700524769877,,,
,,0.28050861889172285,,,
,,0.43024715334528574,,,
,,0.13135108232909917,,,
,,0.4511644416234116,,,
,,0.08875062116080863,,,
,,0.31145779146644414,,,
,,0.5068868457583726,,,
,,0.22801738095191929,,,
,,0.547344332079104,,,
,,0.3460065773729489,,,
,,0.33625225082108606,,,
,,0.44779606288610896,,,
,,0.4462616374768121,,,
,,0.3931293134945678,,,
,,0.4818453923362489,,,
,,0.3748225787686808,,,
,,0.48072660505315823,,,
,,0.33500824369945825,,,
,,0.5026611400781222,,,
,,0.4636154496632895,,,
,,0.5325129079374381,,,
,,0.5683244192544105,,,
,,0.49803551762114534,,,
,,0.202957219346041,,,
,,0.09482641574035267,,,
,,0.41323365206318796,,,
,,0.6605616815450617,,,
,,0.41878934417404634,,,
,,0.2422681385036324,,,
,,0.40202917242602876,,,
,,0.36880164662023907,,,
,,0.35547454899058273,,,
,,0.32184009285132853,,,
,,0.547746171510619,,,
,,0.22089312195278074,,,
,,0.3927795911833689,,,
,,0.17679739499522987,,,
,,0.4247628483534104,,,
,,0.313264476856889,,,
,,0.3688580190095213,,,
,,0.45020286182037283,,,
,,0.1756380573875718,,,
,,0.6027503234249114,,,
,,0.18985920832911296,,,
,,0.23105594217793593,,,
,,0.35494954957668273,,,
,,0.5357820656338899,,,
,,0.46869261936988343,,,
,,0.17925369860342685,,,
,,0.3775672593532394,,,
,,0.3807926100163119,,,
,,0.5341424941570293,,,
,,0.2867272997518766,,,
,,0.4840566242681077,,,
,,0.19090852605003025,,,
,,0.2691785453975593,,,
,,0.4418552608022579,,,
,,0.6342100226918556,,,
,,0.18267384091346214,,,
,,0.26117646621578305,,,
,,0.2927110039634276,,,
,,0.26092840800590894,,,
,,0.2299650584788446,,,
,,0.2111619659246124,,,
,,0.6152925882404621,,,
,,0.29703929664105644,,,
,,0.2591936567186357,,,
,,0.19062888247438003,,,
,,0.24480506059853094,,,
,,0.19126300894689335,,,
,,0.34085962528514974,,,
,,0.27978708816893333,,,
,,0.4533818531199109,,,
,,0.5787256372372059,,,
,,0.4971111610669955,,,
,,0.5132943521672426,,,
,,0.3904674833456075,,,
,,0.8972725178511962,,,
,,0.4349037645082353,,,
,,0.2674280833493199,,,
,,0.2977128093266553,,,
,,0.44655060102517063,,,
,,0.451640215193547,,,
,,0.5477942420380524,,,
,,0.4141790815316252,,,
,,0.38331222272909776,,,
,,0.41799617895991636,,,
,,0.6297950568113112,,,
,,0.5199400057570234,,,
,,0.6365721145706678,,,
,,0.3226233066006544,,,
,,0.6911192212328134,,,
,,0.4311322014151,,,
,,0.4034339559610411,,,
,,0.5299077670346732,,,
,,0.2875476760247148,,,
,,0.7772830408369736,,,
,,0.6278000691363924,,,
,,0.23391062991861397,,,
,,0.18422145607774348,,,
,,0.41943219569620005,,,
,,0.4781627769329777,,,
,,0.20395969756680596,,,
,,0.4918492357809035,,,
,,0.40493456370820435,,,
,,0.33547714275372814,,,
,,0.4404222690444643,,,
,,0.23995658279832582,,,
,,0.3529175836880411,,,
,,0.2947930259905341,,,
,,0.5150150949541513,,,
,,0.5366281781509133,,,
,,0.2534806162345845,,,
,,0.6293491486603628,,,
,,0.3491853961857783,,,
,,0.3192209760183102,,,
,,0.3845449355794822,,,
,,0.2105986122337207,,,
,,0.6571101075284963,,,
,,0.38590493250245556,,,
,,0.48740092868087936,,,
,,0.6871139471034421,,,
,,0.3403792796036607,,,
,,0.2775835685314658,,,
,,0.27307881022732433,,,
,,0.637244708814044,,,
,,0.4634270117316692,,,
,,0.44386171454714696,,,
,,0.8416478911771572,,,
,,0.5060448118618214,,,
,,0.32221609320937145,,,
,,0.4485717018507845,,,
,,0.8353825090335975,,,
,,0.2953648764251664,,,
,,0.16145984470415664,,,
,,0.4513814468247175,,,
,,0.3800735030115257,,,
,,0.26074697300273947,,,
,,0.23243574819286345,,,
,,0.5601316955939843,,,
,,0.43120806563773456,,,
,,0.33953286960144274,,,
,,0.1918275019687593,,,
,,0.3490385487761247,,,
,,0.4465575721716157,,,
,,0.38333724660119445,,,
,,0.2572655258275559,,,
,,0.5902400142796033,,,
,,0.33605059743132765,,,
,,0.36865347538421694,,,
,,0.6405839090237232,,,
,,0.24628080840499544,,,
,,0.4713391786512315,,,
,,0.20230616037168847,,,
,,0.25911879573999114,,,
,,0.372124601949785,,,
,,0.34093673521627205,,,
,,0.25632581144486444,,,
,,0.2832869387305948,,,
,,0.398728834999241,,,
,,0.3510787164089884,,,
,,0.5544351251484444,,,
,,0.26783692845201407,,,
,,0.16843586716640813,,,
,,0.35747744805126175,,,
,,0.3905895299870355,,,
,,0.18521275003741208,,,
,,0.4187196332642971,,,
,,0.260883471522786,,,
,,0.25354915392692945,,,
,,0.3974055720598147,,,
,,0.854995705276039,,,
,,0.32026780764558094,,,
,,0.5812475672615326,,,
,,0.46242586048138606,,,
,,0.5244537238605529,,,
,,0.35105459088577506,,,
,,0.2798147101114437,,,
,,0.5177256459239339,,,
,,0.3258675523865706,,,
,,0.6407334262370298,,,
,,0.4733913742805016,,,
,,0.6969337512506857,,,
,,0.1625647330523828,,,
,,0.14041485550412472,,,
,,0.26294232590683747,,,
,,0.16883763508701274,,,
,,0.1274760322710484,,,
,,0.44404155686328894,,,
,,0.8121322500801292,,,
,,0.3422185995545017,,,
,,0.3593008999784436,,,
,,0.20976063973647519,,,
,,0.44341831243253516,,,
,,0.4293930692963019,,,
,,0.20366660199582562,,,
,,0.19659961760757527,,,
,,0.20409295806142844,,,
,,0.3149651632545522,,,
,,0.37125895626714045,,,
,,0.43023493754374303,,,
,,0.27874738950688327,,,
,,0.11759294776172415,,,
,,0.5167217888454466,,,
,,0.5221389079066164,,,
,,0.3093313652092319,,,
,,0.28591540795316583,,,
,,0.26434987285887634,,,
,,0.23874023574464448,,,
,,0.2813640438052925,,,
,,0.6395902531852407,,,
,,0.1525086514344978,,,
,,0.37426625217152787,,,
,,0.28444132495103935,,,
,,0.35715755504363844,,,
,,0.1955568104032116,,,
,,0.28879638603051005,,,
,,0.1851712853680522,,,
,,0.4439228855995677,,,
,,0.5804352450392227,,,
,,0.3861436567499955,,,
,,0.17548464458390375,,,
,,0.534177445457853,,,
,,0.56643736743243,,,
,,0.4073620036924982,,,
,,0.12101360781021994,,,
,,0.22072524642303087,,,
,,0.5350442985975314,,,
,,0.4028912884551194,,,
,,0.4649126468756419,,,
,,0.527913819661124,,,
,,0.32121741562353195,,,
,,0.2924808406783877,,,
,,0.26666338290091324,,,
,,0.6330718894729357,,,
,,0.6427791632657676,,,
,,0.4747977314706418,,,
,,0.3695629186783562,,,
,,0.4487466235641001,,,
,,0.5975202558791454,,,
,,0.6958207816727873,,,
,,0.6011198195907629,,,
,,0.16068828729289017,,,
,,0.408254243489115,,,
,,0.6253072211869315,,,
,,0.38762600372855555,,,
,,0.5286091781084185,,,
,,0.24658253481022802,,,
,,0.29741867665313354,,,
,,0.12605298383647012,,,
,,0.29422961528183117,,,
,,0.4714042581565336,,,
,,0.39116227346375415,,,
,,0.15299541676668266,,,
,,0.34202943823265264,,,
,,0.28699952843509724,,,
,,0.15063008757149302,,,
,,0.20006287575657122,,,
,,0.1667539768137866,,,
,,0.15625968025621506,,,
,,0.1976369909822117,,,
,,0.18859207523900845,,,
,,0.528306010182583,,,
,,0.43435963544789546,,,
,,0.48452887569857445,,,
,,0.09702660665919607,,,
,,0.4800165430879384,,,
,,0.3693009437488933,,,
,,0.44567039447426504,,,
,,0.3382086974854112,,,
,,0.32403911203410896,,,
,,0.20729624215617654,,,
,,0.4420378514554361,,,
,,0.33640224294841314,,,
,,0.4618979385089256,,,
,,0.6243639620921407,,,
,,0.49041192112789134,,,
,,0.28645344434316916,,,
,,0.29078616463829215,,,
,,0.4840096434071488,,,
,,0.1763849468727264,,,
,,0.1744413441320147,,,
,,0.23369536590380424,,,
,,0.36840716253420525,,,
,,0.2994848808458771,,,
,,0.09930090034269076,,,
,,0.26032782915556096,,,
,,0.38326283347163986,,,
,,0.40667849028257097,,,
,,0.2843082466677158,,,
,,0.5534576200470864,,,
,,0.1653138695962698,,,
,,0.19471239475209254,,,
,,0.49790914783221574,,,
,,0.2549336881535369,,,
,,0.3888692531470052,,,
,,0.7819079199910236,,,
