CA2,CA2,CA2,CA1,CA1,CA1
Basal,Proximal,Distal,Basal,Proximal,Distal
0.050938337801608585,0.1033427105742181,0.410534562767432,0.17662672531472773,0.07052616965153408,0.1042241379310345
0.1347299096195614,0.03902731193100144,0.3166170301341788,0.28753789692037657,0.016227180527383367,0.16956998416372276
0.0346524064171123,0.1520687316301153,0.05610290093048713,0.5070988230898561,0.09713912759708473,0.11809291913757215
0.10011952471349223,0.059619450317124734,0.0949368503408964,0.15639223682773187,0.16489361702127658,0.510708898944193
0.10274668565530815,0.1287654890051788,0.0758431176617537,0.10230722525804493,0.07777930128179053,0.08018745118458734
0.14355584038857222,0.23654814074323777,0.10002784998143334,0.15047430094860187,0.11928942868111543,0.4167125550660793
0.1449624279565186,0.04701735835756454,0.45650274092317467,0.1936704506363949,0.1790695976046155,0.16274468971261974
0.19891888533349905,0.09982014388489209,0.34727433990584705,0.11115040075436114,0.5698801326192298,0.16966353357853153
0.05003462603878116,0.39061616732617294,0.18629834254143648,0.12291519256039624,0.15038629693956998,0.287450312322544
0.12843863539848063,0.10035594671312496,0.1336812732534105,0.12210591133004925,0.16257070411546715,0.21800142520418792
0.14739675661479876,0.06216684434968017,0.13073203268300818,0.13687340696686492,0.03133987333244668,0.2501111802899582
0.3642521577624822,0.24066371875136816,0.27313785436353527,0.15698986697401912,0.13865495668912414,0.0823060188542422
0.07622700895052621,0.10083188591278912,0.4472487494315598,0.23647497337593185,0.17240557607530085,0.203520529694376
0.2034582132564841,0.14070677972978454,0.0785007463099121,0.4622720603647034,0.07406502823996336,0.18329607803292014
0.3534796823914059,0.18007879583796343,0.13750056131842472,0.2679296346414073,0.2563207151836849,0.21772952641477172
0.14769214369470207,0.029820380166250073,0.14692168372917497,0.08657267097114243,0.036635885043583324,0.3278556189817217
0.16653810552298673,0.1674779319041614,0.5077021005728836,0.16677122928737498,0.14223569428697042,0.1495504022716517
0.075186305614993,0.3132152374980404,0.6086266589728794,0.10069654754694125,0.17007449675067365,0.3096528768426058
0.03085628870382234,0.07413747194644148,0.056018815480008546,0.2522302642652752,0.026841686555290373,0.1326192638495646
0.08405159602924568,0.07298411204253749,0.415050313548199,0.26861722823126605,0.16234236845919697,0.1514372249842848
0.2428045287136816,0.14214787173486812,0.4935211267605634,0.36567512289640824,0.10015085484411665,0.2966493144658699
0.10781444030512685,0.06809218031878483,0.24125181566090056,0.07466432425649391,0.19559399604390487,0.11326593769341861
0.12888568737186235,0.09229891614375356,0.42346123948837533,0.16499656829100892,0.22194176507707564,0.13736473583704648
0.11425671892497201,0.01796215118143911,0.2954768078363584,0.34115696710583715,0.27977839335180055,0.1435993526956818
0.04290516048243591,0.09803337306317043,0.3121558025433063,0.27181544633901705,0.13933006064106265,0.21359674607786172
0.05362106238418777,0.06894221020615074,0.19860004827419742,0.2808708518283661,0.03151274560092777,0.2545702373316229
0.07343440158638778,0.24942804227039983,0.24973305696878337,0.10990591478396355,0.032233682003267254,0.24154999292886437
0.11762774920669658,0.1667604840979454,0.32121137409598943,0.018529022984403835,0.032767035505383554,0.2523480927736247
0.09989842863117644,0.14209472981987992,0.13036604645506508,0.12114337568058077,0.19388418998048146,0.0957502427365748
0.17040443492503465,0.20424319189360352,0.24492643328259767,0.05835580768157724,0.02974994656977987,0.29216826727985934
0.25300372876674493,0.3075007780890134,0.4254127138268469,0.3305338353122888,0.03318415684841842,0.23985016250757454
0.1825007508259085,0.09900714484550431,0.31714174907892184,0.10491236731671193,0.2642048204433259,0.15587084148727984
0.3446238890093215,0.2361787453451733,0.27332509270704575,0.16534333827763723,0.07452649762477637,0.19469371829886853
0.06275687638318053,0.016445000189458527,0.127704183741542,0.10911640953716689,0.19748427672955976,0.2005151575193184
0.06682602369569736,0.12942305385630323,0.29915966386554627,0.2438469318948078,0.25304050064942735,0.3758133273502356
0.2650916679087793,0.3071609687855207,0.2598282479742566,0.10443087521528104,0.29886234970615194,0.2166885102664919
0.09672058497673389,0.14191891758431682,0.05203797933168966,0.13759294059972219,0.23193675889328064,0.2914572864321608
0.1139426703545386,0.054788243765137135,0.3241425982928373,0.30257396842244927,0.022159543125235628,0.43760964912280703
0.07853298784133944,0.14392605633802816,0.0863262796867922,0.14007485444968115,0.16477028107509686,0.16401025064066505
0.15546177249975462,0.07271068738229754,0.05449747590637907,0.2265826873385013,0.28504859539342303,0.17191822414142097
0.22084167139571698,0.11713995943204868,0.26554814733850696,0.21971059166024487,0.04100012439358129,0.0766250538097288
0.1438250326875074,0.06117088447744607,0.06575905471358849,0.27834302325581395,0.09008601177003168,0.1280746395250212
0.06491954022988505,0.15902140672782875,0.29845188061924777,0.144757570453352,0.0616003714595264,0.11609498680738785
0.36451668684074007,0.16063151796060254,0.1630814520562521,0.3733874991091155,0.030200958242743343,0.18662539243126536
0.1920276959911994,0.05068685678016049,0.27840290381125227,0.2889348976305498,0.09897090585694321,0.18093418996353536
0.29477536084570033,0.05176757415684682,0.07960322380657162,0.36985086658605404,0.24094758169255545,0.25770763422818793
0.3040691192865106,0.06261430519070263,0.30018986006609943,0.16175675675675677,0.10241736556487419,0.12792251169004676
0.06828765947708679,0.6018219776048587,0.05392712550607287,0.15687303252885626,0.22691733810802744,0.15672477210938748
0.11496070775465825,0.022620064108845064,0.08030040439052571,0.2424470588235294,0.06620419242949782,0.052471116816431324
0.12245236810427132,0.09012554802710243,0.18851626016260165,0.35978763953171794,0.031085675153471763,0.09695989650711513
0.21180555555555555,0.13601741022850924,0.06068630099972979,0.313903743315508,0.03832848278512987,0.15959100693613967
0.2544041450777202,0.08079294399725981,0.23955643323712592,0.12681851579720793,0.036080730634795354,0.45810415447630193
0.1154054054054054,0.04712191926635552,0.044988506585908715,0.16521035598705502,0.746744896081136,0.2633966891477621
0.19019125974997328,0.019764275380818652,0.18480162839695746,0.2935447216059737,0.1949378330373002,0.21373742721016412
0.13408122539237366,0.06094427284761336,0.2973657548125633,0.10470945689327762,0.11829957775710298,0.2388903707655375
0.12715639426581357,0.039581068076437576,0.23633879781420764,0.13509997261024378,0.19827510340579071,0.17015527950310558
0.2722929936305733,0.21450017661603676,0.20068423917269265,0.345565749235474,0.06356716243119803,0.29532577903682716
0.05478170055202159,0.06326043898298234,0.24422181211002722,0.3383280757097792,0.24430671663303546,0.2497817546922741
0.07764634516226873,0.06064116893383856,0.033661985857982274,0.3205412341070804,0.12674575762126444,0.13633894622487777
0.08119198827552515,0.1021328287429626,0.051432958034800406,0.11072746755566137,0.1140308582449373,0.2613861386138614
0.1650623885918004,0.039819951847587146,0.318301286484991,0.42250461605300316,0.37205918020858597,0.1485317066250532
0.28820396457722736,0.0430929522364823,0.38270111466344076,0.321978534764349,0.30668622417797337,0.22394904458598727
0.11815581356217399,0.30025207057976233,0.3761332565836811,0.38769380631544764,0.10126652594156205,0.43374925727866903
0.06442967409948543,0.15902992776057792,0.11666779454557759,0.17244509364680455,0.1871284948998312,0.5240331767762566
0.045619963608006235,0.038505867560771165,0.36785640602434494,0.1171484157865481,0.08191691722402895,0.08056695262961582
0.37621971275079485,0.332256539552474,0.1212555352956499,0.3333808133323837,0.41493582263710616,0.19964123667827374
0.20629299878591667,0.04087287500493038,0.1473450782308735,0.35314818337454823,0.22373852244966727,0.23492276695768974
0.155446614683857,0.14006419608987453,0.2179366745869481,0.22477117367628316,0.3820209799495419,0.13070689240150846
0.31013213768889525,0.16699029126213594,0.3448723145520876,0.15136605695762906,0.19277602955260636,0.26259499845843604
0.22701002889682134,0.12413931922927426,0.4923478260869565,0.1739648033126294,0.1019995960412038,0.4125933098041666
0.1930101328802864,0.1508771929824561,0.07251415872105528,0.0752471383975026,0.04685515674085956,0.3785479877943463
0.04528263829358076,0.3043867502238138,0.09994408722393067,0.05282210778565238,0.257767092560693,0.050912111681512086
0.24884713919726728,0.13856389480669157,0.21556811048336472,0.11154649947753396,0.40019490942444397,0.2403933709706793
0.2142857142857143,0.031634240594208475,0.21584629771316843,0.2332687816825198,0.02949263553177482,0.1551529702790207
0.12770647742714783,0.04473210524300104,0.16516516516516513,0.13733124336350305,0.09689150144465478,0.05661662070609063
0.09953198127925117,0.12642865003380027,0.3571466539095306,0.46620304172624466,0.34579118806788955,0.05961009747563109
0.23050272740675218,0.08049502286790422,0.2707569887969846,0.31305036113584644,0.05904124074726824,0.26940898345153663
0.04922664368146339,0.05614881157423355,0.11196877860090831,0.38802941922394113,0.061228885265068776,0.08330222139257047
0.44859106529209625,0.03736286033130915,0.14771659462507047,0.29114291239605494,0.037908020469337396,0.2091468307033966
0.17081218274111676,0.18344347826086954,0.18201975408183835,0.2397459875603497,0.023328976564637224,0.1587981062853212
0.13710683564252413,0.06366943866943867,0.17812185297079558,0.170242766061795,0.30260821649421416,0.11685037523452159
0.07336882952802094,0.09162030497823644,0.1299439934007728,0.23149138443256093,0.0648861595504316,0.14257464900138422
0.08569414607948442,0.06545796362496972,0.0681544331760217,0.09908847184986594,0.1523972602739726,0.28711013835691396
0.29384314315821164,0.5151377707223042,0.27035942885278186,0.390923388002696,0.18706867671691793,0.22804932402317635
0.17182213629772836,0.10015228881125145,0.15807496529384543,0.19609179731879117,0.20467245674274556,0.04443028903575126
0.14153005464480875,0.12540192926045016,0.24867921720366098,0.297017939883569,0.243856901951337,0.1958862194016319
0.08649776087356605,0.10934113567403553,0.32581910602795733,0.3254679410593389,0.23463169051404345,0.09276068186849679
0.31437598736176936,0.07711044862938995,0.35093133472941695,0.26723176444345303,0.4692553500532584,0.2889268687595574
0.5290778821996837,0.20554663059102055,0.14133133461376307,0.17961521515641063,0.07113180157180758,0.235733445537264
0.18210245917461299,0.19014792474508113,0.32468780019212296,0.14980092676222162,0.10980556721219752,0.19750838524197412
0.06351698544105053,0.11129651441783361,0.19487543221916837,0.18228598839998253,0.2189913675601999,0.17869127516778524
0.14606741573033707,0.1153001040823407,0.045913917816652126,0.11133750545772085,0.025815462245449627,0.41543447437715214
0.28402500564886646,0.09241427900422734,0.22541092847623279,0.3756631985116791,0.1730082502154907,0.4264976029391998
0.1229243353783231,0.2742911153119093,0.14751286449399656,0.08704663212435233,0.17290879017013233,0.3413595849408008
0.17201459670315844,0.2712836613935515,0.21237113402061858,0.4152431011826544,0.3513170422088226,0.07487667371388301
0.0319001386962552,0.14215766280398237,0.13651796288985393,0.27063714686435586,0.2652755964400568,0.15529388334287636
0.3816968541468065,0.2756180012676949,0.11474059840790557,0.38259678465864033,0.26646887257366997,0.10167115902964959
0.337117628508357,0.10685330191947891,0.1419041265605642,0.1431722109906267,0.20223077944496085,0.1405189050103638
0.1490919463725397,0.18077917224627074,0.1356740355439965,0.3674062903920724,0.065954666818156,0.05048040262315084
0.34566823762145804,0.39462693306242247,0.222795274150481,0.14305750350631136,0.3744535623897538,0.14530857117649656
0.26957137796670205,0.07167037861915368,0.30836538743870573,0.14265184901322092,0.11909242994562945,0.09404035041146801
0.23305506624798958,0.043189489347802416,0.35709054289114717,0.2400293255131965,0.37825236877725976,0.13519644315397877
0.04400830019021269,0.10808207517584337,0.1396605701103971,0.07996203582868669,0.0875626072641939,0.036384243667806404
0.24404266585974732,0.13769685615596278,0.12351211314941885,0.19172472028710155,0.2346014492753623,0.3040402829396955
0.2429169239212458,0.1380081300813008,0.18313109506439368,0.17654645567736493,0.1854427149783108,0.07561906452471821
0.5511311384954939,0.23578280232956492,0.1775853238348,0.18017854865815278,0.1784094065364318,0.12142897711137615
0.17552640662754576,0.21104402686384915,0.23468567985539265,0.2723119098385623,0.12089189474796576,0.07221232298602645
0.1317401482637534,0.3732106339468303,0.20765594373342555,0.2195097598721981,0.2154878971255673,0.09791332263242376
0.2308326463314097,0.03165203720686493,0.07690649918413842,0.059745237290046216,0.11286199609692683,0.1846435100548446
0.5954305420842764,0.4307365244822384,0.22342039841151973,0.3237115956392468,0.21822409889235667,0.04933749025720967
0.28791827374126966,0.0930848927796964,0.19504530838935982,0.07614861032331252,0.24272930648769575,0.08552978386926727
0.07299548547084632,0.0609914103363885,0.16311639978453554,0.16583920563741192,0.2590942116735287,0.09296350364963504
0.2062328139321723,0.08380902176368703,0.25362540537233064,0.07975813417794414,0.17617315710103787,0.22731941116056142
0.6183555756616151,0.29044241810199256,0.5092844470727381,0.1577486455755468,0.03354729346407723,0.29109808102345414
0.11959266802443992,0.05305384893386338,0.11373581076796246,0.20577740016992352,0.04806881321467132,0.11981672394043527
0.20303698261082534,0.04686034441790373,0.29153280132656234,0.25886811207057214,0.270786684579788,0.3315071037236512
0.03285210701069229,0.07576476542975547,0.4468953404277301,0.12161092420344348,0.05020108959183091,0.06783576108989771
0.357598416538377,0.14618457228821913,0.23236889692585896,0.2291817898994089,0.362534435261708,0.41560854753793747
0.09439178515007898,0.24174023846363885,0.1990467041087792,0.23209099709583741,0.22010637110871425,0.36579122025220445
0.3141528925619835,0.398799941460559,0.17196155485062262,0.14975673430639608,0.19705162868546414,0.06012931034482758
0.1872653768408894,0.05924204402874416,0.18594083279235835,0.07960237342991446,0.018337056236217807,0.1440275274455186
0.3641968857769882,0.023741424485469127,0.20194734944103856,0.04773702605848781,0.1510843960685566,0.09893314366998576
0.21375495376486128,0.4330168776371308,0.06428813750989483,0.16019926586261143,0.12921136511635878,0.2767094017094017
0.46455172413793105,0.30841760043727795,0.5095473251028806,0.14919711720824377,0.27342650311683087,0.12634008338296604
0.1467326139088729,0.14510218025964347,0.18928797699692967,0.20967886215224973,0.15141162820678097,0.08910312591294187
0.0838873294922933,0.223640693213388,0.061107859675698005,0.18227130570758404,0.08178380072116538,0.2900072787771655
0.30457633636713244,0.08285941417476914,0.37545355065368885,0.21606697541859635,0.38641714703255664,0.15198902606310016
0.1218345197806045,0.1681798530047557,0.25429680280909256,0.2609765701909824,0.1982322423621341,0.08331694526384792
0.4228347706470557,0.1367805828395162,0.3179791976225854,0.30588810163694113,0.1299032635271606,0.16598453842655755
0.4359271523178808,0.10520149230721795,0.40946195032037214,0.10073469387755102,0.14186807653575026,0.13300538333023948
0.4819353094873412,0.14915451305512725,0.1654168504631672,0.07601331955448386,0.09556533101167093,0.16153355142424
0.10006583278472679,0.050850015089025244,0.30329838357361294,0.044157868928341094,0.04291124987204422,0.11982601375052616
0.08991027284380149,0.24959073900841913,0.24861354349095155,0.06295388627830115,0.09537484885126966,0.13579123046578667
0.14837157402887233,0.02081203987616466,0.05941740653858716,0.0906265664160401,0.29900086345133836,0.092740847350904
0.19586594421031508,0.11514982757512797,0.11232388914692679,0.1474040632054176,0.04748772647997535,0.17520794204453982
0.1380757885182664,0.10735493594574229,0.3717927898668399,0.033218992597941865,0.19723233794610343,0.14080742720495146
0.05804182137971468,0.18174324027258737,0.13970997587550701,0.06548822340275492,0.1606676565460038,0.050626119187058435
0.11750881316098706,0.1804122336879716,0.072877333045636,0.15020121294564417,0.23689753438235656,0.1658074697527617
0.1472944033185505,0.24886722504462447,0.3683641975308642,0.22257504243629506,0.22061874267159737,0.08474435590969456
0.3109873826949845,0.028966680025981562,0.2256229468792565,0.1653203231224506,0.1712271659213219,0.16938021617184293
0.06760710359092859,0.05542644296583999,0.38658986690526786,0.061164038107437355,0.14558528822350586,0.09890287711576426
0.5988627132412673,0.03523896300103575,0.19214659685863875,0.06529457784196907,0.1417283120376597,0.1303442361876761
0.31385414530790784,0.5684324537219377,0.3963600830585074,0.10936000404101631,0.3804747576061518,0.07360175765391411
0.5224561184333812,0.069955990988631,0.15478779907936668,0.08828868075219633,0.2904806037336158,0.16678992259527683
0.2517068143758856,0.1506720430107527,0.1428225611232147,0.02841959334565619,0.1936936936936937,0.16999176641965927
0.5093307015969855,0.044802443769660166,0.227188833775522,0.08873410054512416,0.2107112970711297,0.33073989321128905
0.37088835065239467,0.24597092564209744,0.03611375100519044,0.28622197922361947,0.13053677383745,0.07863509596981463
0.37895691609977317,0.15762216957743375,0.16195425484631953,0.19763716683444155,0.03203125,0.15313770325203255
0.1527588813303099,0.03636415492556044,0.06228373702422146,0.05061508122828435,0.23528655872526344,0.18789747542879168
0.2847408568758103,0.10765974486585436,0.04050414509952447,0.13340227507755947,0.378822629969419,0.2817248213320521
0.2848383500557414,0.11361232814624565,0.06221167787004086,0.10546249866638217,0.027048002471669712,0.30724299065420557
0.15268220755511866,0.022111553784860558,0.10926478378453733,0.2333789329685363,0.023795358050483325,0.13533565745955128
0.21020799527953976,0.18428623263528923,0.27732838589981446,0.163669391462307,0.21925213996095508,0.10533560566334557
0.298050139275766,0.024680505781323955,0.25533834586466164,0.08521505376344087,0.2109016393442623,0.16892526499396215
0.049161364950838636,0.38292523973559256,0.42614899925871014,0.22547714158899246,0.10313946468102234,0.09200453001132503
0.4333835652867654,0.08871253096092604,0.3685247516624251,0.5431882991445129,0.15272408638729965,0.27210395716337993
0.20203665987780045,0.09216337555206774,0.31530587074494326,0.06133485838540203,0.1817754499059898,0.23978739559605164
0.13799111420855475,0.33738588483146065,0.07687531048186785,0.025390027531355153,0.0899350049544027,0.46277925639164447
0.12504741433809582,0.1434227235377605,0.3051633515407606,0.1642002316304208,0.22187359928283282,0.19786585365853662
0.14320766290756382,0.16182543072760927,0.04893617021276596,0.259053343350864,0.09391161259990598,0.2921038100496963
0.44849737871963374,0.10020665901262917,0.11202788134219485,0.11434606906686261,0.18167202572347263,0.18315761466059133
0.28552394388274943,0.10794058521331247,0.19647835656639764,0.13848,0.24206160625567028,0.30237391095835664
0.728616352201258,0.1276346284935242,0.059881590076120664,0.2748709569608972,0.023751515184904867,0.1543752819124944
0.02787694925914279,0.023189287888009738,0.10722822993739328,0.11702674897119342,0.1907497276418738,0.2042534004659202
0.27898818316100443,0.16618277339969584,0.142102615694165,0.2888709966004652,0.10164354034756837,0.17775212812004038
0.1515609957364874,0.04526235354049924,0.08406106259582695,0.18039805600555425,0.013966113505292975,0.19389905712701053
0.06568063544234456,0.1434510250569476,0.10744056807656684,0.25216842769279296,0.23220875065893518,0.1511323281131746
0.06972527689093848,0.13982470556012053,0.39093763001626386,0.18723961433162717,0.25504621769477454,0.10030046739843673
0.2743927910723877,0.1286502909381909,0.2550457054937098,0.17066170196260955,0.056851103972178435,0.08223986627664019
0.2091031283767757,0.07133449340011729,0.04056680161943319,0.13736167661679113,0.22482079501846355,0.06507374319395252
0.15233370084527748,0.20106626047220108,0.2080832053608823,0.1824722040549379,0.37744469381211926,0.07128564749883123
0.275403440326299,0.07468682505399567,0.1384732824427481,0.11229724109247192,0.04834874963122364,0.12355640728226334
0.26939397957830524,0.10801537194619817,0.1786405678640568,0.10020449897750512,0.0685675271474088,0.35292084341514
0.2911446166914419,0.2396060749881348,0.2771675044994725,0.09673867279852318,0.49504240831441887,0.3100856954515491
0.19818508689324543,0.14810056637657132,0.16707485075769174,0.15546711713001402,0.21074225816728737,0.14199029126213594
0.14700441155542904,0.11898376445482595,0.11508211889891279,0.06973929706015834,0.27492130115424973,0.17322694245085365
0.2237092862092862,0.03506127024624067,0.43714214588001,0.06878661456872336,0.2487071557426338,0.1323915392928825
0.24001885141048945,0.1054236066845883,0.46469439017583036,0.4253274186734263,0.1212817933611151,0.06305697252781022
0.2713320119936982,0.13673903788846317,0.07342565978573296,0.26310209027567405,0.032550156832573826,0.17973902062578925
0.30989143546441494,0.044768384154385436,0.056029305789094395,0.25127147106803566,0.37415784408084696,0.5059637912673057
0.2988875154511743,0.12804354053279862,0.06930343427209322,0.12211097595209132,0.40198879871985366,0.1516268355888281
0.39521667061330806,0.4255447334069686,0.14672970585348297,0.23635895676046673,0.07508501879362807,0.1936205931729155
0.1159758169676374,0.2553243574051407,0.24572841726618702,0.15264829956773085,0.24089094085350635,0.15601490543485905
0.36890843847667554,0.22194966393563267,0.11830281451339439,0.12024999669217774,0.06473425147914284,0.17050074367873078
0.2630304903172641,0.13666897691528496,0.08964795432921027,0.05826913620717915,0.4465965688987272,0.27344306049822065
0.15744329896907217,0.2213655018032583,0.11752346266984172,0.15161116354321152,0.1814836998374262,0.10657989877078813
0.2665041145992076,0.058823529411764705,0.15105192047867208,0.16695148227951556,0.16012203523275267,0.18382352941176472
0.18576075171666065,0.4956899782624991,0.018284581479216314,0.07845152449468996,0.07292503102416234,0.05552327201952973
0.12315554702155,0.28256735340729,0.038743248211306244,0.08290971575857377,0.20062630480167015,0.36379148536814265
0.21301311288483465,0.10588842975206612,0.2641543618081348,0.2683355994561305,0.1360323886639676,0.0976047490853869
0.1307332293291732,0.3915509777578743,0.07078039927404718,0.04946472687345594,0.19106862893845142,0.21839871530167468
0.12008675468969979,0.07214417641461913,0.14030318009556764,0.09356761073907967,0.014855921687577553,0.25241592578275995
0.23454466483277833,0.11398416886543536,0.17375120389410936,0.2547519131078746,0.03571150012946839,0.15901700623471857
0.029774896050724062,0.13293067319375232,0.14881038211968278,0.34249999999999997,0.21277401040845292,0.0958604261894032
0.18064882247233519,0.10814783704325913,0.3036895487285021,0.11933713547831702,0.40712277413308345,0.1040040433537373
0.0715065105113843,0.12163481089873933,0.416167917053022,0.43230769230769234,0.05650326093342995,0.06380274529740722
0.11811338594130696,0.0962474485790548,0.18450588557350123,0.23519406216174427,0.11121157323688968,0.06566002575977638
0.12844562555364492,0.1925665246650614,0.0651393872481369,0.14589698236586804,0.2501872191712431,0.21527204059955152
0.1514394829612221,0.2102490121056263,0.19439710268427782,0.1601772712883824,0.08066635745207174,0.20732214672028845
0.19656999003513925,0.06805293005671077,0.09636597414901536,0.06628360352965318,0.16971363856981073,0.02356981951302228
0.3165952235150031,0.02716221140150386,0.20511991957489586,0.13911947042135125,0.15240567349587467,0.06578856152512999
0.6349716735568826,0.21310878470641786,0.22208348198358902,0.12901694420099327,0.1739752441375879,0.08700209643605869
0.47271536670547143,0.10529627687467226,0.2559557483185618,0.19498191681735988,0.10840083735323564,0.2436936936936937
0.3980861244019139,0.1506718847405971,0.18612810363440088,0.15058711520152335,0.053565781151170146,0.1634599297306341
0.31174772783099974,0.0733718998797182,0.04241367016400122,0.4640727957326639,0.2586950273066973,0.21491611672099864
0.13361335601871546,0.18785968758563987,0.04668944750820449,0.09247157819353684,0.16839227547696603,0.071271050521251
0.06779141104294478,0.1441169903996428,0.09739144656145228,0.15091448817389638,0.2405331717661315,0.18391146707072892
0.1698019185249782,0.31827956989247314,0.14165358883290657,0.04923623724339792,0.045839203055919306,0.37510040160642566
0.19270788545876688,0.21070866141732283,0.31444536806132817,0.10997711199617273,0.12540861812778603,0.15989700675893145
0.12226663531624735,0.10026669401989947,0.34602954755309323,0.19845034788108792,0.261552746232412,0.11550383063337036
0.35132321041214754,0.1928523263654754,0.04408258685739416,0.30015031429352285,0.10881982766966793,0.09839937024403043
0.2546802930270417,0.11387051640803868,0.09574031757192242,0.09255167034966853,0.0950467069557415,0.3212933753943218
0.2024661685563509,0.1369956690221108,0.02663597500822098,0.10538767609420367,0.1665618118905316,0.4559162062615102
0.06717627982395183,0.04617909700392244,0.2256041018927617,0.2954079787875136,0.05768935713189792,0.03161629601469936
0.1639169254658385,0.07594482610177397,0.07754325572968566,0.18923583869449243,0.20408737754757345,0.27167570887501274
0.20479255693189807,0.11420821791320405,0.14240574506283663,0.2651062579571051,0.3493383742911153,0.18944273312797535
0.25711080842881184,0.06717277841794889,0.21394910461828465,0.10373257382701245,0.17886178861788618,0.08165438165438167
0.09941520467836257,0.14687918096678496,0.04077887654195127,0.050688814184958145,0.13556743421052633,0.07536949107202569
0.19495970321095052,0.12550881953867027,0.2618424972690258,0.16122027434987554,0.05496952580722018,0.10293617503684391
0.04693375423610789,0.220668737978991,0.06163127413127413,0.29809705042816365,0.09592947886958776,0.2600385480244138
0.3067788794097302,0.03687074111246104,0.11553699539565263,0.12837422455708938,0.1627052193089929,0.13133960228148606
0.23069861378867162,0.17841122847634205,0.060755104207211356,0.03575551453065519,0.16975601344943528,0.1612646332722784
0.293354152434859,0.16656433646171387,0.08065628015993383,0.07500496064554535,0.13822441430332924,0.2228455936160574
0.11275582960091586,0.055859428415151104,0.16394048988985696,0.15133876600698487,0.3021878700991087,0.48032407407407407
0.35902926481084935,0.08394169150958898,0.18473177441540578,0.2185805695306013,0.254344356270935,0.14173531449688198
0.29565217391304344,0.16653635652853793,0.20836162576389564,0.1660481391156823,0.1216087371067002,0.10984483212062769
0.22025259909031836,0.08175969396626673,0.23967322517546888,0.16771987983010464,0.0673618007282357,0.17302195887068664
0.058340535868625754,0.21834421676799518,0.29610108473140545,0.07121979734996103,0.4392007309418822,0.20498614958448755
0.2801271298666902,0.12236601957856315,0.0707499308181902,0.0292498694202258,0.4052431289640592,0.17064233697115397
0.1985511811023622,0.08165869218500797,0.29600239556819885,0.4246945154873544,0.2506274650412334,0.1999572009957764
0.22007981203147728,0.13009961022087482,0.09381944444444444,0.12819354514882297,0.1357615894039735,0.33438532472015386
0.23540721751133897,0.20654676499049016,0.3825935116257697,0.09903468001430105,0.018924837622552586,0.35544624033731553
0.23351942035871243,0.04386364432610447,0.1603076923076923,0.19065870886491815,0.29759188846641316,0.06672014975264073
0.025343425848051583,0.10877500365016791,0.35430762291384754,0.035227055253301255,0.5724703737465816,0.16659772967507697
0.18562367864693446,0.10162579222926427,0.14039138082673702,0.07349752168525403,0.06679199380736481,0.1156265017446355
0.04430452110283548,0.059452325965028044,0.11179560465026459,0.1715361789545766,0.14323338735818478,0.08123556800545104
0.27739758132558356,0.10534672247767903,0.07051811247234421,0.16224689745264534,0.09684002040632596,0.10808305524657026
0.13693764798737174,0.042363100653097806,0.0957481075857626,0.07694837224597172,0.1763494967978042,0.08386598601518595
0.09563846558066211,0.23330572318857729,0.3504955947136564,0.35374511892083776,0.033066462895746856,0.09769423094730993
0.026720443660196623,0.1264629131741262,0.2156420130128801,0.4097675985180196,0.5026969597907813,0.18589012992933668
0.30524886084822994,0.07444756593567865,0.1372416457407765,0.08061073715317682,0.19605173587474475,0.10620840550642721
0.18036476159219839,0.1321567898941111,0.2110528640282658,0.1654318257215526,0.09900435594275046,0.18445212829378801
0.21556336951536462,0.09569446431125732,0.051534258091635136,0.06865917223402987,0.14391120640726493,0.3326273990734613
0.12786332400101807,0.1550955554574745,0.08499265000668181,0.2392127176381529,0.09867339107553998,0.31533463594145317
0.28602914166768706,0.029825244398304352,0.12157512953367874,0.15895489709531455,0.28430472693896286,0.06716098673891345
0.23339118874404519,0.1769222678026717,0.13258404364989565,0.0949085516559565,0.3701002734731085,0.1899365978686092
0.11097614153117798,0.027954406545212796,0.09807212737387301,0.5389789704736954,0.03334344967121902,0.12225006961849068
0.31980087214911435,0.0389010989010989,0.05613822370415277,0.08606358297897351,0.09624478442280945,0.11730406448293604
0.1465555068012286,0.18574305275875952,0.20088180225886335,0.24694903086862885,0.20875019850722565,0.06914175506268082
0.14980039920159682,0.43781094527363185,0.34371761263183565,0.15297885115751553,0.17107438372001543,0.11641052817523406
0.21142478156809597,0.3611287988422576,0.3694963015146178,0.10225075411864801,0.32600066950408874,0.09691211401425177
0.15674063219593887,0.09608722507183715,0.2377496242216019,0.21568894952251022,0.17597633931572224,0.11041203099823525
0.049690157558177864,0.372761730492746,0.058065509805934896,0.14651225424185296,0.297787549814484,0.13696407879490152
0.6134676564156946,0.06699406968124536,0.1720379465787526,0.08911796998902037,0.2657023514851485,0.18378786924481957
0.3617920540997464,0.15995854206253238,0.21225264299268096,0.0924210291327157,0.19620611551528877,0.06338028169014084
0.10372040586245772,0.07651692201159872,0.042396928726422964,0.19818511796733213,0.17706312490673037,0.3067311567916163
0.18184497494842322,0.09351838395582038,0.14078250924275873,0.12764577082150677,0.11518470391683683,0.17562931267106127
0.0749198853094957,0.1317333988876256,0.20935503163461236,0.08395099077295416,0.2121654501216545,0.08914994849659097
0.5657712970069071,0.4040497395395732,0.18406215085613323,0.059769468653359574,0.05074305827141182,0.37717483878817376
0.2195558205395737,0.02129723883445731,0.14396384764364104,0.19343567631862615,0.19905082880528233,0.21080282383845017
0.10829875518672198,0.054064461818149244,0.3596227446692182,0.032463967055593686,0.1601093726264621,0.11953847176963489
0.2912969017593025,0.04737719037001859,0.22036852589641434,0.03552079359023274,0.06792557238707893,0.22746723722920567
0.2782451923076923,0.2506759801712483,0.23286908077994425,0.22712315339914585,0.15395894428152493,0.049142198702628884
0.05168742921857305,0.15807384207673308,0.09167027573264039,0.23152877085461354,0.17537077942568632,0.060757646813610545
0.15555164525778636,0.23152184442507023,0.15280955707025698,0.1750076757752533,0.36525709316230026,0.18327605956471935
0.5736326772821679,0.10590868814997902,0.08001694975105052,0.0924468632786644,0.14857459943122703,0.11285367825383993
0.3769183548189073,0.1350395011123373,0.04692520361652843,0.32397688406651726,0.10783682923690646,0.12264150943396225
0.23482627578718782,0.09968525179856116,0.1366121997265803,0.09274660490577956,0.07961284166041852,0.17062549485352335
0.12477091122351734,0.4057204662901093,0.11772610422996027,0.5838530838530839,0.15058663822360127,0.11315417256011315
0.05107631402212717,0.1427706466456769,0.2000300797112348,0.28155455193724743,0.21810037900539794,0.06603724913584069
0.052116967574696436,0.055405690694564996,0.3822336896424622,0.12120019675356618,0.10856666048581495,0.19975731202142352
0.17305551137267378,0.038408711861081135,0.11235627395434095,0.1985796948974224,0.061142118374168324,0.12498779416072647
0.33840393166393634,0.022303441291089632,0.24243471051540694,0.11795569374271281,0.41111029249244824,0.09980153104621492
0.4157303370786517,0.1546894031668697,0.1873521526573096,0.17015202506672855,0.10448207767338878,0.24966666666666668
0.14235813764817234,0.18296136852837883,0.1479652491998171,0.06585752706709881,0.32343837929093977,0.5904672578444748
0.31658449125952487,0.06611882497402474,0.09572059933168052,0.3000730104648333,0.041678752531070555,0.47576636288318147
0.39458265729223,0.29849431056281367,0.24439320897086564,0.10640804858152814,0.174024024024024,0.09549604537015846
0.11818872223277008,0.22247191011235956,0.1770571777028481,0.32474844274077624,0.2053587013440391,0.12052144653457002
0.08514492753623189,0.02296793437733035,0.06977277943539133,0.23206616828376014,0.3436103256407918,0.10776169000712081
0.40669071826828473,0.14538510502864418,0.18081114481518934,0.12922846192301282,0.23777296516874208,0.11026936026936027
0.14979650781147433,0.2726004106249198,0.04107813423304931,0.233909133932797,0.32524396507447356,0.18318094568304708
0.40513080037371535,0.06517984901564118,0.11928309532998842,0.22968664601931135,0.22817229336437717,0.09756926738058815
0.20245652773944245,0.24011428571428575,0.18539741219963032,0.07653246282190787,0.039625960170383515,0.1867239544325752
0.3265437392795884,0.13440840599802983,0.3021373056994819,0.18057932433288965,0.266051682170096,0.07047314833300061
0.34822119102861565,0.19147011856478668,0.4820169759746799,0.21347671891087977,0.27372800235623296,0.18316519546027743
0.15327222340652313,0.21567305924882055,0.3867497168742922,0.21964856230031948,0.03611038716589928,0.19973859315589354
0.16628175519630486,0.12204591263882689,0.188431134083308,0.14589665653495443,0.21101014370245139,0.19454785637084185
0.15081863979848867,0.22394984326018808,0.185213627478358,0.22757797343680047,0.19315895372233402,0.1947408536585366
0.2828195855576603,0.2795935325277845,0.2991273589489437,0.1624246221317253,0.11273620585306603,0.26551236272990636
0.40865001049758554,0.3373729476153245,0.24730462325638064,0.07609937178754997,0.04457871087304207,0.28603401969561326
0.2140458015267176,0.3394993045897079,0.3910245923987131,0.18994525303778875,0.29126559714795014,0.264641804434192
0.0826325624854006,0.16889266634288488,0.39939797211660333,0.06503110693743398,0.025700259890268553,0.16571883530482256
0.5377108832285808,0.12774282315508864,0.070645821157218,0.11918906876578049,0.21094885896706492,0.13660589060308553
0.1420905849542839,0.07771553065670714,0.11498723714598275,0.18619394223996244,0.3080407701019253,0.24519513892606673
0.31377276224672995,0.2360201734206335,0.31796875,0.08504034761018,0.0657653994714373,0.20920043811610073
0.3417700207643527,0.10517241379310345,0.162515762925599,0.139678409394182,0.15315174285117927,0.2616492324412444
0.4074892849086397,0.2603122505100683,0.04476080543798897,0.08999532491818607,0.2108960763520679,0.22067171239356667
0.2920945784571292,0.36809302325581394,0.08372781065088758,0.13231437098670526,0.03895436871990906,0.17660699378536315
0.06596241248003931,0.2915592886004263,0.05723478939157566,0.11696084090287692,0.06818573397656788,0.21300339640950997
0.18086761685442213,0.1488777243647667,0.2652059252609135,0.09820829740346841,0.19291813159216473,0.09856223987892546
0.20173581710414903,0.48780487804878053,0.15696099674972913,0.18699967979506885,0.13709143840148208,0.4155815853990738
0.1623295046661881,0.1340609951845907,0.3815137939165291,0.037561807505095655,0.12463912394225982,0.05230142566191446
0.2517786980991823,0.08242293047195598,0.03307328864959894,0.12496014030612244,0.3209994683678894,0.09942213661283153
0.10343866171003717,0.26091430251359693,0.14960227687367728,0.3423896264279099,0.330941208942865,0.11650874463772215
0.3881793137991485,0.28830263058145705,0.34308889619642663,0.19982693203754243,0.2495238095238095,0.06838321788001568
0.15789473684210528,0.09872129436325679,0.129037243084531,0.07296482412060303,0.35208727022848313,0.0735736201072303
0.35549480590486604,0.2246831722743411,0.23926731539782484,0.05834998889629135,0.20159637579549133,0.14822509258422906
0.38747274861646824,0.011117902033791987,0.5194848918441208,0.036567937698467196,0.1546807191568506,0.15789473684210528
0.22132682132682135,0.30498612478739595,0.07309805382251607,0.1142266145713629,0.1141234918381831,0.2052847750058737
0.21879986883812438,0.0283423888839405,0.3178726222008187,0.1646063760572544,0.2349910001111321,0.25083943833943834
0.1367658412019716,0.07332343938410166,0.3404544571761507,0.0308136326981028,0.6825990417202289,0.2138893293166323
0.2751454153323313,0.1752024704305774,0.4139771900024266,0.3212729683652207,0.03094493234329652,0.04074236446003215
0.09053117782909931,0.3752253685438541,0.20255779636005905,0.12216687422166873,0.2716843872411863,0.3731688511950655
0.24760383386581472,0.09086969084079746,0.3039120280264695,0.17058088694565895,0.07606171629083026,0.14594812525198225
0.3970049734929223,0.18147232261746243,0.4697546360029152,0.025643698530178255,0.14070244402666213,0.24937862468931235
0.1577140852833592,0.13492286115007013,0.38676996424314664,0.2993871665465032,0.2095259903824135,0.3948711211316993
0.07292654652755823,0.14388607743909615,0.22868174296745722,0.011581452506124938,0.12910522788203754,0.2127940470475276
0.07269979852249832,0.13201356228808925,0.3515272909364046,0.16865859093303084,0.14601898488957768,0.15331720361645232
0.06580957230142566,0.031992516370439664,0.3425724869076511,0.11020822752666329,0.3473693057656749,0.38442689899264904
0.11040224424234198,0.24054964725702854,0.2003486218542325,0.06202439278640676,0.12653015802359227,0.2637916366729926
0.08854284079282779,0.03724113927722025,0.19949220166848022,0.1406048579341904,0.06418432421312488,0.2089844910571038
0.4402897702326943,0.06063264487667936,0.3318700614574188,0.1633560549579295,0.2968634777051276,0.19419856078456346
0.3350300136904553,0.27203471552555447,0.09111408050776683,0.1495423182160821,0.13923575251150128,0.3289975330791658
0.2592424971006704,0.2780189959294437,0.16532373278473053,0.07752859052428339,0.007555546906385459,0.19887429643527205
0.3745413491391476,0.11465636476367624,0.37682798130559325,0.15332203889216264,0.12471201041771013,0.034615501197296235
0.04769456681350955,0.1541530192323843,0.4542295425334413,0.11600619880451626,0.10361705251823211,0.37246413717001947
0.10159984199091449,0.2134461264470169,0.25203936761556417,0.053925781979894616,0.09441256418000603,0.1600856645696694
0.08919430614963887,0.05426849426544262,0.24744125326370756,0.053413442493067474,0.04048055087539374,0.1565446559297218
0.17959617428267802,0.044918311914703864,0.3718094450759533,0.27394707242062927,0.07879537953795379,0.15163215163215163
0.0892468787756746,0.09401505603433594,0.035363067448097744,0.22981214930470842,0.10703552438930417,0.13466910702244486
0.21430628900624102,0.12037037037037038,0.06455862977602109,0.2299016197952897,0.13311214333112142,0.4652668893585111
0.03219090877808747,0.01500813248558332,0.18739304050199657,0.06002928257686677,0.38712394705174485,0.15920779078673816
0.08040137177695923,0.04648010184835912,0.0615217329098349,0.13525880732139342,0.24369418768604106,0.2243166823751178
0.21905710491367864,0.0669242658423493,0.33017229865099507,0.1528709917971663,0.06437744276940258,0.1791644349223353
0.18296968211162867,0.08506237907799052,0.24107409249129785,0.10384786207453468,0.22004934661427397,0.24012423565951665
0.022014972719198073,0.13610586011342155,0.12333858977247131,0.2536362150678216,0.08048024276007652,0.32939438700147705
0.18275671357463283,0.18347655661088497,0.332513442397895,0.13781893409516302,0.019277852215481388,0.23336731226639484
0.31660971481493305,0.26314012380416435,0.49619482496194817,0.14483554529717255,0.06745235707121364,0.42440641277142666
0.10337210057826002,0.12062798092209856,0.41186184119994496,0.06383205456095481,0.12916458229114558,0.35864130122420834
0.15688430311231394,0.09186152444579411,0.13822385921833436,0.0663383099892258,0.061478785302478814,0.2950005642703984
0.0332114630995906,0.09521371896595852,0.2928558607072339,0.30138253864576525,0.055348209322639556,0.06856634016028494
0.11588082780891464,0.08468776732249787,0.39761904761904765,0.058495017091136685,0.15200194718267004,0.1766719647878714
0.22697116611380455,0.10537123344561856,0.1986870897155361,0.06681257919594517,0.17583310755892712,0.4421664291196141
0.023803439085831116,0.08285721352427593,0.1703898870420719,0.11455893361667191,0.13058737831931658,0.3861483175432865
0.12740228892247893,0.016237939746753152,0.17634368836291914,0.09559361733274777,0.1483222773233722,0.2813335029902023
0.20302979011509817,0.105500940414558,0.25873593205491974,0.06189596666809845,0.1043794882168504,0.0783958462911382
0.22207799870198833,0.028195195101377742,0.04445179271576362,0.1401925391095066,0.1263330191954764,0.16664466737064415
0.18425766695328175,0.24100227790432802,0.05721701839521499,0.16168759907328373,0.11702545954978866,0.2451640692301668
0.11593874078275665,0.10925399470640133,0.0502121171947501,0.24230499883282755,0.10559133890639988,0.3658420551855376
0.11234460826828564,0.07502716303539772,0.23492605233219566,0.23768890716562147,0.17274447949526814,0.07434534571096292
0.1372644215915611,0.14344734819369717,0.35287688344133034,0.2391981579303806,0.08323707767831359,0.17912218268090152
0.1752860915492958,0.03896565738671002,0.20661231072484545,0.23672301912568303,0.182140252162134,0.14501033183420445
0.4665061754239062,0.17139634723131775,0.17829457364341084,0.07999999999999999,0.13315926892950392,0.1705818876068731
0.24958260807786578,0.1068765534382767,0.23089123867069483,0.5074096943501081,0.024357392090946058,0.12070911313834289
0.21805065557369283,0.0465653652765454,0.46906204303321497,0.3245936647289121,0.14947644934145718,0.3430593358737071
0.49881209503239743,0.08081741037926457,0.07550320007420462,0.13480430785395323,0.17872317538858712,0.22901570048309178
0.06525241675617616,0.08779498314382035,0.17568614431164234,0.2842184937555191,0.01929776996605056,0.12376280046274475
0.16427505452875676,0.13214422708093593,0.10902074288470816,0.1587114726027397,0.12467451307155504,0.1152944421459109
0.1775935694549108,0.08019502353732347,0.33460741124643684,0.12093734080489048,0.06971923874128509,0.24033054057155973
0.20598879290217137,0.2537686349629383,0.544539928736114,0.1780177940090913,0.17615674730935518,0.25122377622377623
0.38934802571166205,0.2100528344995002,0.23002596229822778,0.12154109868582155,0.05785727322504107,0.21260289525972184
0.26339336278174197,0.028803561167562535,0.23586647727272728,0.09083091475868,0.15917843388960207,0.08986205972947636
0.37545350886285894,0.2568729562795204,0.3600390815828041,0.1661981981981982,0.20981608444879749,0.13067212555441826
0.4117072111207645,0.07605459957888623,0.17402504472271912,0.20121951219512196,0.08507371007371008,0.11006431742005615
0.16459556300983455,0.13605380761070737,0.4001928020565553,0.17468666069829902,0.06420778217630588,0.32521246458923514
0.32891442038591834,0.11397247236254485,0.12840366498903086,0.10393533638145003,0.04905864425109374,0.11814001779887275
0.4672809984836114,0.1832167832167832,0.06897696511568517,0.21011859219586837,0.2859316875211363,0.17296389588581024
0.18133748055987559,0.1187005928853755,0.3174617248921204,0.21466923310708133,0.10160813915326551,0.020616038496299373
0.13899626441448756,0.15302925989672977,0.3721867854134071,0.13325853251226386,0.14661074974323862,0.3133974627073749
0.2660179002699247,0.04763512521652329,0.2844650761092518,0.28430887606485294,0.19162288382953882,0.0791853540180869
0.22106370767170458,0.12269764805894019,0.2457738077919055,0.1416,0.1411170143838279,0.20229723394280355
0.19875578242143882,0.24774972023548877,0.1245822829336929,0.09634843818741752,0.12744498777506114,0.2348763368983957
0.1631209445803638,0.16052236218652494,0.11117711957905457,0.1728900666506063,0.10030090270812438,0.06328367251628807
0.14538964901844142,0.11305935543705078,0.4457468184862693,0.2599244820900092,0.08496732026143791,0.16019266625233064
0.1270985401459854,0.0489923869234214,0.10945869749083732,0.2775453277545328,0.0959799693976909,0.10854470738274054
0.21973164956590374,0.14652024939616917,0.17532325224632914,0.06714326036083529,0.3000034778979585,0.31589717355160507
0.33483284401932006,0.1100317735817365,0.3318785019168387,0.0844832251082251,0.20975948196114708,0.5021954871004249
0.2097127222982216,0.2991890326317822,0.3562558973391206,0.13442277279915654,0.16130982367758187,0.14504558361978778
0.10017574692442882,0.12270582066072366,0.07795171700602646,0.21519154557463674,0.18910554008047045,0.15214786924525073
0.08834665544804375,0.13274981765134938,0.22482740653901262,0.11651364815348512,0.1617181314330958,0.23750804203302597
0.5172253258845437,0.018527645846402006,0.3100793012297437,0.15133693081913538,0.2128927410617551,0.3618352450469239
0.2564431047475509,0.1034913112164297,0.07986064585287417,0.05573030424242694,0.18403268105709097,0.25236593059936907
0.23402756816581144,0.04871185821304586,0.052932626939847155,0.185271922976841,0.029973301143442453,0.22522741055184964
0.11905643608354317,0.07378341844397716,0.07335803662531551,0.44051758997169427,0.2702507481168094,0.0983361562219787
0.2871681140796319,0.1036825953529154,0.3674988124769093,0.18049032258064515,0.0687719298245614,0.397592778335005
0.2797130082146199,0.09852748077283811,0.2136020259249721,0.18385093167701863,0.1117324330027432,0.190258885476086
0.2275640528251525,0.23673991502581207,0.06841736148990883,0.24665445837441893,0.16665095673484775,0.3797122010539116
0.05727188750898081,0.23569818611140927,0.07126408920130893,0.16705056487879782,0.35263157894736846,0.2500701918577445
0.08246418338108882,0.1682088565763384,0.30717933313307294,0.13231252453867295,0.03430325073880427,0.2096503160758582
0.21431395808620005,0.11009304135564439,0.1609897934963209,0.34604939868097767,0.08080430557631933,0.2681527618423209
0.186194823058647,0.13719929095973665,0.15379629629629632,0.2992855763660939,0.3380809595202399,0.06806667156178868
0.3178677196446199,0.16351048666259418,0.1958173960558343,0.04960970020944361,0.1287854638189353,0.14170174525847798
0.3729439055250949,0.1567746765051866,0.15245624534106061,0.12572342369783734,0.24595879556259906,0.09925702908755402
0.04098603065254075,0.08580981610399979,0.15060322624373051,0.11697542533081286,0.07731196054254008,0.1295124342633033
0.1531232334652346,0.152898629541005,0.45662008645822866,0.3044976254772325,0.2208363316542736,0.15661682935870505
0.18795033453422544,0.37448668697840776,0.2666178163927562,0.3175812403285323,0.09006493506493507,0.13201077638990938
0.24311759343664538,0.10534591194968553,0.18889145082366202,0.10236894681761963,0.057187143090226794,0.11798830623058651
0.2678091397849462,0.1256121223320706,0.42301770592763666,0.0968388980967501,0.16819447961509243,0.3557654466745376
0.15211436397877076,0.08723854452114191,0.5709429303959738,0.10310052569466796,0.1064200398142004,0.05776340110905731
0.041657482918227906,0.3489010989010989,0.2750626232478815,0.06324938884792984,0.2404870624048706,0.25908925318761383
0.11895663731516862,0.1442506811989101,0.4101535640614256,0.1094428589154982,0.13167385339082713,0.08014380945247547
0.08599002385599654,0.3544381419592212,0.4644339883753114,0.1608741842464714,0.06759291827881346,0.31723723723723724
0.2114133155347906,0.2820611866501854,0.24621631598375784,0.08695652173913043,0.03894052875999977,0.3179276012537644
0.13269870650712853,0.1934983255737973,0.11757051907616524,0.06129739384590403,0.3585646580907244,0.2686806771745476
0.0972506830601093,0.22921370374006084,0.3019468222104386,0.08264123016199326,0.20798794272795781,0.3402731411229135
0.032162035956105534,0.05730737592541815,0.2972895040369089,0.24109238318753998,0.1156930126002291,0.2833635737971595
0.1239656988114939,0.13193093385214008,0.33165330909691815,0.1780330222541278,0.19737919737919737,0.20775084055919305
0.14093785212793622,0.1300506303980939,0.23184309695101063,0.1274455518641565,0.05713097398669086,0.19831854755518877
0.25858158173295026,0.07335887611749681,0.0910159406449717,0.27241994553479204,0.08981140139979699,0.1973954763536669
0.11628612936100088,0.08000045603794234,0.2896579721912108,0.19507663725034835,0.06475065318641372,0.20409284438950695
0.11649869445325656,0.05787465940054497,0.2105995772542146,0.4244118577909062,0.03302263678672811,0.06588327021608376
0.21726315789473682,0.09104507379337855,0.39292092872219514,0.21543482257767976,0.15124424578023885,0.19886151549085482
0.510839503970024,0.052035841509525727,0.10763401627841707,0.1625,0.09457915450044432,0.19818013571869217
0.07302285652967057,0.11232465720977973,0.37792176889425805,0.13564141370994506,0.08907688479721322,0.24723290224863098
0.123803772182477,0.2910272929600562,0.08849198687005214,0.14883089162704957,0.06832203518927565,0.1797495786178666
0.1875,0.19550454328072692,0.1865350278332108,0.0684760465269107,0.25019046167911013,0.16278745644599302
0.1187912235832548,0.05497494075138895,0.21700879765395895,0.06525370253516945,0.27877713779353125,0.18974222694658519
0.08328530259365993,0.11922181576321916,0.17660044150110374,0.09161273950006345,0.15665920347377707,0.2795465078968947
0.24300712698291055,0.0375865815564308,0.3526857983811626,0.2500819188675536,0.19938096466339952,0.25421407501053517
0.11415127222028582,0.18052360357044261,0.22618808903148183,0.059758169281502946,0.1848870056497175,0.1207537603515295
0.2865320725785842,0.10983431320149653,0.4522410930915592,0.09639169988756005,0.11386264998723512,0.16205404522818187
0.1507870753935377,0.0641247303272794,0.2134558967338158,0.08027057497181511,0.14218519016261255,0.12364552708945822
0.20511986997155626,0.2356239405398357,0.08716531807117953,0.11610685003967205,0.14905575539568344,0.09677982371934725
0.1530281547498481,0.07148142666863994,0.40420495683653573,0.17726847521047712,0.04137489325362937,0.1490639350052985
0.18960470984020186,0.07748085106382979,0.25593018643395476,0.20910805712745892,0.07054304173214598,0.04419586323343183
0.11274601686972821,0.11124930901050305,0.08727965697951405,0.10998191907226137,0.11379917792131532,0.3835922330097087
0.10055357272925923,0.18500892325996432,0.2187784867821331,0.09764309764309764,0.0899830220713073,0.3541247484909457
0.42479456948910327,0.24546701203717813,0.1929654442877292,0.12713283548314097,0.0448081969261527,0.16553147574819402
0.3354792130437398,0.14256125679002696,0.45522489468677807,0.09518162526526028,0.146658238032297,0.38584988746452686
0.17887029288702927,0.16771964461994077,0.10065194252261843,0.04779750164365549,0.1515549715286903,0.24059278350515464
0.17970933482392398,0.26875505721881865,0.3185420957373775,0.2938633666723174,0.17521401712136972,0.2510312908743334
0.17398485107352357,0.1278773655564987,0.08476400624293633,0.17186171011157253,0.08854775580745183,0.34744961071090735
0.0745088347955023,0.3451173113506658,0.37175731585782024,0.24250776151555473,0.11636069114470841,0.1483371298405467
0.2108264687245406,0.05498143261995505,0.1028422651334346,0.11137275889751137,0.2464004203888597,0.08647305075876505
0.488400160922623,0.37548554164868364,0.25625064840751116,0.2547036355920215,0.2205128205128205,0.3219356708200522
0.15178268251273347,0.12239372540262931,0.20700740620167657,0.06228134250893853,0.046445304542676716,0.12002474737059186
0.10860608170844939,0.1202928870292887,0.3034989579905671,0.25223287046091664,0.13918248994481341,0.18280725319006047
0.14485121822167352,0.1267504488330341,0.1800465275923878,0.11377193740814386,0.1555483940272854,0.3896823704966958
0.18348837209302327,0.8259425669075993,0.1377128626236791,0.279177545691906,0.019043519258758173,0.2626668004414568
0.3658291457286432,0.46513442150744116,0.39151369244658446,0.12037825864712898,0.15791274593669805,0.08450274557657109
0.2256921225090277,0.264604008561977,0.16195981282686484,0.20373423644222627,0.33855757291002453,0.28816405904711395
0.08082512382300114,0.03922189219457564,0.23787010697543973,0.1395750332005312,0.1054199772985244,0.09300899427636959
0.2826446280991735,0.2942732442798572,0.36327025983339767,0.04782564311964067,0.07584838314421181,0.29011261493955987
0.5044423100012005,0.04001961536821458,0.23119482048263687,0.15460112406677293,0.027378376826022857,0.5689797037849699
0.26932550208412276,0.07682004828789454,0.2637255904304263,0.5406471981057617,0.13787583170743908,0.05113445847770202
0.08395997279704655,0.04170157838719174,0.3666523050409306,0.07375466598017762,0.14119977362761743,0.14400789938675815
0.3940106247943209,0.23234229982696242,0.0933984774457448,0.18426334805299077,0.2885380919698009,0.036011851270982304
0.23648804047838087,0.19955654101995568,0.0896439672223792,0.0631367292225201,0.3333333333333333,0.15581250648138548
0.03715825953022719,0.05581772599911518,0.12054186280757292,0.09577765915630161,0.051023796347537356,0.29533021679544885
0.30759546789760805,0.09853652076021456,0.34711192560917664,0.2193106704438149,0.09878185170437176,0.3272260901429095
0.10488407549550496,0.2408550353755833,0.2638059701492537,0.21970317763816807,0.1970861999190611,0.281987844887861
0.14173154925637557,0.03328374860542953,0.426500764025322,0.10066262512336106,0.04285647999681228,0.19601494396014943
0.3601724656572746,0.23812966979995182,0.14598687531549726,0.18271946829133204,0.12394603709949409,0.12484265934317426
0.19400227401932915,0.06085289889793963,0.17702258864535153,0.12409044675690478,0.15798667270492334,0.45285963803931767
0.36539056218690086,0.17422059208802726,0.3307662605114124,0.2607003891050584,0.05994711387502917,0.20103443582414593
0.24323885324453828,0.12600647396587342,0.3265888674334649,0.07629823187609475,0.3261236904359581,0.2841306884480747
0.2706867936457757,0.06970521541950113,0.4854327130077023,0.0916677532924762,0.37005742953330256,0.36748106872410347
0.10915027277235906,0.37065712426805464,0.1852629369161331,0.10489340759569415,0.0709850004776918,0.09874784434280573
0.15942028985507245,0.06933085501858736,0.04472422062350119,0.37911921032649964,0.27895045441219585,0.263943829113924
0.14140803729442744,0.015071672354948806,0.0920116357126874,0.20804084237396298,0.2181818181818182,0.086693822131704
0.1689558607814375,0.16341532372066725,0.34495204702485305,0.2535247372468598,0.17242177106830933,0.29891981719983385
0.20261204681701397,0.22182582659106836,0.2062338179645489,0.17017289324144602,0.15937640197397934,0.12825592486609436
0.10819502074688796,0.2095899695018638,0.14433299899699098,0.44330377974801677,0.1669284592317578,0.04450358692699573
0.1164100744945016,0.06713030873039157,0.24220260957206285,0.11985201731118246,0.04132824202021054,0.20130835563484986
0.12794117647058825,0.06800739944504162,0.1776805251641138,0.14050972501676728,0.032293143052636725,0.20578484612647616
0.37651478429471646,0.030512991339107263,0.11986123156981786,0.22784297855119384,0.19980029955067397,0.1261447135049046
0.3603951890034365,0.1613154613466334,0.13247648452645938,0.16760521636040307,0.19871995004683113,0.23016247267115358
0.10666739266559581,0.08380197289573155,0.10539907997740294,0.2847404299947562,0.2866058906030855,0.04299380226746632
0.14923933209647494,0.1875652662864487,0.061664564943253466,0.09075367920321094,0.11311612364243943,0.1600831600831601
0.10523765686322012,0.022789877331008106,0.10873907615480649,0.26158477583055584,0.2746762338116906,0.16197356907267382
0.11681214253316075,0.12328278322925959,0.29415124514507657,0.28432750031932563,0.04092204886123287,0.26349785208764726
0.3280583857215117,0.12086412734508244,0.09452933259441057,0.2689295039164491,0.0888487910501624,0.19408240163073692
0.2653000298537168,0.21322889469103568,0.20480605025616005,0.037787761245115785,0.3792002044205954,0.17823732151649435
0.14355187778485043,0.11827980308386286,0.4737006887914841,0.14158812696349257,0.17748917748917747,0.13729644889150483
0.13146263228348445,0.04445060763451162,0.24384780607548326,0.0638347046315984,0.256708526107072,0.1893801187749874
0.1247843044557381,0.0940320351248069,0.1351828761429759,0.3203463203463204,0.13510091017016226,0.3073405392564437
0.1649246231155779,0.20132586220503512,0.36735895514398886,0.20371224348628084,0.03510011778563015,0.05735995232419547
0.17556330472103002,0.1225550176446596,0.26449653009772744,0.07180516026687818,0.1003584229390681,0.16484926234765876
0.2402977139819245,0.16284763023893462,0.21392196372962083,0.15337714783434953,0.1865566037735849,0.2030134037765385
0.11439145907473311,0.12306782042748317,0.2725860730002589,0.13749146369223764,0.11454091685275186,0.2718950853729793
0.1861293279740498,0.06466390106757368,0.2673306772908367,0.05099258550585984,0.11284206210925489,0.29380603096984514
0.4530256801423849,0.13790548970679975,0.35273224043715845,0.13969674372358937,0.09106556720839004,0.28666486340275904
0.2395709177592372,0.1567046173308033,0.056178201176800224,0.24954288894188725,0.10272259013980868,0.09100575985821886
0.26354714834305215,0.03655316030108078,0.03049993369579631,0.23332822321017938,0.1565253881661771,0.2779749961413798
0.06810667842186467,0.19655365648641077,0.19900639256397015,0.13569176192353175,0.05331799002685079,0.23595041322314048
0.027129551227773073,0.05451558514547577,0.21611136467366499,0.10882340325140478,0.03972633594233909,0.187984496124031
0.09503987687141457,0.10977795091546552,0.037981085318363424,0.19238713484803777,0.025668240091612435,0.14272017531844952
0.1327031231303099,0.2455475287890709,0.1249567922571725,0.18787932485713021,0.1601133341043136,0.16775993365000377
0.05843071786310518,0.05464741677604104,0.12461300309597523,0.07213791174207985,0.08226982680036464,0.26979690043167504
0.13058928042641396,0.03426240652617268,0.3622936576889661,0.12212260722074147,0.2496407013509629,0.09690034762456548
0.081831290555155,0.15098237954155622,0.42024432809773116,0.0947732718076138,0.05446472619634928,0.2581487963878954
0.051237326937752105,0.021582733812949638,0.3329496912418937,0.11318349547131834,0.24351630867143995,0.13943035579106738
0.4537935422299984,0.3534766912572595,0.2591913263226543,0.10249839846252402,0.15417276720351392,0.23065306287480491
0.18872886662492178,0.16389105058365758,0.2053909097160146,0.09951210531160821,0.16178623718887264,0.13767814417975657
0.410732833237161,0.31926121372031663,0.44429103962446503,0.1492520204046541,0.07431582258571878,0.15903480735254308
0.06161165276635734,0.1013657226015896,0.21247654784240153,0.14699625164623645,0.3197644460802355,0.19691188215458338
0.16876290595081658,0.08311965811965812,0.4530349270939301,0.09379579811206748,0.14412862474877977,0.2457528677217947
0.19930569736573414,0.08966367062916789,0.21998722860791825,0.19092770175627627,0.10818754373687893,0.3115439271085848
0.04121275001441005,0.19654454883662276,0.1399800473874548,0.13282872571191212,0.11003460207612457,0.19573779715853143
0.0586161567877629,0.3209671787709497,0.05030931586608443,0.11244149341460759,0.07578104828298476,0.3144899285250163
0.25569539588975626,0.1031196546387554,0.25021211606991345,0.1940140097643812,0.3276521739130435,0.2710526315789474
0.30234495893346025,0.12493868341018347,0.1556014947920808,0.1050163630147023,0.02755750961764937,0.16419280795715377
0.04245408570668086,0.1620621893422726,0.18132611637347767,0.037444933920704845,0.18361011950954526,0.157319737800437
0.13919466628294602,0.09448395845059614,0.3037331672018019,0.2108162243365048,0.0543326016515104,0.1496919648708874
0.035292878213232196,0.14708578412649911,0.3037359586015398,0.4696865073884822,0.021591137965760322,0.054101032047800104
0.13245283018867923,0.24918058373653815,0.40634222246069646,0.08224816139261859,0.16131232944678742,0.31344405200270536
0.1757315392721083,0.05731350870504511,0.10889021479713604,0.33550372913460397,0.05300158674188998,0.30133298312430234
0.04939613228284226,0.21150251617541338,0.13680325188057751,0.02379217216101513,0.20845707820676,0.15359634351695933
0.14078623052178635,0.03143915208785596,0.14076433121019108,0.2082367127353678,0.19082007603916654,0.1615195012324199
0.06936914736323312,0.10269637271905249,0.24101013403072902,0.07273731666338278,0.13775636273783046,0.1319505997754535
0.06293305418473655,0.10786499377851513,0.050265486725663715,0.19815994338287332,0.13077804660639247,0.07559225993127976
0.2642066420664207,0.07276969225641595,0.04953379953379953,0.12389259915496798,0.18540967637190173,0.44046242774566474
0.2662253561663549,0.1386508155930329,0.3138218743936356,0.06759526001603754,0.13172848434755655,0.30102002829275554
0.022714366837024418,0.03800198568934232,0.12314336879806172,0.1476548928778228,0.1385908959118585,0.3081036983321247
0.17387777176852354,0.0464547087688839,0.1154727793696275,0.14465531859388248,0.23749325522238496,0.1845718329794763
0.0828005115089514,0.1106597870238226,0.2537298181075005,0.04083554115302927,0.12223109159848333,0.24720670391061453
0.035517353227375925,0.13601831896551722,0.29113329919781533,0.1675664135175527,0.4197548876568427,0.5041922290388549
0.27150626235992087,0.05841000723663806,0.17511647026582625,0.12955211385516952,0.036506219578150347,0.22760567678925683
0.1808077473313525,0.024964987134807673,0.37045257687310523,0.07348709568640001,0.01628999790495966,0.21994646805539392
0.1592887433970687,0.013484246128285764,0.22018160575563164,0.1287096577461388,0.13886097825650093,0.07946793997271487
0.036248392845058985,0.17244302128461106,0.24692605693110997,0.3208406879848939,0.11468391328110766,0.21053342336259284
0.1755205552589429,0.19633180491871616,0.19956694334175387,0.246802419541026,0.08302845528455284,0.1604854104172348
0.18199622298384277,0.23063134228595733,0.1285623812539582,0.0825279281250137,0.11087411620650156,0.1478234883952585
0.05314656504274385,0.14901910665218224,0.11963874623693997,0.18345225774824336,0.27880880138652636,0.39890629618681644
0.25981178110840014,0.05774390091016223,0.34107228338918144,0.11044050791660133,0.2041298333220865,0.17048875266816266
0.25465456224034466,0.06822413546159109,0.24921557053651872,0.1532015666271974,0.09968149109354724,0.23093815881939564
0.10375381667963839,0.04968115082307578,0.45286170830912265,0.20169283884619668,0.18539923954372622,0.444508404328805
0.2370494807574832,0.040160093713393206,0.3413897280966767,0.25480691549523343,0.2933256711271653,0.14545575250614087
0.12007352161464777,0.22167762058594187,0.22981953951462356,0.29720496894409937,0.17315966972903826,0.6434036939313983
0.111572153065929,0.022432262129804665,0.2997165285651984,0.13284470911589555,0.31312566932066865,0.11576387950830745
0.13859326090959306,0.03980262880912084,0.2262341250863489,0.14914444886589734,0.02584713916936248,0.25251868703282415
0.05626880641925777,0.13155048667780947,0.12790286975717438,0.0830299089726918,0.17243238870763342,0.1803300684288206
0.09428403064230995,0.07827385758114,0.34746335963923336,0.25206845744077977,0.02704593772706478,0.031833655350078205
0.06098691069153248,0.10964310226492792,0.34240285107257895,0.18406927283775573,0.15637479302620044,0.04970129022541293
0.19506136762127413,0.15060449050086355,0.20987542331881953,0.10383017997231195,0.15980399327141082,0.25421722403077834
0.045930780373240325,0.047525433724873445,0.23957899124635262,0.05876144461599158,0.08329183266932272,0.11855127395241104
0.027759132471174355,0.1901762861990625,0.24430491097157764,0.1588419405320814,0.378719698069386,0.40637054998346744
0.15256901463798017,0.08098747236551217,0.020006925474202606,0.23913312693498456,0.22037449260180697,0.18371515130884705
0.11390750811517221,0.1196135129416743,0.48496932515337426,0.19193819946518767,0.04202260481009331,0.0993791809037971
0.20330913299663297,0.22668200115008627,0.16391965834779126,0.25927487352445194,0.01966318258552508,0.14070775720646825
0.12277623884272083,0.09263971350485346,0.23947520184544407,0.14407441355195708,0.1888663594470046,0.4310624932308026
0.1888848084220835,0.062183732817484204,0.08750687947165657,0.1387085753331056,0.04383226536685105,0.14959820594281442
0.24458598726114647,0.06424581005586592,0.24799937439720562,0.14906858416382826,0.31049304677623263,0.17385423711179315
0.037652839675465656,0.09214053901509807,0.1382339343504392,0.18566522654259443,0.17735655737704917,0.03612116338292454
0.04452308921742108,0.36695018226002435,0.18323952470293933,0.13357061312202,0.36300000000000004,0.27087707963172347
0.03536951141559995,0.4372427983539095,0.13961275294802736,0.12253389769710882,0.11703394877903514,0.09938278568320628
0.17214037411024666,0.051910853017342856,0.42684280639431615,0.0980159775261171,0.1900369003690037,0.16898259064047277
0.1553705905667856,0.3404845419691655,0.08978711365726007,0.05170741496371116,0.04124521260925071,0.19400103942386218
0.19030023094688223,0.09834111114895937,0.15459479693056336,0.11669220617819154,0.07718952694671784,0.18106278210915058
0.09153912792376552,0.19460173650434126,0.43707943383092274,0.18650845679821687,0.30355692707487414,0.15679902508378188
0.10812581913499344,0.11142362613587191,0.17818339852238158,0.17588539594110625,0.18201438848920864,0.33576681518063234
0.14203531045427495,0.05646560880491549,0.2820386988222098,0.059031529319320306,0.23914570746100886,0.1587284989804988
0.04193346492706177,0.4048008144238755,0.503185451175721,0.014759832778773144,0.14597387684799767,0.3070535632813213
0.06692006707657909,0.11652293894446361,0.38303379282266037,0.06946628918947258,0.03234008739489366,0.1350054961526931
0.05748295639000109,0.29147817581611446,0.13559678572931128,0.12451381025060312,0.15961800818553887,0.5613265057303097
0.07508141664970487,0.03284350530944975,0.2289628180039139,0.24821099979554287,0.09753976593354832,0.10527047698512029
0.09443306010928962,0.12645477915400793,0.10842989263314551,0.32909361750888044,0.09432576014468182,0.21858837846060236
0.13700988394526728,0.05208965577039799,0.08468563665182278,0.12680878816288266,0.06707515013796461,0.21658694023399228
0.10900473933649289,0.056661111655720034,0.20228033806410464,0.1807701741476576,0.17480634668501044,0.14656801007556675
0.13584964925138732,0.06199648454665299,0.16697466467958272,0.20952427564604545,0.13277030344692134,0.18506152818849567
0.3224563610630602,0.16357558419851498,0.22634168669184113,0.18488397310778573,0.28104474151920256,0.2698619171502902
0.08986118754968507,0.11676767676767677,0.04004388370817334,0.14092872570194384,0.335197934595525,0.1874703369719981
0.16182972907790016,0.08807737094061327,0.1381701511074312,0.1893963550209295,0.06324187585133294,0.26284074605451935
0.7486101950438141,0.06034121101943784,0.14903625993921987,0.34125283589614314,0.14635854341736695,0.09922178988326848
0.1675468483816014,0.19922941865001953,0.1458354729382767,0.3845743972292527,0.17651195499296765,0.10047443331576172
0.029564603198627717,0.18898462578138198,0.2868908249387422,0.09969449029040979,0.12977326968973746,0.11418427532497281
0.04374699539866767,0.21564790657224503,0.05059681882984374,0.09069793164472956,0.08661917509868869,0.2876339785634298
0.18611722460326652,0.28071177372328593,0.12639185900744782,0.11841968101740852,0.16561667592284235,0.22667681637486256
0.09049599507085646,0.0827167801124593,0.1883853899982932,0.19748778785764132,0.39422492401215803,0.08983810899141141
0.0773475219233422,0.05367231638418079,0.1880310306612486,0.04958972529432751,0.1568215261719571,0.10199004975124377
0.16593601895734597,0.06839724680432645,0.34286374845869294,0.25224596598342786,0.030695204911232784,0.10930683470673777
0.30248618784530384,0.09131957242904534,0.29567204685044995,0.1793232081001865,0.01562760252825873,0.19676607977003235
0.116374338782166,0.14240920680862793,0.2661379158404935,0.07985033765285636,0.11724336793540947,0.21098946075923466
0.12930405602567843,0.35007685213648937,0.048139340574587054,0.06928958266964001,0.18087984768012827,0.20158418875679832
0.1412682435832914,0.06502299437915177,0.41136281912980943,0.22783288247670574,0.04104620084001528,0.4456040689609617
0.24214797639123103,0.18590921018105486,0.3609339919173777,0.13973941368078177,0.13647214854111406,0.3439361582555917
0.028388928317955996,0.10685907922411779,0.24768633694895015,0.11072124756335282,0.4595378717231375,0.21447736817545496
0.26243697307448915,0.14039092595234698,0.187887963663891,0.1850696610521938,0.2690409026798308,0.1109642081405232
0.07120096398446914,0.3003673488860264,0.18478428153696197,0.15123761213658354,0.08741721854304636,0.14108028789043395
0.12738445781590066,0.1854655953852493,0.09289497372773137,0.16382462014785554,0.0438315038934234,0.14237995824634656
0.6109493773249232,0.1764852565301415,0.07871334589573209,0.35099164926931103,0.23000673659897988,0.22279197241623197
0.12264584290307763,0.1161671207992734,0.06908221016395356,0.038853471211284574,0.10990811728214432,0.1501802272789808
0.09113277478431495,0.037562183603252176,0.08112172682236377,0.5859451518119491,0.14075824514538168,0.1938512328484473
0.08590525472802316,0.04740309179383627,0.06471091884097156,0.08739787076008913,0.1583675955535252,0.1470313957102891
0.1275583864118896,0.08095795913054796,0.04206885872090022,0.3294972249428665,0.1336811968969339,0.21400094921689608
0.14127901084422825,0.20926283740265822,0.15429836616277293,0.03862560070901981,0.11784755964899558,0.3175764671447388
0.4003609565348173,0.06478826413996593,0.14021945558134627,0.20152505446623092,0.06288762093773258,0.07089266891263461
0.20664482206812468,0.0719632749941313,0.26490012229922544,0.12360227077240668,0.126850862463746,0.14524789690352602
0.027885741441640216,0.08653992395437261,0.2576786017308671,0.17592749449432493,0.089575141459672,0.23155125518348418
0.2316887853307669,0.058353121944405645,0.24527540908043324,0.1703932437962722,0.3329089751750477,0.29204355394750314
0.10526315789473684,0.016304475508046517,0.10564456279739817,0.18902147971360383,0.15349497192917516,0.38222306934781913
0.22781665355471825,0.10159990657479855,0.10862024333419623,0.11491695555440574,0.12671865380668992,0.2065533710985227
0.10874459654178675,0.1010230179028133,0.12725012162819613,0.11547957329855126,0.2580416691258927,0.15129372304743652
0.17399831885682263,0.3791785902703394,0.3206683577809639,0.23139200835727344,0.20658523632501327,0.12137028596633095
0.1852559205500382,0.22252559726962456,0.1744449099287809,0.11352187666298022,0.12946311654299433,0.1407814013561511
0.1802461601057878,0.10667026735079667,0.12394383320162908,0.1489938080495356,0.17862391449565798,0.16661298980139558
0.1874438118070123,0.04959418620529962,0.16183340271032792,0.10871343833094702,0.10068435361394956,0.1116249604054482
0.15792545651630116,0.10925233757907853,0.2926101150468742,0.2590886658989966,0.18750548389927174,0.19702285485164395
0.28063996179332584,0.163341314179303,0.4144246353322528,0.15721209945247286,0.22723666813574264,0.22706372968349017
0.16001513522125307,0.02371781452794641,0.28844608709625585,0.039905997197993405,0.1349761422315184,0.07253349888768172
0.17260626878488625,0.32459770114942527,0.1866053841103086,0.14589553952868758,0.143583945732052,0.1282096377066479
0.3174253940315225,0.08999488665416737,0.10325769490002246,0.09890034833686223,0.3213507625272331,0.14926470588235297
0.1486739469578783,0.05561017929438982,0.16592210407097463,0.11051255230125523,0.18223794085863051,0.15849571800918455
0.15905914300547103,0.2773579201934704,0.07650565932274442,0.19871374196088726,0.2833795418065081,0.21287605294825512
0.08323987538940811,0.01603531829599371,0.0835238154074257,0.21555909426340936,0.18967413721985424,0.2575769142682648
0.17820902813242445,0.22023633677991136,0.11351906599188254,0.418132201334142,0.0414609177405757,0.3741939542637854
0.14960358497069978,0.11888611210282042,0.4029618082618862,0.08878860692726953,0.20158227848101265,0.19204062597160326
0.5253673094582185,0.27933561309233024,0.27858081471747703,0.07700018224895207,0.3182033096926714,0.04579969242599
0.07174732463931373,0.10030873822740598,0.09282431052093973,0.05225737646640597,0.025983361830658643,0.2112340056386901
0.10243795780037171,0.22048161574313827,0.27463029238976294,0.07557520674690903,0.06826528407863469,0.18485901268481864
0.1362298579942609,0.30792163543441226,0.378353934277962,0.18877116063816832,0.18581880783301055,0.1668672282390694
0.0362182262747695,0.21316321767543178,0.44016039481801356,0.08433442543380658,0.022959439997320565,0.18266631790042726
0.11676926865304112,0.11773404271536807,0.1489675516224189,0.22085941465065134,0.28269771847229574,0.06963131224882055
0.11296741034654786,0.09542865938125289,0.28905852417302796,0.1816203895565686,0.1057219697672262,0.2063919078876574
0.07853633497103468,0.06434403414362591,0.5048187241854062,0.0734129925578913,0.20144637100287532,0.20971760797342193
0.14330658559864257,0.24141842779715136,0.08853061801725357,0.18195114816439958,0.16461494417406242,0.1418646346929628
0.023889186295503215,0.06668645493222519,0.41892512632062473,0.20547383760644836,0.07700689086518642,0.29958158995815903
0.17971006811014234,0.19677609593080403,0.11952537140652131,0.13965530566504367,0.10381148115278623,0.19465706138376107
0.0672972972972973,0.049707515515039935,0.23472253175841318,0.25144432773109243,0.10047819865953762,0.13633798843278316
0.21719908727895035,0.2848358208955224,0.12985721161559444,0.08596620132255695,0.09965722956533409,0.1906133026202131
0.024148292965497264,0.19877383429889195,0.20653968952989102,0.22155760258404114,0.08271698934087449,0.15071176701057853
0.03869667450453477,0.16120381406436232,0.35258556547619047,0.06495293265749458,0.1161670879980739,0.25335879873551104
0.14753450856477632,0.0827956989247312,0.23456790123456792,0.2752511338108761,0.062101330417350095,0.37286886971163963
0.1832978957401569,0.06297985979748526,0.08473586924798131,0.09568449975755618,0.05336253097447127,0.11136702343855846
0.2765525816373274,0.06689593964943422,0.20317799032122852,0.5846526886321495,0.05877264400569917,0.3029109499778991
0.09993979530403371,0.11125592417061611,0.16415383801512987,0.07110429055566213,0.3696199345582683,0.2150074294205052
0.09613921643210346,0.056302399537438576,0.4828925272879933,0.03397885232268029,0.012709102039767937,0.1277219541162342
0.09129937034917,0.10880361173814898,0.22780148966440708,0.4445531637312459,0.15739186571981925,0.21722755436763455
0.19210405156537752,0.19199007112511335,0.20296905141323493,0.12048112261944538,0.08053527980535279,0.15448067963825704
0.1967338282078473,0.04624500385667204,0.08590055553004912,0.3073117097306212,0.1350529619458611,0.30179054757443263
0.2680716543730242,0.20644291069614265,0.19721373886123078,0.08338610878517667,0.12220982142857142,0.32383979656706924
0.01946295275787786,0.07719298245614035,0.09475833004082708,0.03591777455032958,0.08162608905758212,0.14663049685893775
0.09578817396076279,0.09806831823638547,0.1068845204663433,0.06642117696102272,0.1705454111469149,0.3591348890153671
0.2830313014827018,0.07281194559432289,0.22669143696535038,0.13604363839806052,0.18163723916532906,0.19298697950238491
0.2842279372532281,0.03441369872158617,0.05167802605469761,0.12524039862462846,0.12813118461973422,0.24724212441714996
0.15282661977834613,0.22402250897448334,0.0833168022217814,0.07910271546635184,0.12563811684628473,0.15945188414824044
0.14488102333684838,0.09162689423098071,0.38662068454036413,0.08591469970815627,0.28683578797119313,0.13582302568981924
0.2560759361635548,0.0690241765039435,0.2325011487210905,0.041261669676130465,0.14216095795043163,0.13720742534301858
0.15400703488924802,0.11823062558356677,0.22857142857142856,0.13204555283263658,0.20109338061465723,0.14074589237590196
0.05576512866855107,0.09513462446858761,0.24899908688628222,0.20751142315836396,0.034706680852625016,0.2116980202086585
0.11625077561349506,0.1351698806244261,0.4424010682204419,0.3171409759309386,0.030167441535288567,0.416289592760181
0.3017024839519955,0.15913259958071277,0.16625327270221854,0.08867152198181916,0.10854173803814092,0.21009918845807035
0.07055770454879302,0.1352739726027397,0.2447061981945703,0.08702415417188782,0.23194717617308233,0.37429070274989085
0.07135234029577679,0.1980387650348579,0.15053024351924585,0.09512006196746707,0.18319900805951642,0.1407603986135182
0.14996979894727758,0.11784838173617156,0.27666833918715505,0.22834645669291337,0.254069355980184,0.25815470643056854
0.3459935952618712,0.12940005429372906,0.2210334623264284,0.08604777415852334,0.43239464749350903,0.16627024578094912
0.08324123601962778,0.15085035725067927,0.20001185606734248,0.23946563088512238,0.09034979228110233,0.26979060265577115
0.13687017811220117,0.22098581615860827,0.27062804817358416,0.17353062063296343,0.169564841249243,0.14889314601958278
0.15572144004535576,0.07702940675238115,0.24767686779829015,0.1635320236250157,0.0739596147499175,0.5035285142094221
0.25309521200832696,0.21391003031990596,0.1593498193942762,0.09332921556516369,0.22848664688427298,0.17467791511346542
0.14017094017094017,0.05309658603534054,0.23309715383691607,0.14629850934021008,0.0561768005637799,0.18103181958603645
0.21672152732060568,0.2557602165445303,0.2101091112561783,0.10671936758893281,0.1212397447584321,0.182648401826484
0.43990767271569564,0.11965339233038347,0.5736579275905119,0.09297182175622543,0.16315422191207257,0.17760479041916166
0.10071222555771381,0.18634395110697372,0.20109667421623556,0.11628479921162847,0.06372618207480593,0.2701130319148936
0.1158796852074163,0.3217670437175176,0.37235835602230005,0.11199959384992077,0.024145749632045826,0.12515833808428567
0.45535714285714285,0.095448798988622,0.367484831770546,0.05899225877799281,0.08907068062827227,0.27551576488906193
0.20615318723677636,0.16651414626706323,0.5034127495170638,0.17812537171404783,0.05603434865125541,0.15625170550674017
0.3226221079691517,0.10839104525688516,0.19091195960870935,0.12192134984351613,0.04944310656231186,0.2414324457593688
0.11279639051550351,0.34030793525463876,0.06668404361614319,0.14142563500220232,0.08519864057189735,0.277979797979798
0.049226986425949,0.1487015663643858,0.14383719324094113,0.14600037292560136,0.14843936144865377,0.37599544937428897
0.09346504559270517,0.11496589420427339,0.053629389200354094,0.22656597067969791,0.05933696565557995,0.047158069423316275
0.12356354534076686,0.3131518615389583,0.29903565821933165,0.30090090090090094,0.13148506778106206,0.08740757723390839
0.18665571376414752,0.25051271534044295,0.08004058732243047,0.3135897896818264,0.06474218178014851,0.4268953068592058
0.0961229409401366,0.1726854277374448,0.41099118273031315,0.1832274459974587,0.0795121951219512,0.5326121539930003
0.07655768852781236,0.17438034656722964,0.39752308038730017,0.05109935986640691,0.2334104938271605,0.07745607522890373
0.13091216216216217,0.3203834115805947,0.1803699897225077,0.15992631897286452,0.26894162735849053,0.2029305272686128
0.15391870649000675,0.16039676372445946,0.25877050070598456,0.11716328963051252,0.1780683085030911,0.14540572089463688
0.0664471553492389,0.04895358099789992,0.13380025940337223,0.4289292423293675,0.12522533349357048,0.34573210062352183
0.31325076243231476,0.309396299902629,0.34212129416542575,0.24660100308175723,0.1950524230564816,0.2092202144583509
0.1432992881460848,0.06921637913115776,0.2141161773891318,0.2341878219849792,0.1579114426281543,0.3002746414403417
0.06992750298247224,0.09294176539295845,0.28150134048257375,0.09165562913907284,0.20196523053665913,0.30617532747948756
0.03979933110367893,0.2418161007249142,0.21264367816091953,0.20987555626615503,0.06726377752968639,0.1885658914728682
0.05065101778837337,0.19907445665647466,0.23867523888167982,0.2724060250011043,0.17271619150809236,0.2765464770095931
0.22878535773710482,0.04023327919681087,0.12007411102401483,0.177311082953657,0.149423471805402,0.25788869764773376
0.025736315643234232,0.07840059100563301,0.45638629283489096,0.03877764494919306,0.027698739636299076,0.10390263988653521
0.017453209323688136,0.2314131580579153,0.11497969357340818,0.26323518613701447,0.12201279030629418,0.2550505050505051
0.22553426051560382,0.1776916689731525,0.06953783300706443,0.20219802584715582,0.2374917491749175,0.2313322244064721
0.0905083749632677,0.20438671731405467,0.08453589475121773,0.18016008397848052,0.08017185473411154,0.413370382477934
0.2203803293230582,0.23245648891361365,0.4692360415458428,0.11048383724334043,0.21821036106750394,0.16980844469285097
0.17587858128398673,0.062341021771933604,0.06731720181974023,0.13947817605462084,0.08393039918116683,0.18529411764705883
0.21278807832264773,0.14576533241711045,0.24751056665950283,0.2675376313547288,0.13323709852038976,0.2685362226471213
0.10373470293576817,0.05090031183985514,0.28699409780775714,0.5830115830115831,0.16972592935629185,0.13057961359093936
0.08721901699296952,0.028163360872328326,0.206708752407447,0.1892535536205998,0.39602088584803746,0.1182108626198083
0.1407529871496205,0.08810300731986946,0.08559122367839787,0.3980356681313001,0.09992261919275379,0.14960758665794635
0.19570508231925554,0.3098801425332038,0.1645682608287137,0.12945693911135492,0.4262632662759385,0.18354769560557344
0.24553326756549382,0.09589662208116073,0.3184432658549339,0.09012967527596186,0.21955223880597016,0.34378769601930037
0.09224709784411278,0.028483852940678397,0.06747940960613227,0.063620413456404,0.12330561194420797,0.20287187039764362
0.08067108210772378,0.19308682882747194,0.2874513462218934,0.12321164282190429,0.04861817897126752,0.18650602409638553
0.12767329926065596,0.043576176316249784,0.16030158990329454,0.14237031427489588,0.3157172271791352,0.17436562016638102
0.10122837882019586,0.10660854590463892,0.14968410821318642,0.04833396084337349,0.10182894683482703,0.09859833341361206
0.15675633365512562,0.44334064127158124,0.10504017531044559,0.09507851229322574,0.09629326502299994,0.12168028004667444
0.12644747244570526,0.0967479674796748,0.21147583691546176,0.0947209653092006,0.05378015419049988,0.19492334757476754
0.041716240333135035,0.1463523284103759,0.17243720298710113,0.2818086225026288,0.013592834265762846,0.1367122783334356
0.05558181302580584,0.08527570187840841,0.23078976640711904,0.03424657534246575,0.033073659853451606,0.5392421638431951
0.127606454297471,0.0984277677315652,0.08246081041112097,0.06746643816052557,0.12910314517236643,0.1823612874318572
0.13101470060953746,0.06287440745949888,0.12004337050805453,0.2210624266699033,0.14581178903826267,0.17722640673460346
0.14965099655201414,0.21283492883553665,0.29351001669449084,0.2886629034343086,0.15494802324629617,0.3589368684407187
0.08346063333470954,0.04841549295774647,0.3129170761988516,0.41064327485380114,0.020960958215232698,0.06553239986974926
0.09429018380915136,0.16718075262183837,0.475829806192916,0.19054777788217608,0.1232335511320468,0.19980918631593292
0.43097286565188614,0.09044560008157439,0.14124614635729352,0.21511040554192523,0.02592240559923961,0.1233587786259542
0.2541226071877869,0.05415768032590462,0.11155087115508712,0.11066966085103931,0.08882423412630497,0.2730154156461605
0.2868682684341342,0.35005326293362976,0.3786261631089218,0.09915219189412738,0.06390693458226318,0.18640805016771184
0.10715039021303523,0.2549915397631134,0.04930943052752384,0.10668071901165173,0.18260247855100095,0.17361321154195147
0.17152018846934103,0.060664693831094914,0.1118206043541656,0.22066454255803367,0.1153197977690394,0.12749460625674217
0.17107142857142857,0.1649269950105605,0.2931431864016134,0.14969868273692066,0.08785414813873714,0.16721832384482987
0.10283567565120963,0.07906036391643402,0.3564844865636765,0.11291156697121185,0.27201920703333754,0.1355026383439318
0.10037907505686126,0.37404472120011323,0.22305567462018386,0.13414634146341464,0.043411425615253865,0.19332954176145595
0.03012637017384626,0.3309874326750448,0.38879878905827653,0.14561060081313057,0.03602561135539613,0.09980726872246695
0.10216138857289642,0.04682622268470344,0.4367997891129563,0.26837317160185514,0.24785658612626654,0.10659389619068835
0.14296988577362407,0.050346113566119184,0.26697892271662765,0.17333333333333334,0.25020363833831116,0.17788907438323132
0.12347185395499448,0.19009920833750876,0.11992835324409475,0.1076870533837747,0.105625,0.234909483923264
0.2638903259182617,0.18935772188734148,0.26414684006785266,0.3266164926762159,0.23600804930197458,0.05578145355493269
0.34212290502793297,0.07018673535093367,0.2242533559956988,0.1890747730286647,0.21461094809268444,0.20678002467414042
0.02690160249438039,0.033359218274768655,0.48009388038942974,0.1206896551724138,0.17704650530323635,0.11740759886275523
0.13701385059521878,0.1990492653414002,0.10149886741529711,0.058540278857521055,0.16002663411386084,0.05016318143357912
0.20956228956228956,0.08043939437970417,0.27587182570559526,0.18664930761036808,0.13166911404796866,0.2814550225980464
0.19166666666666665,0.42127506519197916,0.08359085290482077,0.2349738519951286,0.08396490744568463,0.2779724655819775
0.15622341933654663,0.2738593067558777,0.2729509877640304,0.13449387187882192,0.2010817690104995,0.2754813518244244
0.12001870907390083,0.23238509530078416,0.1765788454087563,0.17960059845183113,0.14779463478348234,0.36509084335171293
0.09044489108588191,0.4155270064926095,0.2854384208267773,0.1213247718823927,0.28149841017488075,0.029059907411651466
0.23762985237834877,0.1615995352439969,0.27372580007902014,0.24998040291604612,0.046838527382879344,0.14378936874065346
0.41665849112135783,0.20304434149569822,0.41695313913515464,0.1167802726543705,0.1428950159066808,0.24379428351086907
0.37765596745027125,0.15316865065712518,0.0838805600297361,0.17789341813626292,0.18985558295174357,0.2194924951201454
0.06405621811547688,0.06252417794970985,0.18676186386085464,0.3119763768713089,0.051513819440628605,0.2503838600249956
0.07165090622537432,0.019106490587243608,0.35975447024286095,0.1607751027598356,0.06602831463314339,0.3477397139325446
0.1212866417469998,0.21631268963055508,0.0936196896065214,0.09051170754838696,0.26030166381589176,0.20455967192604435
0.12589170459949725,0.030036823990950447,0.19376653925316084,0.1377771579974899,0.15289961013645226,0.2374585460862241
0.28703782405439865,0.144987020276433,0.20917910054304847,0.2619499568593615,0.15274980635166535,0.053660358565737046
0.04887623908136225,0.28353217642805495,0.2625138507491449,0.1086079354404842,0.335921625544267,0.12634088200238378
0.07980722891566265,0.26053756872327427,0.05497861942577887,0.21248630887185105,0.26326341764343003,0.4500303766707169
0.10818652849740933,0.17174093551065595,0.3656068145399342,0.09423111919927206,0.13451029844472467,0.1687225790042602
0.24675249362096963,0.034457453269451384,0.22046602574547824,0.09772890761483917,0.08458491500247564,0.044269078564338045
0.15380454381536243,0.18547018665403892,0.11893670219765758,0.15218235979795364,0.12194900644224661,0.15607558993439732
0.26705957127173974,0.08192201654194566,0.18742353804746759,0.10896062148406108,0.24282347900599832,0.1015399737876802
0.11320184387516058,0.02129339804152428,0.27154750244857984,0.24681013140354216,0.13495545805079112,0.21651128557409224
0.06260943637310112,0.27465194826591977,0.17724945565821223,0.05478838545943122,0.09935833829463518,0.07573443536070434
0.12273989960524392,0.41141456582633057,0.39531820631024367,0.06407471763683753,0.11556663783013588,0.0916723087339201
0.39500387138840215,0.0812443243014931,0.07313835219149545,0.10064979952993225,0.1794837140154075,0.10306081724127344
0.0401474061194301,0.07934804480515126,0.13095467695274832,0.20763440860215054,0.13639587108974865,0.07722222222222223
0.22820943367424823,0.08738693467336683,0.16271872396143314,0.06335925565893626,0.08147808124856554,0.09155504737014049
0.025675859258252956,0.14805313788364638,0.11335641958532415,0.37899825156844597,0.14175654853620953,0.06199546485260771
0.04251115000282279,0.33836324089178904,0.10147403142440618,0.25242070116861437,0.15188409788692842,0.06886661479549026
0.04479747305834262,0.09001247024146923,0.4556594646888101,0.15502183406113537,0.017556007877725082,0.08352116203355872
0.22751603627516037,0.4381230663458234,0.20151980125675875,0.16797583081570996,0.07885936114854793,0.2089115595229165
0.16477863668306397,0.07446141793967881,0.16987722269263336,0.4082438061828546,0.1945641657137831,0.09501616891763363
0.10811958037717544,0.11473272490221642,0.17218663892994654,0.45122400147248304,0.3892333282927567,0.11740884865390526
0.21436187226783235,0.055273833671399604,0.2597569692637598,0.2261108403845302,0.2551400579550159,0.11430301981483083
0.11592614912617104,0.18611605553577784,0.28228460793804455,0.4835839598997494,0.172318383630397,0.05779634149409959
0.2231173062997828,0.14932715960063667,0.36659838064579064,0.21182223747426218,0.1525743292240754,0.09340169415960768
0.07616442897397646,0.2767577859377125,0.19795328980411855,0.16749883257300907,0.03224492780244472,0.0534305226283571
0.08639279985742292,0.14332844574780057,0.14612588210136146,0.09785361951739767,0.11222056631892698,0.21360414394765542
0.1948679457709809,0.191722972972973,0.10641723529862762,0.23549612362766012,0.39747832939322303,0.11396827996615073
0.3622232689590203,0.17701641684511066,0.08398482409749368,0.24489795918367346,0.47552515876893015,0.0844412304611448
0.24567049808429117,0.15313653136531363,0.08725913735171088,0.08942714706292028,0.505079006772009,0.06230181769460945
0.07430162234808486,0.1196733793682884,0.16668070057258336,0.14113715922350697,0.18097545559886233,0.21767328739359548
0.2052495425578901,0.016394723070554326,0.22159211738853052,0.17390222664510513,0.13135950958700415,0.18266324755014193
0.3206598543319926,0.14426801284993115,0.23539698564938344,0.05504677498769079,0.0696908104472777,0.12374948609017404
0.24238291644491752,0.4081235482453387,0.21393655395610695,0.20702338208249407,0.17844974446337308,0.08456511591722421
0.08713982408249923,0.30869427088848883,0.2627767432236706,0.2046934512839415,0.29438250428816465,0.1094869109947644
0.13542810098792538,0.23765295124579977,0.3403701318699779,0.09986984381257508,0.06349265807611627,0.038981746206289865
0.0590995561192137,0.26062973103559345,0.3150043872477333,0.2143460934669726,0.03903313860720267,0.03181410830879529
0.18144611186903137,0.28157290470723306,0.15928560501759215,0.33810888252149,0.12797380379577653,0.05553978616709244
0.20153718156966838,0.06572149465337018,0.13018808448040348,0.061332469495734794,0.47369453489740676,0.11328024659645518
0.2988403211418377,0.13523160541899895,0.3012716887595646,0.26266589728794,0.12880733944954129,0.0764862814205644
0.1308831511204156,0.10923161967938087,0.1957542885319077,0.11977562692476902,0.0545147543619844,0.131481677051431
0.37334952193049026,0.07752596424848461,0.20650058388478007,0.26392445582586427,0.14416794105380232,0.10518354175070592
0.16570802519857572,0.0661505442281159,0.3415027410512738,0.18448998917748918,0.05456443347883849,0.15985663082437276
0.2011312369537405,0.137343569250184,0.24256861034691005,0.2578399437951076,0.20926880647486001,0.27507747512640685
0.022613065326633167,0.05691548302609046,0.2939916002399931,0.19939659901261655,0.13159262146011952,0.19362929520943065
0.15366800200300448,0.07806122448979592,0.10442056681329775,0.11512027491408935,0.13685797351135998,0.21790175354311792
0.11468928462812152,0.23434022257551668,0.1645013187457263,0.10215676746533099,0.17368742368742368,0.05430874147551147
0.1792758008974225,0.2717878486055777,0.26598833721292986,0.1105271176441656,0.013947421232189445,0.2464556017482145
0.11527165932452277,0.09446030839520272,0.05727143351667372,0.10123456790123456,0.20078186082877247,0.06558969998785377
0.2012633795402702,0.29163078368433415,0.3720807354961429,0.44511141427921785,0.2831698540752274,0.160730443365962
0.21368585752147398,0.22399104533300168,0.24427365883062085,0.09072379744542078,0.20704037947654474,0.0688378978534419
0.1673783929710892,0.16605116497683475,0.07312086590499098,0.21345414607358593,0.13993589743589743,0.1343062747999193
0.2574130879345603,0.181226919473075,0.1578482466213232,0.1830634395495966,0.07596558667398866,0.05867229822789459
0.17464982343042684,0.1726002703920685,0.0758798163861455,0.2672959166412937,0.018979535328617816,0.043792945487860745
0.1852144267001615,0.10436177036561899,0.14035453597497394,0.3128302184370318,0.02092837531975974,0.4449603933351543
0.18018018018018017,0.16777991622325372,0.2024702249669166,0.026459996868639424,0.25545438153624234,0.11261373035566583
0.16393442622950818,0.12624113475177307,0.14799257163070392,0.32146452406696246,0.029590336309683923,0.04179663131628197
0.1345951629863302,0.06131860213762459,0.3941187888198758,0.14432331366456463,0.16851721714687282,0.1215437788018433
0.295985204592741,0.012736874805840322,0.1884263359905521,0.37445341405987215,0.1369288156667703,0.02338133870302526
0.08692232055063913,0.20866141732283466,0.041443985076131895,0.08663982356392774,0.05587792608202598,0.12831270250062307
0.3976315789473684,0.20475916330838614,0.3098815931108719,0.1952366950896795,0.10466012999889832,0.6968172947004955
0.2492361866293822,0.07754381198206765,0.10828877005347592,0.31742141715503464,0.20138076293002574,0.059822084387496935
0.279343365253078,0.08340831084008132,0.03493114868398117,0.196887592052244,0.3192967223789885,0.11045191532996411
0.03876079054975012,0.053722789443267194,0.14701688210129263,0.051772074102256434,0.22407889330228736,0.1351959497468592
0.11887128527233524,0.1490597545923183,0.13631156930126,0.06492654774396642,0.010215544651560708,0.29041830190485307
0.22364331819268465,0.04749029054618751,0.061305857318848696,0.20134972728113154,0.016056004064811155,0.06665271528722402
0.11959566435269761,0.22473659003831417,0.11012425001181084,0.4436353183538542,0.23393216664085487,0.36139455782312924
0.23785390389818237,0.3505464480874317,0.2084712428646808,0.1654557916381083,0.08672069010586851,0.15565735226752175
0.06213879734441419,0.26636135322795096,0.2029961106124717,0.31951089845826686,0.20473471330002377,0.12171052631578946
0.09299204294890231,0.03370303499269195,0.2641214933558321,0.1539542070515522,0.1350014862053125,0.041430192962542564
0.08036314727639542,0.13229220443985543,0.07575417992738356,0.08081928739065501,0.06036345151861736,0.21672632606573383
0.08608473106453182,0.12335785601681555,0.15117935728985277,0.36555232558139533,0.17700517464424323,0.11546319126452975
0.2473482077542063,0.07804642832541159,0.06907682375726276,0.24077919509542178,0.22125764323997887,0.10825185764567853
0.27296712217561897,0.14365531320511443,0.1177269727904359,0.09607507197736571,0.08918272612181742,0.06585721223895094
0.5894402769763416,0.09243150963336315,0.11782165440702025,0.6275426700958616,0.15119282783771462,0.2772207563764292
0.1433256805510003,0.07270416269462981,0.22702337750021095,0.1026215064634939,0.11387232902404715,0.09863704752632976
0.06772168685350544,0.10104388949766421,0.17531552597655664,0.32014059753954305,0.2504668708448495,0.14494826280810968
0.16914986853637162,0.10649819494584836,0.30260968561169976,0.16367494915553985,0.1590766956620615,0.30209465467839147
0.027923006128962778,0.21695513648497375,0.33667271436459734,0.06653328625789494,0.2360469718960285,0.07233093881595243
0.2236274652323497,0.12855803362132476,0.4864802000348898,0.19753543963680165,0.10741315738404812,0.1430530709600477
0.07863763742185816,0.09208236658932714,0.3501782531194296,0.0601029736261427,0.19571788956174468,0.15470698786946865
0.1215830957571692,0.3851295883663657,0.3832211538461538,0.19933475885008314,0.14625396295678292,0.07401875363040412
0.11142857142857145,0.0866942637492608,0.28229778047628684,0.13293222840276991,0.14463715484315323,0.22469764481222151
0.1835835457778617,0.020567940552016988,0.3413535527945648,0.25213380193297347,0.06431480404083142,0.046654851572884355
0.06884945677729105,0.08149732620320856,0.13611306426662917,0.16486173356249337,0.11338344396720032,0.08494241192411925
0.05428363401019335,0.08815471071735695,0.25244215938303344,0.15911075290482907,0.12562504281115144,0.36707935270033143
0.27847102696500287,0.11246664125047655,0.20910596026490066,0.05145086564252621,0.1260015507883174,0.1237070748862226
0.028245569938419004,0.07227612429526682,0.3441718848739013,0.5939435650378526,0.32403762029746286,0.030215969061853355
0.30457041794656986,0.04149718934235182,0.03578958750067578,0.17999382525470825,0.13343480466768137,0.12848140740262814
0.322637222465819,0.3219671820165038,0.10588952425183595,0.32717474980754424,0.16945005850441444,0.13501846066458392
0.28045928130980224,0.11000969723090183,0.0515398024404416,0.27223843908434475,0.10602633257931675,0.13848337388483375
0.1221423032701409,0.21085958524616114,0.15295698924731183,0.12073357106469688,0.1262554927809165,0.2460011031439603
0.05793162169242861,0.12599365896245923,0.10028333030074602,0.24986551909628832,0.14097079046447622,0.6890210023335925
0.09545647558386414,0.18587429076707687,0.2980694434622728,0.038989757914338924,0.2707333790267306,0.05206851119894598
0.04335114743791261,0.3188050384572511,0.09434125269978401,0.04938271604938271,0.0838871923836896,0.08065170362358032
0.07863800487026619,0.05390463026952315,0.12156673779858194,0.1993067590987868,0.1648705388383485,0.03604140589298841
0.1045002678730877,0.008522971090557394,0.08779792218374413,0.221510239979897,0.14208234665037048,0.15822784810126583
0.1564410539414597,0.347409664780148,0.03830040134711756,0.2689947399181765,0.042689800519531446,0.11821775062881784
0.11754673444136039,0.5061535635562087,0.3012847325963549,0.13890618052467765,0.13064918174921428,0.0732664187089214
0.2830148279000054,0.2527777777777778,0.3614640048396854,0.30722222222222223,0.4108508014796548,0.09655124749464372
0.23127548235898424,0.06396520632226584,0.499320190346703,0.45080694172462693,0.23814773980154358,0.06427221172022685
0.4222918607605658,0.05318858124731519,0.46117096970929045,0.5865682067657918,0.26669629958884317,0.21375739644970415
0.019130373848148276,0.05999159487287245,0.29370608461653464,0.22314911366006257,0.3774887178125829,0.13312294543063774
0.08703978551251974,0.16090663339571634,0.26996625421822273,0.11998456790123457,0.1674202299444516,0.09598896225485365
0.05177250701351696,0.0304594330400782,0.1395851562097895,0.6016260162601625,0.18937048503611972,0.19617524339360223
0.12177792934890727,0.0694830820987255,0.13086827335754375,0.42862935928629353,0.1978334710364454,0.1423067997215131
0.09362267873225545,0.07405898996827574,0.243857969825425,0.3080054274084125,0.4128510378510379,0.1271917217591262
0.07216494845360825,0.038126361655773426,0.11163978923838418,0.12146189735614309,0.2402842354592508,0.06335998072570583
0.10828247602441152,0.24743047677976004,0.49499165275459106,0.27599243856332706,0.028738193781173725,0.21498500617392835
0.19294418891365164,0.1525605137493825,0.051554229079851334,0.25731855187943875,0.3871707203356904,0.19604947387853056
0.16013946459777298,0.056524538760883564,0.03217710277366626,0.4093636274220518,0.12075669994745139,0.07476461843409317
0.09317535142480995,0.02494455937727902,0.18298529292272692,0.2134098323770953,0.29269422253097144,0.16594139831737745
0.2688092223047029,0.11605887316021375,0.11389428483795112,0.32542161149281695,0.21047458579050826,0.19679071355411404
0.1228296928180604,0.042504235252471614,0.208480086697372,0.08451443569553806,0.07109223525066936,0.12209757370206105
0.18945203718778114,0.19154547509607414,0.09285714285714286,0.10329999999999999,0.1487070174454479,0.2462807681904247
0.07790102722337226,0.1520190023752969,0.15290394420676315,0.12371878809771075,0.0580876784562309,0.1612183274254956
0.048264031134780824,0.28695426610264185,0.16140416921556633,0.14373991300951947,0.09853617733166041,0.15151821862348175
0.06564378681456592,0.053652482269503546,0.05354074074074075,0.0752252745248258,0.09821889519876097,0.1392248609517083
0.046588147317255565,0.04076639381128002,0.05701907623506394,0.4350196104500432,0.0826807922616306,0.13388734995383195
0.10765445939212755,0.021940152776980068,0.027126692261062842,0.16406982193064665,0.08744217533566513,0.1152525747915645
0.1607016551138775,0.028807197330791227,0.25185543953617573,0.43392195955568214,0.41620355486152566,0.08536056650127655
0.12988824072437294,0.08850512682137075,0.5635564570655849,0.24641883662935687,0.07023967512417419,0.20726326507523474
0.3322382365409071,0.186884587045348,0.29619921363040624,0.22786962683042045,0.30142495977936107,0.13533882004225398
0.19248406218543787,0.12655259017482826,0.1136608806511719,0.03657049979683056,0.17043097487900435,0.17424307036247333
0.20422325343777936,0.040574335977923426,0.04975632160445,0.03556376842029972,0.42455602401942,0.08260869565217392
0.15677558865929841,0.15549982085274094,0.04911187285758803,0.20109229929000547,0.08409300419952884,0.12012059663598858
0.06613301647853413,0.11729951454483875,0.17541643640956817,0.02953359055832955,0.17438203351516046,0.05250990752972259
0.041024329655877836,0.03856637240144827,0.21961810902371418,0.08857354850677053,0.030708755679467802,0.11029619181946403
0.07256509161041466,0.043984151662570845,0.3627504388354216,0.18531767871338592,0.11610833927298647,0.1047776275551267
0.1088329305371482,0.07869860499265786,0.19343884288858612,0.14184397163120566,0.2807945463093559,0.13874038336158562
0.13371242891957758,0.13462429725754124,0.20437956204379562,0.09580226738841793,0.1807200378967314,0.39847140969994344
0.05661692929856366,0.02671485178428251,0.1286689828680963,0.15539894966970633,0.21480709071949947,0.19603988203903946
0.2622760290556901,0.1267393966380942,0.31922837585563163,0.04491796718687475,0.2852080475537266,0.059070919260492724
0.11582441903356695,0.21735674542958305,0.16787522232863594,0.05543185670133927,0.19017417644831505,0.35436339954412244
0.03807842367967915,0.09403254972875226,0.03425382214463313,0.3205432205216642,0.13365585033838553,0.15015582066987487
0.24619217484853628,0.12437607397103347,0.3213635180848296,0.03615948670944088,0.1300177095631641,0.09545160594955808
0.12629385203195553,0.23680837427900023,0.19115151857926588,0.033910930564597354,0.36859089279311585,0.1937946915525391
0.05409969481180061,0.17812758906379453,0.1909881213086469,0.07649978056108842,0.23773138183383558,0.18301165866562163
0.11566408160413609,0.22924765607134687,0.15998519341106793,0.25321591988258657,0.5268914308649408,0.1049337559944729
0.1037405642474592,0.17735309876763708,0.2195432069696256,0.09792587555253315,0.08772350894035762,0.07899022801302932
0.44209898628503275,0.27895424836601307,0.0818159980783089,0.2116978289158277,0.08712650792686022,0.15810721038377026
0.19261492087415225,0.12609889017065118,0.19126555788082386,0.20347826086956522,0.02181572135626109,0.0795129138980789
0.05534516902338186,0.1276223776223776,0.19550408719346052,0.18495329980498817,0.09483051808185014,0.0934736842105263
0.04226051736655076,0.04425227458381454,0.34011684518013635,0.1948812706400377,0.30159295185547746,0.29661498498254724
0.17666480913903596,0.014139710259972215,0.2671991408819384,0.1656649395509499,0.09861395832695898,0.08740635033892258
0.5195024755464315,0.03369961448690042,0.06189803518684987,0.08608760292772186,0.03950027558331802,0.07158127025722363
0.24729823674398027,0.2599720316974096,0.2151055836248219,0.21847109041521148,0.053664397276732084,0.07400649980044473
0.0617480794318017,0.20725660341375038,0.4492331288343558,0.39686369119420994,0.358664363845711,0.11344229486324216
0.025248811978839776,0.20565583634175694,0.15737933335295795,0.2876693199273845,0.006504362196128234,0.20944060741892695
0.10804909713206656,0.09833659491193739,0.3440736478711162,0.12133182844243792,0.23182207014542344,0.2778279799556395
0.1366161616161616,0.055838016234055834,0.04305137330048362,0.02422075293482661,0.132486388384755,0.1169108910891089
0.039385859904958825,0.06848771334752643,0.37805183597338604,0.3417329279700655,0.1542229478996586,0.14724344978165937
0.11126961483594865,0.0919558871229322,0.1354774618154725,0.1166815210932858,0.2864566929133858,0.15038188043191994
0.08921636961067408,0.3066161775533817,0.1133476471640723,0.11266729410263364,0.09826433182573736,0.21830361540734902
0.2572364827962862,0.10758512613487319,0.14668901927912825,0.33470339924461234,0.07944938218079341,0.2241192462837746
0.11959834701471606,0.16652669466106776,0.15114544689639345,0.2370403190075321,0.026774161441226234,0.14285714285714285
0.16589129694769092,0.011604938271604939,0.15791341376863025,0.2748068924539513,0.1930927783600339,0.1779237469655862
0.07163223925991635,0.08274427525595886,0.15326992677384058,0.12448821511563571,0.18612025856811806,0.07177687278962598
0.07730270639072094,0.052824768592403454,0.06453922614702083,0.022717061664607435,0.20706246941771328,0.14556792275714092
0.30298639112903225,0.20863594348342798,0.11804909801004278,0.1604587435298894,0.143573264781491,0.13487382183034358
0.2201722017220172,0.05232380758669786,0.1446021323165996,0.05074998801936072,0.1780263311196551,0.35135832741821
0.18428814013763514,0.01823446066654346,0.0864284818282378,0.18354322020407887,0.0929698869360797,0.20041908048810547
0.06169322014187696,0.06655814794718756,0.04679988415870258,0.515426308109235,0.3031051807923565,0.09509440863164631
0.21289292318036648,0.12914146601240062,0.1441403360456515,0.13224031315595394,0.37577639751552794,0.10467723535659493
0.0829296095753776,0.04595445625884178,0.05871650678134304,0.10845441025054342,0.102212184387306,0.06485786144348754
0.14101929737753588,0.2558780730642567,0.0936501972571858,0.23783870066642726,0.05210181396864478,0.09284997850694941
0.03335265140538974,0.025127497975354043,0.06865702694268179,0.3408,0.25370798506135517,0.17439165701042875
0.04291894353369763,0.22917112872135362,0.18427618930748146,0.21556192034915436,0.021518260238232893,0.3901709401709402
0.050957254299660894,0.07974339277928873,0.2583884245977298,0.10889830508474577,0.23358657942119362,0.14520074830910923
0.09775961201177384,0.0708200981807681,0.1477520301049713,0.3774739114789493,0.3641985913073355,0.3465657575324861
0.026166288438399563,0.18142247043363996,0.1736777868185517,0.20930232558139536,0.2996208118356437,0.3462108659631987
0.38482845757605205,0.04256153343498149,0.1794998558068636,0.24587264150943397,0.3097071055658791,0.13897691263014939
0.11429353279211896,0.05823179020737043,0.11808461180846119,0.5474895266679172,0.33708635996771585,0.0993725966403562
0.02606305116212646,0.08409460643223626,0.11705166925148967,0.10661297159813479,0.05238359201773836,0.2589354874405223
0.19293674916775222,0.012737826507578202,0.22396683833689235,0.3790849673202614,0.23164289487585843,0.09499883150268754
0.14152096508476378,0.05985347075623991,0.31943434343434346,0.3788465081997421,0.12326159583559942,0.168391994478951
0.059780849785010866,0.3075221238938053,0.12230926206306365,0.3354535046431752,0.1399075843225811,0.17525315331319952
0.0751294552281743,0.10277398817644383,0.25912340105342363,0.1219979560551865,0.17084527220630374,0.10115875835236404
0.10892597465549478,0.050817293212496235,0.21487809218722193,0.16816184547784693,0.31424492385786806,0.06092445875524298
0.08798681228106325,0.1825637236793498,0.04323149967655711,0.09727876580244268,0.16601438063165558,0.27127147214641195
0.10458754208754209,0.09508519343311408,0.1259945274679015,0.09426026719445818,0.07562820859227236,0.15173269520517593
0.2098717948717949,0.14728390415255302,0.16108645959392226,0.46287822878228785,0.10169838346633926,0.3249335336955266
0.1228110335355385,0.06752918901861786,0.1223307685657474,0.3230676691729323,0.021860111302398205,0.13929756464033058
0.12855425392121228,0.1546470086381572,0.2432335757720281,0.054599922690374954,0.17281771501925547,0.12496763614395442
0.039542945179098725,0.01784274401968284,0.21253024321915193,0.05053093200991653,0.1400381922342457,0.18589516033605488
0.31356976584965085,0.12143904886898789,0.21379851038808312,0.18856852677311967,0.08764542455287377,0.2585617938162389
0.11739637090061594,0.21010597450468438,0.15131076609824384,0.46084869916645615,0.3560680635634932,0.08596339315039861
0.07821613223645671,0.2508232370301336,0.16492662978109213,0.09833427214935223,0.43394597261625756,0.21338036481291056
0.09247544339904765,0.04552826691380908,0.10540370719447062,0.1238403268363265,0.011284760444446918,0.1951175731466523
0.31195566112430717,0.191327264015333,0.07420272871850674,0.3835778513961193,0.02967779718423614,0.17875929620896067
0.07013977128335451,0.2033542976939203,0.0807918057313845,0.5675437492131437,0.02216521738358049,0.08694577221031811
0.12180357546956325,0.18566353621435724,0.07345606797610986,0.14899920990255464,0.40617688348151615,0.4112476601285912
0.11309831489713636,0.18114426915035164,0.22984997413347127,0.1590264297446618,0.0987130739982451,0.1921243523316062
0.11459044646050791,0.01923018867924528,0.10030549898167006,0.16766723842195538,0.2579653137850885,0.23718999235223423
0.1273805893604635,0.09601139601139601,0.10451977401129943,0.1270189947021579,0.18768206408655846,0.2669631955346241
0.27303996505787287,0.220087366050099,0.19803700724054707,0.17246759481517043,0.07588242528594269,0.13014448336252188
0.19047990568327608,0.2650640352718875,0.11833300941222201,0.13200166458593424,0.13401454116722342,0.2768789791362346
0.35635574837310197,0.0462329178375003,0.1461836998706339,0.25748031496062995,0.03969183900638584,0.12889646186228323
0.15639079182867371,0.045959475566150175,0.07945279497003636,0.20945945945945946,0.0340873612806176,0.1251830671594951
0.175932766900628,0.427494615936827,0.09127962085308057,0.07771609833465504,0.07402535278641473,0.2918350515463918
0.23734235057576308,0.17992121792824442,0.3101749617801936,0.08423652078474414,0.1379341170160461,0.25904722960539767
0.2622354497354497,0.05306095667198881,0.0712021973378407,0.22303365242277706,0.04090623033354311,0.1087071639307058
0.4839886141256004,0.24869617046639844,0.1923320659062104,0.20539833617902425,0.09761051711005161,0.3466171338511764
0.2123667780790818,0.061731817761759546,0.12154995437956204,0.482454852444575,0.04753871918051023,0.12030703754369966
0.08617168092740822,0.024815441764235672,0.413634873811865,0.37001127395715894,0.04870366989227679,0.25909506398537474
0.07696786213320914,0.018215075070497674,0.2951212498801879,0.344802969731582,0.23963061511973707,0.2303716652732386
0.17027684466581722,0.2633861800777744,0.3170164718384697,0.20373886373594274,0.042549753588452324,0.34822989510489505
0.22134363123697437,0.13065693430656936,0.11482322413233863,0.15448003281255823,0.043319415448851775,0.23498694516971277
0.10066630650099044,0.23578585039031288,0.5217861244342363,0.20214206573925889,0.03877127692026112,0.1198891331358119
0.18009393063583815,0.22868907188960608,0.011002920048408407,0.10773529936381473,0.16758309396799342,0.08267017428477474
0.15308221888106355,0.13279352226720645,0.1489217758985201,0.21872578105971088,0.42898775986011267,0.17359160136034305
0.1484919644822778,0.11136383518502319,0.07423162820376475,0.22481957954188891,0.16805648209917723,0.07436305732484076
0.21997812000336617,0.054214850490637956,0.04858708189158016,0.21591002380756918,0.11619964973730297,0.16836766639534156
0.12364721533096035,0.25974832996737607,0.14989564698867025,0.02723507697848204,0.16783988957902,0.1802432308398348
0.2741512649102111,0.11892888117953165,0.3014606957524505,0.3124352927642931,0.14539238033213936,0.09831433770711617
0.16125644139560838,0.23264468112408573,0.1433477345740556,0.17674166440769856,0.07165857398415539,0.25052790346907994
0.18593284129234078,0.02098171318575553,0.12876347072547492,0.2019642857142857,0.16264955782902724,0.11965811965811966
0.38346906948535786,0.14017703791782268,0.10117302052785923,0.08946464357286,0.09750633157997272,0.07226612286515423
0.24808333821033535,0.178841435938517,0.07189114458269664,0.10414908579465541,0.07902152261575085,0.1035562381852552
0.16789952636900643,0.10207885304659499,0.07601445247359645,0.10090311986863709,0.22464098472760433,0.27622676618969644
0.07492716678805536,0.24446927374301675,0.02385355029585799,0.12127440904419322,0.3925223802001053,0.11236494597839138
0.2454098597657944,0.024673090794754656,0.38142961154653304,0.18210516396532228,0.08139721713422668,0.14460755981967405
0.15262143798803365,0.03911662604328237,0.16107814974898657,0.08057312165568478,0.05884974375479686,0.16302875206984796
0.20499061693642975,0.1312603542755193,0.10461192350956132,0.06330877961377662,0.3386158767083455,0.18181818181818182
0.10154446097798758,0.20331491712707184,0.1782853752595669,0.23224943403992593,0.25954078423149507,0.07594508181305248
0.5542777707569823,0.1581675392670157,0.06565107000362713,0.24365719630538993,0.1700205338809035,0.19654525459166913
0.43349578033995,0.17550220480156786,0.3177512985029025,0.26240318191333467,0.14401116984142814,0.2676593295928643
0.13447991949501417,0.09768165551579275,0.12093763080786939,0.3603586946473144,0.06954783143648109,0.1511441613010489
0.13309671694764863,0.053715734431944225,0.1398926003458633,0.2988910318225651,0.22980424593327817,0.12215838121408944
0.21314860254952422,0.29069592664963173,0.16549387542350796,0.23855577047066412,0.09464335276158757,0.19446962828649136
0.3778444853297182,0.08322919270182454,0.16980721843745472,0.06364592726179742,0.1152675300552087,0.05712736147518756
0.03776588969558018,0.09208948062852346,0.09016715830875122,0.13497899159663865,0.26238076571279234,0.29326670173592845
0.27796006374800786,0.20487264673311187,0.1872063303557598,0.3368604426092006,0.09423715819064657,0.1826850310276979
0.1921267252195734,0.17961022246736533,0.07253664734206677,0.2971617786187322,0.09979740376678924,0.24318891181293972
0.1308578436300034,0.067335556040258,0.040267135509604285,0.16046511627906979,0.2531532426258814,0.5425269445526555
0.04480220303977122,0.10471393771808546,0.09716226735545962,0.5315275957477793,0.15196998123827393,0.08531545596473505
0.059439339304408506,0.1565958388667552,0.27045472581541147,0.10270331410473928,0.023546608621045777,0.1350337584396099
0.11889087257308638,0.15292804396359264,0.4231417140450621,0.1762604867513913,0.09044000375269724,0.17326461234784515
0.5037037037037037,0.10500682866493158,0.1702127659574468,0.06958548360246379,0.18366770274088726,0.10843751224673748
0.13001454998960715,0.10196870267541647,0.14578706727629,0.07979993179493008,0.015586350767396812,0.27720786291478017
0.19463403153683217,0.03345848977889028,0.22052030148310237,0.3563720140657209,0.3481145251396648,0.27494026284348866
0.32192333064575246,0.05288710512687727,0.15940952557794077,0.1444968141747403,0.02348559193505219,0.36750507348871536
0.17792396926630843,0.02319512457209524,0.09557232262970113,0.059626265988302986,0.04666860446339179,0.1939532784706775
0.03964554922607745,0.09679526433966115,0.13749715758356704,0.09703808180535965,0.037606416660803485,0.24751431153962036
0.0714397959553713,0.2560559535994541,0.16700661658623947,0.30780212720394035,0.0829495052882975,0.09601216232019648
0.07322175732217573,0.20393624728326493,0.1350808582602262,0.0871395881006865,0.04559766763848396,0.05149019375481424
0.05871295886775763,0.051651061995641866,0.09993090343755398,0.4189287445467766,0.3926593689632969,0.21961311678907622
0.1475328044703887,0.14549831487722675,0.13745955537000315,0.09230883665575722,0.06566022128011581,0.28909539712501814
0.16164244462778446,0.14364329053195993,0.05318344983941054,0.4659445021516546,0.14406235404016815,0.21771434157786682
0.17334787746568492,0.10511949323351569,0.1622521530142199,0.137952366223322,0.18810871449696598,0.22430549582867465
0.014035939776590576,0.08925750394944708,0.23683140126093147,0.21590940631158234,0.2543897774687065,0.35177807289361074
0.1750729086722947,0.16899015932521086,0.08995462699166402,0.06442975483223161,0.24290808622739102,0.4152846876727474
0.24301698462529178,0.1151012891344383,0.07297381223475831,0.6239036717704772,0.042130967120649336,0.292570057417088
0.13166224218909536,0.03404462700595259,0.14075798356004945,0.26977373815509575,0.02763024178858359,0.26837270341207353
0.10803994460237626,0.05096948959224408,0.39380576883170787,0.06921251348435815,0.03815742182820175,0.11740450405546242
0.2416370771818352,0.17820446562311124,0.1842523860021209,0.18718112244897958,0.1163811655332702,0.2810101365207711
0.5044418428482887,0.11493989696622782,0.14156222023276632,0.37484052054095435,0.22833856637049904,0.15021847220129578
0.1507959761695478,0.037184966249950074,0.07928185880941786,0.1412805145446572,0.14338594416739497,0.3218179825762972
0.05685390704897542,0.21217717856373317,0.12596177711590967,0.42840960579972814,0.11354006163328198,0.3928884132697733
0.22543093798970226,0.1088416830545766,0.1057268140634493,0.10010182003309151,0.17065375302663438,0.2565018462032429
0.1486716621253406,0.24652353523011575,0.1142126444757241,0.31675827687587876,0.12132430272180388,0.0964544668396195
0.02623323660889342,0.023624648934412684,0.028571428571428574,0.40301621929242154,0.3860002687088539,0.316292403248925
0.1706789169132912,0.030571258554001782,0.14855508516572982,0.07455863808322825,0.04205404466070032,0.06664597718985181
0.10926028749460177,0.03742611423929182,0.19855096741770667,0.24362244897959182,0.17135033866551375,0.13717038539553753
0.2895881006864989,0.07871421089385475,0.18669466450319747,0.2241115120359844,0.18240506997404868,0.06090513603012791
0.1454189362874105,0.3444259567387687,0.12587711791887726,0.06723154219535042,0.3283913208159732,0.23180838323353295
0.04094292803970223,0.08093470455790179,0.08748035620743845,0.036663157242831486,0.030604520384989727,0.16284454244762955
0.35607933314170737,0.15133849454341947,0.130173564753004,0.1363597937272804,0.04451635710983602,0.14000894943568837
0.2678983833718245,0.0941380306092983,0.18608649649517256,0.2227366808387107,0.2038258575197889,0.38382663847780124
0.16383550862464746,0.18975516717916782,0.10973892319358683,0.1104769402348619,0.19907940161104717,0.3240950901923306
0.08112469741170629,0.07518015006314538,0.46646751306945483,0.2495872317006054,0.3236222128733698,0.24137175070466643
0.10664626438693367,0.2117357999710941,0.08258853892845194,0.2485335373629176,0.13767885532591417,0.42785742470077603
0.07324716020368195,0.11630536107419821,0.11175046810065306,0.2881004253553273,0.09326266435633472,0.12203436051268067
0.19854329646614513,0.01569031085854559,0.2633212164198954,0.06165852496127725,0.402394832204191,0.15256688358640635
0.16116313454903894,0.03276699029126214,0.28195742221365955,0.6749893752656183,0.33872707659115425,0.2978723404255319
0.05206896551724138,0.023434099240568263,0.13656538067599863,0.21211635547720173,0.028345584533279632,0.28814327816821583
0.2467335907335907,0.0752881265076387,0.10736258811066292,0.25644432633537073,0.07598951027627004,0.12826267258623214
0.11101128082260159,0.13246910434450246,0.07995728492291262,0.09259259259259259,0.3034051222351572,0.2124202551834131
0.19573370839193624,0.13172189027702336,0.04331035300160007,0.07232651692926584,0.16636894703809202,0.07453241456897763
0.17566165023352362,0.05473943812995926,0.09925216478614537,0.20920721476510068,0.40506500541711804,0.13117163459330364
0.0975079011450184,0.12102048149478978,0.11069073796646607,0.11358946644394222,0.47070290104345835,0.22641354033686117
0.08660075531947557,0.14080682699767263,0.14938030006523156,0.2449271220348671,0.10148295367680783,0.11645995375236494
0.04977269164445837,0.02896973899735769,0.11453458138325533,0.18192987430299593,0.24876695437731197,0.11136656244252344
0.07258187745123007,0.07822876984795875,0.3406152647975078,0.5127260549229739,0.038101707475221534,0.3879498081509904
0.08671671518308566,0.23487389737855632,0.10099608099281515,0.6175002901241731,0.14584758516896976,0.1255283719738696
0.11018315018315018,0.22846491812009054,0.18616315090721344,0.3084528887165568,0.04973838492088508,0.3909861008306604
0.14635352286773795,0.14662504037033047,0.13812964179255294,0.2207320130358486,0.17356342609324177,0.23724815724815723
0.09045929798356983,0.14380379312971284,0.1407806997827227,0.5609298446784113,0.0390705791106515,0.06353472371533003
0.037631262394746255,0.09899850351099343,0.3051542504301101,0.1088560885608856,0.1287727084122603,0.13853092783505155
0.11180656458403188,0.0713351828821072,0.43090924271520414,0.2521555853611803,0.13637266587206992,0.14578259907017932
0.22394769105026563,0.09062556013622512,0.06749370217215647,0.4037764161560585,0.06434040047114252,0.1537735849056604
0.24758334977313076,0.12313245763561617,0.06448635865489992,0.32906516760358107,0.0819006632800195,0.28184366241046405
0.09780061975663215,0.05569258089976323,0.25660377358490566,0.5189919208971421,0.04112707405908539,0.1867083490540613
0.21421286853328392,0.015954616195592148,0.2729129435792699,0.12793427230046947,0.08410984915081403,0.23012020342117426
0.36892097264437684,0.47993905535804976,0.1814043583535109,0.2162128246956958,0.09438221033272028,0.21409417569451894
0.34052757793764993,0.04132179187464459,0.029001260239445496,0.487400604770971,0.235605843597823,0.17955927548551623
0.21658673642396942,0.23781464530892452,0.1496172581767571,0.18401372212692968,0.09240842035471573,0.2886138613861386
0.11265475852943956,0.07628024116614515,0.24840512989148306,0.09841441999793409,0.03589821266282945,0.286639526276832
0.0727326791555159,0.023998765336831544,0.3546085977097803,0.25831842576028624,0.0525005869922517,0.054792171847062
0.0332308996503126,0.05105216704603521,0.10779037999834423,0.34219233642864766,0.12813184365836458,0.1662585384714525
0.07458665485680543,0.16210584257293387,0.07687971249383413,0.06212877792378449,0.037779096106137416,0.12854168552548204
0.10356912293645669,0.10561143462149286,0.462725396967794,0.11939561524787676,0.42662241887905605,0.2468811956687509
0.1087888531618435,0.06705938762928969,0.07003684285106986,0.5626289278004317,0.0855219459653532,0.20918207458476967
0.18555701724018558,0.07721678655439267,0.19695417994234563,0.12345586583813731,0.464371148967017,0.19330283190029188
0.45128571428571435,0.05682171990783984,0.10300932387918038,,0.03165362223850098,0.16555163198758277
0.07908173521489165,0.08844554912786222,0.1775669966449903,,0.1976732624042955,0.3862261516984644
0.28982712308010194,0.12815073621162965,0.1493496785767678,,0.05713626132625383,0.14769291767854487
0.10401018459579886,0.22595204513399153,0.38288320903627543,,0.15832966064345527,0.12118126272912423
0.06141306389212336,0.17331983158343547,0.22160148975791435,,0.16062968057465993,0.10419513528286417
0.03046147519313809,0.03838186913610333,0.11229318174600654,,0.03046825542690273,0.251052315093205
0.05797101449275362,0.08677450047573738,0.3649592549476135,,0.20472621948416164,0.4278963096810063
0.14935414424111948,0.10205688008782648,0.13360557551998256,,0.029189996267263905,0.21466874243210518
0.1770325785803,0.33822866344605473,0.18252633118782913,,0.06353718500307313,0.3339521599428775
0.1819667064070296,0.1067771490164376,0.08531771626119038,,0.05178174874955897,0.10216341961214208
0.09704251386321626,0.14305274825585185,0.1411845730027548,,0.1526996753988936,0.23309887754251946
0.11015039883090787,0.19489827373612825,0.16113572655755493,,0.11497247552212463,0.1509215701395851
0.08149466192170819,0.2204675274804397,0.10597496374774347,,0.11519198664440734,0.13078880407124685
0.21590281612368856,0.2895211658570437,0.050822410691338984,,0.2510727252723072,0.23107771734120036
0.10075105330646639,0.3932851006104454,0.12531120331950207,,0.33866338663386636,0.2400402302061798
0.1269743273138859,0.04916270845612454,0.1976551931459492,,0.028307997104430983,0.24966807483403744
0.040224032586558045,0.04593928314220819,0.20801941003703234,,0.283047778242095,0.15602649006622515
0.23267899693634403,0.048527400382967094,0.148324493731919,,0.13717613353263575,0.06902513206339042
0.29735642661804923,0.1347103726986978,0.22951533627823056,,0.034687693077172024,0.16243529701750062
0.06448704150789726,0.07348886532343585,0.24572805199170822,,0.531512779951711,0.147700119474313
0.24431057563587683,0.18203508771929824,0.09818890751402959,,0.3559430696243108,0.25984193259767374
0.18280231901903443,0.16169128533553695,0.11917467093561011,,0.10076491010189394,0.28388832828792465
0.5170410534469404,0.22786739489394134,0.2190611119620156,,0.19794319294809012,0.16743143741329633
0.23231428149460936,0.17629793895121312,0.06341507230755412,,0.2629916284947086,0.09568627450980392
0.04727778923489379,0.1889188149288188,0.15605717409982034,,0.052530721498965816,0.13520665322580644
0.20146509282875616,0.12967465238888737,0.26076672908248744,,0.1255063373840324,0.08568771904727844
0.25715658292593324,0.15024671367188994,0.16057195304574656,,0.2517507002801121,0.25091659028414304
0.08153241650294696,0.15768870734405582,0.1884932438174556,,0.07775162279763179,0.19998238319879644
0.20718064348278556,0.1013834173156207,0.2834339948231234,,0.04206918710506587,0.34123039512643316
0.0598705501618123,0.08709689672199643,0.12783466298134305,,0.1914807847352862,0.22555308286424924
0.18059642927212086,0.2144738881140555,0.10274197328333724,,0.16908570823180422,0.2133493445411788
0.13829689085709013,0.3312670729144778,0.09039016244117201,,0.15996074582924436,0.07478941963008856
0.667936024371668,0.13327134089641063,0.11751889426023011,,0.10077399380804954,0.2523544409178417
0.2820021725458807,0.11150442477876105,0.19710213402630128,,0.13525690184049077,0.0913756000662142
0.05537108498608991,0.18437389310415542,0.11694799788055409,,0.16328502415458937,0.16766745602165087
0.2424511545293073,0.19485683987274655,0.10436285097192223,,0.1812928082191781,0.11029784767012103
0.26273194723898946,0.20028962905202186,0.034786038256754095,,0.30283789037190617,0.18076136944302504
0.1600735970561178,0.1321174086422174,0.16849297408792058,,0.23875808819531294,0.11312662996232976
0.31410606889010384,0.05462122339633874,0.0632922496600728,,0.12973498384745133,0.13280903854674347
0.02455135324720874,0.06493981590748171,0.16759657792656357,,0.18116862496030484,0.19756982799431907
0.0803606738906905,0.02384900507218104,0.2248980632008155,,0.2648752399232246,0.15115220239841132
0.09337935362409791,0.5205686630369025,0.04288164665523156,,0.10506197150469129,0.21508312098046353
0.30115605535493567,0.10552503781546055,0.10324821955879798,,0.0925748375412805,0.1185968819599109
0.39442519938773873,0.3922518159806295,0.1966986032552234,,0.043764908560826925,0.20273666573582796
0.07110235890560188,0.21194314700416855,0.22518632026189314,,0.14035320674545215,0.15495702005730658
0.17331875341716782,0.1637395608385728,0.3727396183260668,,0.23093922651933702,0.23979163165854478
0.0773621157323689,0.13527037933817596,0.1231739358906989,,0.09733639089786558,0.11470199621469128
0.24920826667537302,0.019984000250976453,0.1305285403144071,,0.12216774877434743,0.2759037184022086
0.3014255262456701,0.2783318691540489,0.08269079828246918,,0.0216071958090343,0.32752806590685957
0.18116454502593116,0.17916045366228367,0.06525687597301505,,0.23724007561436675,0.22861586314152407
0.08119633492767821,0.07973450941006943,0.15710998619420158,,0.028214206682894444,0.2818674932196823
0.1666400383447835,0.10119267183081274,0.10677453769559034,,0.18658598083711547,0.3977075017910142
0.2821619001454193,0.15938530855257868,0.20468472030045462,,0.18275480236868713,0.12280426599749059
0.07169028689941238,0.22703454176023954,0.3043244488824027,,0.13296446788276994,0.3920163093515718
0.45223104297837396,0.1404854735253427,0.2034058656575213,,0.10069198710387671,0.23939952594153277
0.050772300642968,0.17372143076765398,0.16771419120079392,,0.2712699340402438,0.16454418387948438
0.2655948109301684,0.16277413308341143,0.12397267056144173,,0.2679564892468654,0.2726006961710592
0.2352135190682804,0.1881212269040795,0.29378704271408135,,0.11543990799309949,0.1626922679880252
0.28452125759199715,0.08860466462179525,0.06843959026723108,,0.20489370236662657,0.16884989784881624
0.25133942641033724,0.1710066070734551,0.2820484087852981,,0.29654878568385173,0.0876730002345766
0.040074297654980266,0.17041664139729518,0.06740807989105765,,0.07824009556042205,0.13007977475363677
0.2575582737133626,0.19865741267493456,0.07037524687294272,,0.06784952390863208,0.26450385712776076
0.05191476680077484,0.09748190591073581,0.13216709207495486,,0.04722914065360408,0.1785221946512269
0.13384033685657815,0.3480222589863138,0.2793097066716017,,0.13767189972009247,0.1003953065194202
0.1953623837795452,0.08582524271844659,0.1691546197360151,,0.22615208571725784,0.14830062668679383
0.10261812901296964,0.11942048404656226,0.16707453317018675,,0.11014167934043063,0.22724267488623617
0.13786008230452673,0.23776722090261285,0.14578620941262313,,0.18045492839090144,0.0878524945770065
0.09618710987440776,0.14876974876974877,0.26925953627524307,,0.20452746556909926,0.19525571560724195
0.08276378616234435,0.15884368946505736,0.12421276479729547,,0.09187710927499126,0.20485631823315345
0.3730378578024008,0.10142967542503864,0.1765492643780651,,0.1405757097791798,0.26130458817025987
0.05434745188942313,0.1398397216872709,0.2051198963058976,,0.07535614432166157,0.19987344775765245
0.1696066901868548,0.12756715145849945,0.11044907867152157,,0.17274661078832906,0.16446918644398867
0.14229752463350157,0.03246211846588849,0.27998098601113675,,0.13029270666759368,0.04058954263656568
0.1465099191770757,0.16496712093776805,0.3684776486251216,,0.12765703367566275,0.1721843985297784
0.2702264178774246,0.16121431807884007,0.16105131229725744,,0.1454471379099613,0.5116591627577056
0.09605193428722841,0.2593877803941009,0.13333584365703957,,0.09765913206787846,0.1354759674281185
0.06503751339764202,0.10425531914893617,0.21018081931046417,,0.2860054347826087,0.25344467640918583
0.24424801767840895,0.1243283153533779,0.23957437769933343,,0.1443211246762856,0.15241926472231535
0.1139155024690837,0.44137765510620425,0.34249171009000473,,0.07671174978867286,0.17165209387942937
0.14318526721627495,0.22718358726806456,0.17269228342482176,,0.301737951435967,0.27123037780231385
0.2850467289719626,0.039642708314460165,0.04628207491142921,,0.07683466855964574,0.12789098099905424
0.08923561285900924,0.20332149371220123,0.2925851703406814,,0.02817743181586274,0.12974972134968082
0.19094054734193144,0.21271655652795143,0.05553521298669596,,0.06385989063515736,0.2237203197709104
0.28559999999999997,0.14087667281032135,0.2711232604373757,,0.12099411379986919,0.1822992125984252
0.10893297892538446,0.1455968088370666,0.2349232872550509,,0.32460359030522357,0.1271186440677966
0.15865384615384615,0.206858407079646,0.05745523091423185,,0.12421005949961196,0.23812225216281377
0.14774257566092566,0.10074211502782932,0.23543011270590503,,0.06271170037743153,0.2504943968358602
0.04492312052717353,0.16162586013762203,0.15522721415685936,,0.03600566046917111,0.21702329004784185
0.22023306252986805,0.10183084265706908,0.11450839328537173,,0.1872191712431353,0.22465034965034963
0.05783323430382254,0.03406715898007524,0.2461243344816787,,0.02914393058413096,0.2422877591312932
0.2809194350734748,0.028167424007225314,0.12746234067207415,,0.04029159334937336,0.2066009189734394
0.13794369195756706,0.20473555526959208,0.034149213558751786,,0.28999748047367097,0.09235016102722823
0.15168290522586358,0.2856206293706294,0.16336464560204952,,0.07017298130121156,0.12683851634406632
0.03343643753674685,0.4511171772318269,0.11175931327610635,,0.27526603924463305,0.18781230956733697
0.09463451708202067,0.33867989845372715,0.1503188245079013,,0.1567589998962548,0.10985915492957746
0.09054643986150834,0.15528248781492413,0.1982519422863485,,0.05565472395766926,0.052717214448421736
0.4183386030468525,0.19406150583244963,0.3226541486062807,,0.05096999123050927,0.07657983598649301
0.31177377505358556,0.31400324627416265,0.09148951607052165,,0.034413636696173824,0.28725761772853187
0.19762993643397475,0.09310791633244894,0.0986112853975823,,0.11471103327495621,0.23685246712712005
0.43475546870759374,0.22381842910574634,0.039859493436864485,,0.016383698600908346,0.06479550194975968
0.12434818202851092,0.03676828616557604,0.24100833916862943,,0.2960529746076438,0.16301130487500445
0.3514056224899598,0.07737437292747214,0.1462706565430996,,0.09390292289379712,0.23339854989066638
0.18157587872730302,0.26544673284931103,0.17767449445531638,,0.2581620945029727,0.17558989100491076
0.11234612436307886,0.13651018321931274,0.11791137636242137,,0.31809673554956575,0.21622784991749766
0.1820633850303439,0.10056311798873764,0.0636393269978185,,0.09825841374441044,0.08405987826945222
0.034234661606578114,0.15557950426178113,0.03914002205071665,,0.43221165569373327,0.1663974151857835
0.09009658353755226,0.11011399466407955,0.292566777782588,,0.12777519018785902,0.19676514988138885
0.12216604142880443,0.23714466203411244,0.08823941884273413,,0.07451374916163649,0.3824324324324324
0.14047157052978188,0.2246743295019157,0.280499755022048,,0.09412711182622686,0.2151525462175343
0.08756914119359534,0.07758250787419547,0.25129246676514033,,0.026210777136623318,0.21700069108500347
0.14158941244165973,0.40573978298347024,0.15676548621524974,,0.24563318777292575,0.18075956067222446
0.0950465914664051,0.3340877914951989,0.07702895865318439,,0.1869019138755981,0.18301403725611373
0.13729857654961194,0.015628829994803462,0.08991763703493326,,0.15998727735368956,0.2481511914543961
0.2672503567709338,0.1095765323593197,0.0515990664227591,,0.22037103746397696,0.20645505468124833
0.12462462462462462,0.17211099402880226,0.08900745257452573,,0.06777413532726803,0.09279093717816685
0.027666175049585517,0.04899326388633268,0.08995595260251878,,0.24794329831666875,0.19699801073000178
0.19333964646464646,0.15058179329226556,0.09559325594831661,,0.1450672077098656,0.1533145636037881
0.18377499514657347,0.20186798074719228,0.2594464804751674,,0.017877057213341895,0.51673720661793
0.10439783241788624,0.23818335411722114,0.08850820842255532,,0.2957766711357977,0.6005935645110902
0.028798411122144985,0.031049595166761583,0.26796880572529064,,0.34851797862001943,0.2573325100339611
0.3382572366457774,0.1251728907330567,0.11544796414754663,,0.15368077055383556,0.23225054477271576
0.3837498398052031,0.30729215927362147,0.06464945975694678,,0.2541233964569334,0.25908771929824564
0.2626997376580015,0.14721419316256354,0.06521874030406452,,0.07419593649749115,0.1511090573012939
0.0721958174904943,0.3011619886454078,0.09001135073779795,,0.2019631901840491,0.08258083309059132
0.10043200987451142,0.029655541899089224,0.14206749418153608,,0.21403926234384293,0.08117134848213753
0.04944601197439956,0.03473417404637481,0.16227680098515426,,0.02447165018107129,0.08876117496807152
0.12490031286424147,0.11876484560570072,0.26741085433441386,,0.11519035464074297,0.12251797788987873
0.14181152790484905,0.1809750658828299,0.06386560062150001,,0.18036529680365296,0.1782673334234356
0.05198788337750852,0.31945022907122034,0.36196545672854896,,0.07481926067385077,0.6684303350970019
0.048147485233577945,0.04904622157006603,0.19499246987951804,,0.16462061825173793,0.2216059802266699
0.4753109166282819,0.3959196684730634,0.21292422129242214,,0.14380396999897557,0.1408354878214723
0.11637177023888044,0.1180839775655601,0.22207660689819503,,0.19320884176055517,0.2090855282627996
0.229101707498144,0.06887739329362545,0.17729648991784916,,0.30739114830416325,0.2284342573950751
0.2053266331658292,0.05617597292724196,0.10498697432080387,,0.36534808819886033,0.15099386374364085
0.35190470281672664,0.25131570536722564,0.14726904922454484,,0.2107277027967163,0.25823378363291283
0.2827243564666302,0.02378710995798223,0.36029065464576465,,0.28031344514709927,0.3205109453463995
0.04666483667307164,0.09357968895387479,0.386578720963579,,0.16029169943518984,0.14603635682158922
0.11998827237411128,0.22148645116319596,0.19207412325236273,,0.04030182498830135,0.15675890374685555
0.1403889923442996,0.17753280129852564,0.1474639442553881,,0.12640862322390986,0.20794006032888976
0.3333631965597563,0.036506341395800126,0.12732427102408791,,0.22657533289064408,0.14663893353502883
0.2145409352182694,0.12259818731117826,0.10263755269700574,,0.19699120068123757,0.22731338833117984
0.11053041254308907,0.2840429147045973,0.09723546234509056,,0.043916998294485504,0.18001809762069518
0.40053862161831316,0.10191463901076984,0.15111889997303857,,0.3062737298860965,0.16056304425623286
0.06895441103270578,0.14221242114980256,0.17510922186798916,,0.033023248956966574,0.10697674418604651
0.21077448376781746,0.20296333085009519,0.17066265593205346,,0.3807311028500619,0.23287990672366887
0.1520814061054579,0.19890188901235373,0.1750502448552099,,0.12614434745582287,0.03838739062443287
0.104089219330855,0.107615341856587,0.061101243339254,,0.13126810786717183,0.06690962099125365
0.7123328380386329,0.4167176350662589,0.21700551945783553,,0.04693823915900131,0.09536536973660077
0.1366999294425965,0.14504004929143563,0.17442211193068083,,0.14413584309595892,0.1447334535153232
0.16384550280834037,0.06111687413554633,0.5587829854273335,,0.194975264332137,0.07718954248366013
0.03592695514092894,0.05398914674979795,0.11082802547770701,,0.13711829232137562,0.1361479349722928
0.29879821670866447,0.23255293766776022,0.2108500091793648,,0.13834541662528552,0.057046576001925614
0.13376016611870567,0.06757163578641999,0.43278077712721463,,0.3784636488340192,0.270228013029316
0.14316432547577418,0.29113535105238897,0.15217809008811176,,0.1652930402930403,0.07938778429409239
0.12940190050307435,0.39728555917481,0.08220393675379155,,0.4397163120567376,0.10872146721203325
0.1596674613362675,0.06641310708016383,0.03501779359430605,,0.29604130808950085,0.1381176799962671
0.0691270007688544,0.07227393617021276,0.2669169218611084,,0.07896915319556266,0.20192712817600617
0.1222648319422513,0.15780775075987843,0.1824359644537376,,0.05688776737437372,0.09718608169440243
0.3366552475864217,0.1915793033479878,0.05848399966047024,,0.22351441771546918,0.2682355287430822
0.17039356629421393,0.20395493216831456,0.21925416556466545,,0.42355310262529833,0.3235702387562465
0.13554312255885148,0.190389571017129,0.17244405440982888,,0.1350104821802935,0.1724175824175824
0.22013175230566537,0.19155299768885667,0.205832182600926,,0.278947025477292,0.1262611703660997
0.10748697916666668,0.32455638236977674,0.20154507222526968,,0.08058700740084762,0.3703537486800423
0.27043409211222863,0.26614460416219693,0.14510798555068788,,0.2705342607666124,0.25067364083055954
0.3836467284948524,0.28787257314738857,0.09088008638884798,,0.013078247754588703,0.31528444139821793
0.1508482243836236,0.17839728641085434,0.1622890113675508,,0.01881984457033762,0.22478510028653292
0.18927310125354135,0.21990246875952452,0.07318194002987019,,0.2957333333333333,0.17971488665576069
0.1149581353247341,0.24989640773913877,0.21692354646726691,,0.08543964793421928,0.30143985137018114
0.1259067083178906,0.1157876799863679,0.3232881163187394,,0.0787658867706528,0.21952966455771752
0.06115058759223831,0.1599677881173944,0.3205597820982436,,0.21188186813186813,0.12780329640637667
0.113716573106895,0.10944489477318442,0.31640449438202245,,0.07578938867802633,0.09266157571242317
0.06639853747714808,0.0643859649122807,0.14616497829232997,,0.05564499081255996,0.1892258940697148
0.1510311176578899,0.20994193745543446,0.20378548895899054,,0.20424489795918369,0.202715904650254
0.18774603422068054,0.1782032984459245,0.10870535714285715,,0.319108219309157,0.36196581196581196
0.2447005109251006,0.16236348361803415,0.28043866023650654,,0.21867043847241868,0.11475222913958633
0.10272418250586489,0.19673078944602124,0.13119316205337178,,0.2827535159141376,0.2046343146274149
0.16190088991281565,0.4547789644450453,0.07570137898240609,,0.08917840267902198,0.2357454845944989
0.09494914964532947,0.23695190505933791,0.1802435371491828,,0.06636029411764706,0.3544875506658946
0.15832880188508247,0.2049136549759658,0.24036073715854137,,0.08744719194067772,0.36303394841472114
0.11382541509123788,0.20448900745101647,0.03677653484978862,,0.17613747314977543,0.16488526795724645
0.22651166825713545,0.12656503253388457,0.01459244178029412,,0.0930921634530338,0.17629902525136232
0.11005981231308654,0.197871008140263,0.2554619546606397,,0.14421606423826602,0.09741790050719812
0.20764999228831424,0.0488498022197473,0.20592223242794033,,0.26019000919399327,0.15194416593040153
0.05579068872643325,0.31679418515684776,0.17252463140241772,,0.19341386252516535,0.13872292755787902
0.1969031009314892,0.10799083418653406,0.08473506200676437,,0.26436914536833583,0.280283583913947
0.1303051979017644,0.1627932115446979,0.09005340453938586,,0.1015013473630181,0.4704368483568695
0.15407281045244833,0.23070561479162358,0.17557724024189117,,0.11764705882352941,0.164119066773934
0.12241586343426476,0.1700594996380586,0.20323121333457492,,0.08121032706156957,0.32302162890700215
0.36030505060194734,0.11847988077496274,0.1838243170862346,,0.20623653187983268,0.24832611264277274
0.1355061478861378,0.033447927199191096,0.09470771359391214,,0.35352137047932175,0.11809350333940496
0.028882173324519155,0.010313367711225705,0.38519892110586645,,0.17947141979102643,0.1863310783923597
0.22186197313571096,0.24451147980559745,0.15044053401020185,,0.21063672960254012,0.1142345429060894
0.08796216042198063,0.11025234509182191,0.2551048669335549,,0.3844549499443826,0.0672262979683973
0.041393364325288166,0.09374676343820458,0.28919674970027975,,0.2916522640857242,0.13492630348678658
0.0939639079029247,0.3042849855466757,0.20787215152411956,,0.24065662602597815,0.1488821138211382
0.22379379521368215,0.14647407287186562,0.2225369628299019,,0.20310459886841722,0.4004994742376446
0.6404104363747329,0.11270791490357429,0.14685009053258133,,0.17828418230563,0.2630442267363611
0.43682829821443686,0.12378812958146133,0.3116907639188606,,0.20431318902389958,0.05738198264482789
0.2301139633935766,0.23320097739767867,0.10564922995220394,,0.1497326203208556,0.19507230851633636
0.30146408568340377,0.2861751702712391,0.168880815529769,,0.23464566929133857,0.17703952901597983
0.07052280032141423,0.1637205712080278,0.10775981780814309,,0.23855092276144907,0.07939037752764219
0.19141453611700346,0.22207621550591328,0.12025062253996303,,0.16448112141080715,0.2235598705501618
0.09850642180507932,0.39712597367714214,0.3053304904051172,,0.1741617670427459,0.28444123314065506
0.38058787507654623,0.14689519527957293,0.12023502436228146,,0.09890556442535446,0.16879508099798984
0.29697411824410047,0.28066225165562914,0.23078946379588924,,0.4631934839403719,0.05534665875057722
0.06382746977453435,0.2965020267227143,0.06040596722915138,,,0.17269736842105263
0.11701913393756296,0.06243433332097255,0.11851594404379182,,,0.06650476368391556
0.1959369769723553,0.19352487395978862,0.14209743281314297,,,0.29250159725852354
0.09156959185434464,0.086508374746917,0.05754037267080745,,,0.201902105902964
0.17585484996510817,0.43340744459585456,0.239490380151648,,,0.12999766191255555
0.15988389671645403,0.21477859277370281,0.3095089505665955,,,0.09684519442406457
0.24183314980860995,0.036040601571000586,0.12279625083686677,,,0.33813902743142144
0.38368148544902697,0.10636175557854292,0.18785024906600248,,,0.10166317876418107
0.0872664226545945,0.18406580344548867,0.10183299389002036,,,0.02393217965389617
0.17902977412731008,0.03679098323100889,0.33579673423423423,,,0.13662669952648632
0.09895181694330914,0.31535447996967014,0.41802921299324175,,,0.16531993885127758
0.16765609007164792,0.05961449498843485,0.12497086111240617,,,0.2518593400245505
0.07663074305161656,0.08783819006411928,0.3400728248371023,,,0.34661408757138973
0.10069517590056877,0.04621768447489831,0.025912688281848357,,,0.11362550752328637
0.11561720302786824,0.03939242196628276,0.25600251234761756,,,0.15902104516434146
0.1955340977670489,0.07667858561779897,0.3397862472272635,,,0.4729754657812212
0.04566773636139225,0.268963176650263,0.16797346200241253,,,0.20555861309851403
0.088019805292563,0.11158168723599024,0.13199458483754511,,,0.165990701355228
0.15075193458899108,0.15251206865725012,0.0719482619240097,,,0.09626199139927225
0.09331740947831278,0.3066011235955056,0.2007279551852589,,,0.16639502148466437
0.27622300572939623,0.03304156720093972,0.2675036656891495,,,0.16411913016073115
0.2716563827229746,0.04758451280851561,0.22222835079977935,,,0.10446300404541303
0.23215296559532045,0.13450469554680397,0.1769386208638545,,,0.14643799472295513
0.05556858835258929,0.12768266811386847,0.2694408322496749,,,0.19726858877086495
0.08862319441646621,0.07626230882044835,0.3290864467933236,,,0.02777177903511424
0.1862831172855446,0.13302114959090208,0.11556726704117681,,,0.3503146793672393
0.18571001271218127,0.10515771327400643,0.19476805761491212,,,0.2546270772623454
0.18005631936392247,0.2526186075169439,0.24398483131374768,,,0.13333333333333333
0.18154718272003129,0.1396462295518021,0.2955288410840451,,,0.09608294930875576
0.39191899894927884,0.09735092118172899,0.2386543118879646,,,0.25056626070971344
0.2525043408574863,0.27650100545820167,0.29885487613202605,,,0.13632020384329546
0.16645962732919253,0.31347708894878706,0.14682934926958832,,,0.1503851055577104
0.03865947548272881,0.2258026898857187,0.11985618989863987,,,0.2452535179807907
0.20882464815519208,0.2024024610576688,0.14067303697548816,,,0.09968895800933125
0.4287761103989141,0.052158985870856996,0.30023442732752853,,,0.0998762184743927
0.0722238081644305,0.2881269841269841,0.13259023354564756,,,0.23750143004232926
0.01216990662499882,0.42738407699037617,0.2877912395153775,,,0.13457135588908675
0.315245582752472,0.42194456412465897,0.17542485986297712,,,0.14140002794466955
0.18393166784406909,0.16174215315407423,0.08653792331374195,,,0.13636173680471395
0.21785236281272521,0.021277730375426622,0.34469096671949284,,,0.07502774694783575
0.08043548164821535,0.023958666727630196,0.051310528653931584,,,0.10442935661170386
0.16089687408705816,0.016590380079046445,0.045988833382309725,,,0.10821934390509624
0.12485388661601404,0.3453699904253864,0.16025641025641027,,,0.09162946628659532
0.2706699529464486,0.3301362948006057,0.28515637302762115,,,0.30487033523086654
0.13171150543789353,0.15254237288135594,0.019043465620002906,,,0.24486513239297206
0.19713029057610498,0.1039281534625757,0.049580805671051734,,,0.2878151260504202
0.18239594430770362,0.2473781616286243,0.2826793843485801,,,0.3058884835852006
0.09597603854668575,0.07434607954371224,0.08319822510453109,,,0.2096595679618864
0.06354581673306772,0.15366469395356536,0.16427640156453716,,,0.07201774844985494
0.0923779416930102,0.24942084942084944,0.2990533562822719,,,0.259498744188532
0.08069306028749977,0.20971373431971693,0.2104075235109718,,,0.1280964366141211
0.09052956651035114,0.1005486314636595,0.17038397148566184,,,0.4016538271255919
0.3603158205430933,0.09899140829286515,0.25856372804729616,,,0.20500403551251006
0.31107748980397315,0.20261096605744125,0.20683860125395903,,,0.2191044776119403
0.21247016706443914,0.024794062474512685,0.3090882482072296,,,0.2640177880897139
0.11506475399373571,0.12234193365466402,0.17066105727783717,,,0.06769100797296584
0.30491742312828574,0.1616826582840967,0.1416383486371195,,,0.17108184105372207
0.28802006074733344,0.043250218540565294,0.12794791735866606,,,0.3494442573256989
0.16260195758564439,0.1251990689697415,0.05721577344200214,,,0.09734924817857696
0.12359241966492722,0.40117345067840116,0.1665858389912706,,,0.11814584511023177
0.14964648434188438,0.5295660727948409,0.2835014409221902,,,0.15153226945346704
0.19530761209593325,0.16248092132648814,0.3824451410658307,,,0.10674356699201419
0.1575242090744519,0.3021243115656963,0.09323725514556674,,,0.051327864858279865
0.0937282921504416,0.29386150589658305,0.22393085643731056,,,0.34001956947162426
0.2683517074482388,0.47339991846718305,0.21308930468175505,,,0.3052294557097119
0.14486269669854981,0.09182769012586423,0.13719090009891197,,,0.4129505192425168
0.09698373950101369,0.06301710573067357,0.1727854855923159,,,0.20052326720212388
0.12561174551386622,0.3352938087486216,0.1081352684101054,,,0.1607862287876938
0.16629868409432128,0.1087724254838254,0.1711711711711712,,,0.3859649122807018
0.3164900842162456,0.12155162028671244,0.08563009187034148,,,0.22712672261941763
0.3902289978129422,0.12578334825425247,0.1297182713347921,,,0.207380073800738
0.2087192590226765,0.030959617889709076,0.22209843053671774,,,0.09529011896091286
0.08258871585396989,0.2408600019815714,0.17161970924996783,,,0.1871593533487298
0.07581962305721197,0.13767373811265546,0.27188391148973035,,,0.2564412238325282
0.0661066271344644,0.19344121744721895,0.2239089184060721,,,0.34218862491000723
0.22622196664749858,0.40905550146056474,0.16576205900376434,,,0.17275826152826437
0.18165323431368413,0.08905503871544622,0.13184492381958063,,,0.13859447004608294
0.17670658132483996,0.14687293651542307,0.2576119878845847,,,0.3049089225069466
0.13154994870235967,0.08064461637217472,0.13563355145746578,,,0.18850154624683724
0.0665908138211869,0.0950095765056395,0.240513023932302,,,0.09808665053881681
0.21028150296000966,0.20638011082821625,0.09163755907129649,,,0.3538017450633077
0.2913823603740207,0.2742077245816819,0.2670829478877582,,,0.19751432611446007
0.12324442025040827,0.09784352440303573,0.26116793991972026,,,0.14255700846896033
0.2336627515910384,0.09651888552860177,0.13342995169082125,,,0.2191296976547047
0.4959218981710331,0.07096677566710766,0.20306381018198574,,,0.08457046052338281
0.23420892802915275,0.029012056405231544,0.07847408500909141,,,0.10292879199026854
0.04827061953629798,0.08900178756232949,0.12215495440263621,,,0.20006832156684126
0.3267440879565841,0.11855524079320114,0.443659533208671,,,0.12688700823421775
0.06557315936626282,0.09492631183704121,0.21761548667229524,,,0.15578231292517009
0.17286537454164483,0.11204937665049439,0.22557549392785936,,,0.14179451417945144
0.06385219998379386,0.1529892836999436,0.17648431120961158,,,0.08613312758644877
0.052024570640591704,0.25673931202065453,0.2818168833023854,,,0.212262925435178
0.31963746223564954,0.08189431877050594,0.20770535041446875,,,0.1648117452048307
0.15748485722526678,0.21599561012415117,0.16985871271585556,,,0.25736083422787914
0.17463101604278072,0.25486725663716814,0.17280664695113362,,,0.043619695401449055
0.1514507543080775,0.36448958601182824,0.09554871051518994,,,0.3712875811020744
0.1328451166929026,0.09804458126674648,0.2910406232609905,,,0.19286367795059473
0.07425387982491047,0.14082772989866466,0.09206295481468947,,,0.27977170804212703
0.21628491989937773,0.4753737397149148,0.105400597346216,,,0.0829779456561472
0.10372985092716033,0.34139393136345564,0.1330034577322046,,,0.24994265867164717
0.27861742085494545,0.10483458191801218,0.189731125626614,,,0.5088421174697049
0.06550328780981285,0.2907142259063887,0.2809285086364608,,,0.3515685365476743
0.09930511686670879,0.08471780369977613,0.23862291200841773,,,0.16833000665335995
0.0374545724245346,0.12177412035216167,0.2995442925419584,,,0.1823928284105275
0.179375,0.16001369728989337,0.12399127036491905,,,0.20554782751002373
0.11230252926250307,0.14013309982486866,0.06308318443517967,,,0.12381167949298325
0.24891605286527713,0.5019762845849802,0.11493928268850608,,,0.1076261741760866
0.1534811436138418,0.3171885873347251,0.22983759977979631,,,0.632010582010582
0.17167470003076607,0.1354981266211932,0.2808463863698818,,,0.05731285457312854
0.2730427838692835,0.05078326101345885,0.16599455326280504,,,0.15836427392739275
0.04685177846031904,0.1653788366602275,0.22318933528791973,,,0.19610988570282736
0.25477443141803724,0.11539488914611343,0.1691725768321513,,,0.13243426797322208
0.2042427042427043,0.08841492060509255,0.3018072606565151,,,0.2451836629848446
0.24090422685928303,0.28830527497194164,0.1787338893100834,,,0.24801258694932096
0.09962621100007628,0.09167827991240295,0.05947972925166859,,,0.280134932068603
0.37875055271303143,0.3260316563029961,0.09942938659058487,,,0.19671526111828752
0.06834100460276166,0.2911821261789213,0.050303848750844024,,,0.07060852203112947
0.3429770745883113,0.2988758065589037,0.09248378481495613,,,0.11220384443451051
0.210413668401048,0.08927674535409343,0.2408893566635969,,,0.30662965592924923
0.09510117921094773,0.10370808095730535,0.22208703410796124,,,0.25027808676307006
0.19248392711256349,0.01448970529809063,0.13414542446800512,,,0.2811510173404198
0.34132829713566254,0.5439425611196946,0.12509476876421532,,,0.075136420875892
0.12010061451268826,0.09193870752831446,0.0603591117039569,,,0.3044461190655614
0.332027972027972,0.37162339365329133,0.18900199391331723,,,0.2673502917681717
0.048999278759466275,0.030099577549788776,0.024422499173458685,,,0.24093107617896006
0.16579649175524921,0.1627750336775932,0.23002907379205317,,,0.11076345431789736
0.09733518288676354,0.10182615990191651,0.06302702278699455,,,0.2691542870511171
0.15128429852356234,0.0332720963461931,0.22276844896155548,,,0.3766432776836842
0.10995310057321521,0.09486938273391707,0.1562077968848474,,,0.14631905363500633
0.13610047623494256,0.1448622881355932,0.19086786071181489,,,0.17186994500161762
0.17307796353405833,0.20778816199376948,0.11602426730252632,,,0.1628222523744912
0.07922326813595625,0.21164462035204665,0.09491157763153057,,,0.20115690527838034
0.10520913523222993,0.0519270080271227,0.10605744488490158,,,0.18674008530141956
0.2999738014147236,0.1057788857726533,0.06731317741015401,,,0.17413666421748714
0.24508141112618723,0.156711606917622,0.25625000000000003,,,0.3217865306840162
0.05068947906026557,0.04661475790233589,0.2005607714856196,,,0.16900567333532399
0.06173635744741839,0.39215112022258014,0.1931859014144318,,,0.3112926228445481
0.19572909553665654,0.12973605248436149,0.09814306967073541,,,0.22390190099266852
0.2178172255095332,0.166803526331283,0.08883012935038948,,,0.10189228529839885
0.12372315268534093,0.1458443821501629,0.10844965722309408,,,0.08827419269819953
0.03255471767518853,0.03167112845410409,0.2623649801023309,,,0.20652470652470653
0.06036774479397429,0.0850376425684103,0.20787998681173755,,,0.1729715850736049
0.04063143066278122,0.042927110342840684,0.07952442635085122,,,0.24875164257555848
0.11177527320943562,0.0745939769852281,0.09595327492699207,,,0.1750210361822334
0.16716716716716717,0.23411418151213353,0.0723648944983188,,,0.2476719618123484
0.08473064919456452,0.1225423265974877,0.10595124608470652,,,0.12545697208843498
0.14055837563451776,0.08326327716656312,0.1339812992125984,,,0.17960161996859247
0.1605348804301684,0.14643013578624617,0.04311310190369541,,,0.40533587141569233
0.10070777802876289,0.14488282408780778,0.20589313200908893,,,0.11476103200338361
0.03832186026342891,0.14512934580578324,0.17094178637001836,,,0.25619097196400686
0.1674282861641258,0.04997151882346849,0.17768977386283727,,,0.14310722100656456
0.3336899600202714,0.1768460437988335,0.2014940491263611,,,0.06316039415885077
0.11811620657698894,0.099346041463754,0.17339811721834195,,,0.5210340551368883
0.200648040594241,0.1872112226531332,0.28061229788250447,,,0.146658880453825
0.10098401842417475,0.1521598968407479,0.13338464921926543,,,0.2085166784953868
0.44659799403632416,0.35228827260291007,0.07337841222138744,,,0.09813766127619827
0.24752667852378837,0.18236563724053398,0.28903561796707894,,,0.4404177967568815
0.02711450381679389,0.08360999620104718,0.24658653750323906,,,0.07046583116576022
0.20788802142550342,0.05395152792413066,0.15176242391813255,,,0.18567705101154275
0.1181768558951965,0.058377558756633814,0.14438666258794738,,,0.2241599319438537
0.49515532544378693,0.1546212215449683,0.1796589929012141,,,0.2816330881569129
0.1411465892597968,0.09544080449133198,0.11656913559605417,,,0.09554102609412735
0.043720425867507885,0.0769079850892682,0.28645241880536,,,0.12751568039269157
0.14193101400504776,0.08867615088294747,0.1202515064186534,,,0.21410003119475932
0.08971278178281267,0.1553882725832013,0.07642242284274618,,,0.13610880023148986
0.050629874025194956,0.1261444557477111,0.22083018867924528,,,0.1693945967264839
0.13900955690703734,0.10728698697936496,0.14887450487875567,,,0.27663352272727276
0.026351734717464853,0.10392706872370266,0.0831331503088538,,,0.26279104256265756
0.2628507918866352,0.04067544604927782,0.1444883618796662,,,0.35030833499104835
0.450238379022646,0.17359154929577464,0.1815114709851552,,,0.09070922940614588
0.22156485726963468,0.28676685147359204,0.04589799322650761,,,0.06104141373263187
0.0811774851050486,0.22886629230535743,0.20332960452720933,,,0.35413571074789496
0.1665496049165935,0.057278902037672434,0.2319369063772049,,,0.4099338607184541
0.17670457443010862,0.26465551974214346,0.36117677961649597,,,0.1878959428494406
0.2924976258309592,0.20134983127109113,0.15726302326725367,,,0.38212170166935916
0.029959718026183284,0.17108499890182297,0.13684062257905485,,,0.06001156030056782
0.1281248494773855,0.06900320037467801,0.10632984343482854,,,0.14530782114398824
0.36408853519025125,0.13707542513572937,0.10054725149064772,,,0.3648250779355733
0.3374150961446475,0.12260643502082577,0.1662162162162162,,,0.3345924908424909
0.11762782287538953,0.10542704626334519,0.09331634097989239,,,0.17791324071448825
0.05752966524102004,0.12603783857356746,0.4737800436999272,,,0.293408929836995
0.04441690581789721,0.036753688335638544,0.13304999279642704,,,0.1360832859454967
0.06444978309338219,0.17151886611760198,0.09156385937388577,,,0.23051848207146813
0.055571813180381596,0.2841144753214434,0.18511203432541035,,,0.0456789015525442
0.04130885189683504,0.06509876258550457,0.040327265685515104,,,0.21762725836367383
0.33594647563695346,0.026380597014925372,0.27130407958664304,,,0.1865662577432285
0.4055841293166789,0.04453217746611082,0.09201726509510032,,,0.4045971478428305
0.06657635962271724,0.06480779916148911,0.18452508004268942,,,0.12429623213512342
0.13570172353148083,0.05371203599550056,0.21656857632421964,,,0.1626286093594424
0.2532181712482352,0.11254259440787939,0.11324093187850193,,,0.22597019813328964
0.03227206497814428,0.34039043167445693,0.5275229357798165,,,0.29532106499608457
0.05970445303976991,0.12317073170731707,0.4961671426424169,,,0.17866103261587218
0.17077378018728437,0.19430360870861915,0.2416611857558959,,,0.169955026838822
0.22227112676056338,0.027084886825583916,0.3877971052981012,,,0.1940242902913345
0.18201096670604985,0.36070257115649135,0.1587843328457663,,,0.16809735955666633
0.2598901098901099,0.0604158742234056,0.3187899941826643,,,0.5021308331557639
0.17991337937492682,0.31925761961518817,0.11769753307114766,,,0.527633492624143
0.5247095885016735,0.13290268741596994,0.1409019298936589,,,0.268147120055517
0.22782079646017697,0.04130534958736542,0.1329696226232366,,,0.11376905611417451
0.20111378306543473,0.07952875585744107,0.2862711467997193,,,0.12998762022664506
0.1077457302813408,0.24593897069986337,0.2792628094273432,,,0.7939374074440262
0.16587343557200776,0.08827608816260656,0.24983852215476038,,,0.07927857545391807
0.322685917721519,0.2179761138106668,0.22375275938189843,,,0.2410427635803262
0.04998174368128525,0.06323279695965069,0.14495889225443534,,,0.0979077253218884
0.22781964828771653,0.11887847324393627,0.1267286696320259,,,0.26066739606126915
0.031190862395241957,0.22132932782576045,0.07220939183987682,,,0.22772198310218394
0.038207297726070864,0.052985632422556266,0.6120732148138411,,,0.32163678962567427
0.1740986717267552,0.13889670700816212,0.10335712397568067,,,0.16751495669256186
0.1461952532419868,0.050719208870242734,0.10692236963089452,,,0.19416841614182412
0.38371718473184085,0.1536502546689304,0.1343239951278928,,,0.13379997307847621
0.12223845955471503,0.05582210474904473,0.09199089403973511,,,0.06690613082673447
0.2366771159874608,0.06616336374121841,0.04597048808172532,,,0.0966339723584485
0.29831472220319244,0.07953788786789187,0.19400340715502554,,,0.10593616800083169
0.30756203999218396,0.11898870360408823,0.18874102239121252,,,0.07213652284074819
0.1923654750173659,0.08616698389834868,0.1942682126449355,,,0.23533509823045842
0.4769523582941772,0.12870156356220258,0.33042394014962595,,,0.14355818957381752
0.13043395253823098,0.03080145719489982,0.15581010212531052,,,0.3385416666666667
0.11194029850746269,0.45046634736576757,0.14777301649136476,,,0.03219493101086212
0.24860557768924302,0.09800956898158697,0.33462926964732015,,,0.28152297759210027
0.3531449893390193,0.07910602619107708,0.12542972203123465,,,0.20141987829614605
0.3154560584098352,0.11458209133182305,0.17493901528351669,,,0.17204736362716325
0.05362688724208972,0.09111233112410363,0.09148670355166875,,,0.10381773399014778
0.20961085593042506,0.16220400067726098,0.10900962861072902,,,0.23832286260584543
0.2907622000979272,0.18731805171612398,0.06189761329765246,,,0.12499092163555812
0.1931037749254014,0.13350604490500864,0.2640477792732167,,,0.06069448497227896
0.09360444285202435,0.0526358181305626,0.1868006700167504,,,0.20881577896670125
0.21483335941167264,0.11917736522890306,0.21734759162782197,,,0.1694734247925737
0.038772455089820364,0.060721630211254436,0.22180892717306186,,,0.3569338794616735
0.18596728781137836,0.06960200681418248,0.23044017358958463,,,0.11832664477684543
0.03499124450861725,0.018771037331701348,0.36240807251582013,,,0.36167411426747526
0.19106545945586967,0.1324545687228052,0.3705657167162909,,,0.3140702434820082
0.3575736232777216,0.032556288910733505,0.08999847071417648,,,0.21644131963223362
0.1878281068524971,0.15747606849130377,0.17198601556332468,,,0.13946048422133575
0.08278467350242849,0.13658861602893585,0.07232531597413028,,,0.2769736294817403
0.05500589531962885,0.12489802201185254,0.1740967910838507,,,0.1638952400748285
0.07192676547515257,0.020644018826599563,0.12954091816367266,,,0.09964562436182352
0.1570631970260223,0.04351664984863774,0.18431962744207178,,,0.10806134017542812
0.11395101171458999,0.10033861169206254,0.20163573450770683,,,0.6494565217391304
0.4308740804846387,0.15354002964406813,0.3328032141960325,,,0.16164990625532638
0.2080456926986126,0.020924960045591388,0.07794629537543511,,,0.42082738944365194
0.39778457825093744,0.06749262536873156,0.1005875473771716,,,0.31409589832466783
0.15078380870615918,0.13846910803401982,0.21165018056209767,,,0.075607339327336
0.09554174257850177,0.05789453987500468,0.056921953001339336,,,0.2719076241695666
0.16772748103263913,0.017190542420027814,0.2593471810089021,,,0.27152170691954364
0.1297650130548303,0.03670864819479429,0.2613432835820896,,,0.18336419833589818
0.05692400120156203,0.04562383612662942,0.20428140151861676,,,0.1396541617819461
0.06504916975656941,0.027575006112255943,0.13503332367429732,,,0.31888176932616785
0.10179194832071328,0.23087164225859502,0.18617087426936949,,,0.49657171131688693
0.1248314390290888,0.026535596281322467,0.10316054764661808,,,0.19392016917790114
0.15698282879181366,0.12702702702702703,0.12475174112226253,,,0.13329925597773612
0.41832954952802004,0.29189808692585734,0.1595011281022813,,,0.12356687898089172
0.08635282929148834,0.09845323278632331,0.12986004787268454,,,0.22812662354001534
0.3761183347250388,0.04120483344603534,0.17847121432027094,,,0.062131610819539766
0.1900268036631673,0.0705627179112949,0.13298719688477198,,,0.19669163545568039
0.4864981949458484,0.19224330357142855,0.08501118568232661,,,0.1570213933077345
0.42594626253752105,0.07843557332952462,0.11819443310750141,,,0.14562807881773399
0.07087978306718891,0.10001451589490493,0.09338352396119878,,,0.32344180915609483
0.046922083512699095,0.04641129559419532,0.04858390517779164,,,0.11377245508982038
0.3378942692136828,0.27261369979532707,0.3296487349545566,,,0.24484416188556365
0.18715663533146135,0.06309312302292325,0.03751479873717443,,,0.3039587852494577
0.43844193665817255,0.039091886082751215,0.047004261719729254,,,0.3459010488229806
0.40379221059445464,0.03978779840848807,0.2858588048269384,,,0.06199021207177815
0.40698633904831755,0.21698736295187357,0.2764956506302148,,,0.32802670432661446
0.46939970717423135,0.09536498708010337,0.09544451450189154,,,0.09669119306640184
0.13927962489343562,0.09340678377161071,0.3934331797235023,,,0.45167246644414455
0.1300990431425214,0.0688095238095238,0.09790768247883723,,,0.17381115125476027
0.521012044016983,0.2538724283104298,0.23941504866360355,,,0.09190337556062633
0.0871268752899933,0.05737210424710424,0.15200701908313227,,,0.36910071789643595
0.12326177116369845,0.06514530219290426,0.31518166474193837,,,0.26307676497790566
0.24869591137165287,0.11954677653902085,0.13491995548326344,,,0.2425501318207238
0.09770311964346931,0.07732875088883621,0.1084487781675486,,,0.37309391477839526
,0.2308001070377308,0.3654137408784249,,,0.2828014184397163
,0.024148704143988363,0.17348127881643616,,,0.311377245508982
,0.028249049507379092,0.12421293646250717,,,0.17447698744769877
,0.18530423504201207,0.0681565202500214,,,0.3892067419205195
,0.029328398255293972,0.14667698184367672,,,0.2663682975220775
,0.03578220081135903,0.3650691540688324,,,0.31739662344017616
,0.05241825053404174,0.1717909179595305,,,0.2687547220369255
,0.21570335947332753,0.15798212005108556,,,0.16007615700058583
,0.18237942122186496,0.07948048843648532,,,0.0722267279444895
,0.2648190916089299,0.16915906001165273,,,0.1396325222337592
,0.15719360568383656,0.265552099533437,,,0.26771466940516625
,0.06391029168959823,0.14545707140872466,,,0.06074168797953964
,0.12226654491276974,0.36393739490363475,,,0.18218024578971326
,0.13971222525102653,0.23463446193659693,,,0.19339535764357577
,0.1579619869030506,0.05486583900680818,,,0.21873876465089526
,0.3123489121676068,0.24000353857041756,,,0.2128032226990104
,0.09271994308750296,0.22791903646704584,,,0.10517018819213261
,0.11086762739563215,0.16934414148857774,,,0.04803822937625754
,0.1292995622263915,0.1349002155622001,,,0.13369727793365957
,0.24932675044883304,0.17581281713963542,,,0.16751774134812222
,0.11350756999069608,0.13110224132637396,,,0.15964535492042517
,0.06900707685651597,0.15002052966536647,,,0.23448390308662462
,0.1948231785257776,0.21492169787240434,,,0.18516064922159656
,0.31679955497867607,0.1279944181719513,,,0.16342105263157897
,0.11108014908216936,0.09670758288401975,,,0.11760628465804066
,0.4571428571428572,0.35892011084954856,,,0.04414650098103335
,0.20726487774014665,0.12489674541549645,,,0.26142216870693696
,0.1173787110789283,0.1349311854863935,,,0.053139313363868505
,0.3685220729366603,0.30343462717058217,,,0.2707878031012592
,0.14109726400229194,0.10485960004144647,,,0.372918828678428
,0.16493019379037302,0.11546959447975799,,,0.14731476877175534
,0.30655234465968034,0.16527276183235126,,,0.10960063972905593
,0.08033044447823222,0.11034968617907007,,,0.18032657568825433
,0.03278245841434436,0.22599167424278677,,,0.3674542873841529
,0.0403038956840347,0.0878190548395249,,,0.1793652031505888
,0.4639293937068304,0.09639289254937848,,,0.19660319094184248
,0.10689895470383275,0.05980654761904762,,,0.14599793885262796
,0.09123994921709691,0.1787405718295036,,,0.5519330990183007
,0.3637213881368447,0.22113846513986968,,,0.15853959378340596
,0.07096683530073075,0.13454289591395688,,,0.15909634233803488
,0.17265108411502383,0.0747844558290641,,,0.3207368381154531
,0.05050013892747985,0.10363917924893534,,,0.13774669547068946
,0.15982304900181488,0.1421931735657226,,,0.032048718973948884
,0.08373618784530387,0.1353596757852077,,,0.19304362615868698
,0.14218275823311227,0.13003320880033212,,,0.26888633754305397
,0.13630449826989618,0.20463474728640874,,,0.14708177598882818
,0.23737880307589435,0.27221636810677907,,,0.11087781636114026
,0.13312138257112577,0.2046534723700078,,,0.16563813025210086
,0.08333333333333333,0.2844048710226529,,,0.2255149981929888
,0.4657958061189412,0.12040296152445686,,,0.09353334173704778
,0.41458457860131503,0.10758523062404152,,,0.08187366824370688
,0.09279036106873216,0.20205515361224702,,,0.17212860138230954
,0.5097477951415751,0.13849311760444338,,,0.09229442208165613
,0.22567128946591916,0.10328084899771103,,,0.31861471861471863
,0.21552477224510172,0.24649118661688954,,,0.12392271337225465
,0.14327295009766,0.20057989023506267,,,0.18179412543000795
,0.05006484550301583,0.27094774136403893,,,0.11273473448576048
,0.19575528579467805,0.16167852372775102,,,0.1801007556675063
,0.14709446033053847,0.19125335594178322,,,0.14787212674157393
,0.2640885022692889,0.10779763819326381,,,0.3222033177371331
,0.05971260842898449,0.2046897546897547,,,0.14089919303189444
,0.10339123242349048,0.1848328709208614,,,0.2106423636630898
,0.17317845828933473,0.32260009647853355,,,0.25328595747696675
,0.24246195079927255,0.10179463093884412,,,0.19747371724462576
,0.09079180777293985,0.1310191554661869,,,0.5325949367088607
,0.31301289566236806,0.16095890410958905,,,0.5234542572041406
,0.05351911665289566,0.18852178671591763,,,0.1999400299850075
,0.020387866732968673,0.29870771838147026,,,0.05641483710215787
,0.09279028390191074,0.18179875181670516,,,0.4906684441058846
,0.05923255215039917,0.13754076347592556,,,0.06734880505453937
,0.0904112331274308,0.10974328809713876,,,0.38509766095972997
,0.32824427480916024,0.04846880036840894,,,0.1429224788474731
,0.12447224394057857,0.12712712712712715,,,0.09096289835207626
,0.17705033438929954,0.16190846478560322,,,0.19399234083293443
,0.23257609175121305,0.2444574095682614,,,0.16809536565764802
,0.12354651162790697,0.10557883493550242,,,0.14262452507202203
,0.03672149497838998,0.2345057119726545,,,0.15304139889403676
,0.27967025480310664,0.16426258463350016,,,0.1684337823775909
,0.15531357458654002,0.12591183000317158,,,0.14142525363647476
,0.038927475367468906,0.13344010789850796,,,0.19973954825093182
,0.34259857789269554,0.16730415072956512,,,0.09526450038815572
,0.3086019621583742,0.1929200224761191,,,0.031072602330445172
,0.2201089101096993,0.18393905729249327,,,0.15861214374225527
,0.037640290599761525,0.14007488977023463,,,0.25628834355828223
,0.2542637521018496,0.1351198071742521,,,0.1891218872870249
,0.11425094929406086,0.20829823083403537,,,0.049274513153614745
,0.251591942820013,0.114754677020826,,,0.19313640312771502
,0.1154238566295524,0.35066853808081555,,,0.17358617594254938
,0.10199999999999998,0.21064974479238516,,,0.28181694175419447
,0.39544861033389295,0.2244325427186942,,,0.2658338333969778
,0.02350921217724361,0.1403868323299603,,,0.25296844962116927
,0.13623829344432883,0.1669612726980556,,,0.05874852858358974
,0.14030317449527566,0.1582012293756066,,,0.22419709634843818
,0.12860515241711998,0.23205204905773255,,,0.1479721166032953
,0.1138702696996886,0.1508732813080639,,,0.28171465873649093
,0.1581546207096868,0.2673330160241155,,,0.06607358397782645
,0.12543694541543426,0.1679916590642513,,,0.12584769316286826
,0.35208765176191886,0.18240409522634762,,,0.17804117280099813
,0.2353604397153125,0.12299803951138592,,,0.39752292485411456
,0.12609156941157268,0.23535096284514956,,,0.3013650926312857
,0.1146868073228799,0.1608336264509321,,,0.21124299133474114
,0.026442360007834773,0.09059761127341467,,,0.21543596161869005
,0.22319596206112374,0.18320896453617508,,,0.13939051918735892
,0.25769388592531806,0.17536826403132574,,,0.339781864501234
,0.17284659557013946,0.171912013536379,,,0.09964900265388238
,0.13038163791932636,0.12706067062913534,,,0.25392870831736297
,0.3816801995435971,0.05929821632300972,,,0.23771946381399012
,0.09792155365228301,0.21005168811173427,,,0.07336390162567737
,0.1506521955590959,0.357519937099854,,,0.4133792333457388
,0.4101885028820689,0.24052304847444195,,,0.2013051653578144
,0.08348376432719284,0.33277874989243,,,0.14230456026058633
,0.2595785624939863,0.2283117230316803,,,0.07375323347169584
,0.20308281807889925,0.26483939550652186,,,0.16795947443406678
,0.2859717486604968,0.11208893006021307,,,0.27164118659512
,0.5191392115787469,0.2607594936708861,,,0.05519421033345547
,0.4126869445849289,0.1015319318257179,,,0.0987323943661972
,0.26411626415900835,0.2693656359579216,,,0.07927709013592528
,0.10834945676439946,0.34105960264900664,,,0.12003655471784327
,0.04346207043302479,0.10440251572327046,,,0.07496620376059973
,0.06316213494461229,0.15272763738467707,,,0.23231295662628318
,0.07696183398412898,0.18253071600056492,,,0.03879191863661353
,0.08769560727619351,0.11223625944256317,,,0.15833801235261089
,0.08767339685047144,0.17510694080309092,,,0.1976732960030894
,0.1594647337608029,0.0752705033714913,,,0.07233226837060702
,0.25393243729356746,0.0761728893761902,,,0.10134392697151551
,0.2925104587020103,0.18245403677058353,,,0.053675889328063234
,0.33369913894985653,0.44420878381873674,,,0.03833023491634274
,0.17684811959456814,0.16461267605633803,,,0.10836115874830231
,0.10779392338177016,0.46837523432885647,,,0.05854982551376502
,0.5171697590695099,0.2687523093977091,,,0.09536539662710805
,0.41166443443321565,0.2996875751021389,,,0.11973783715654146
,0.1918065815983882,0.4579367121173141,,,0.02062428213563928
,0.03133846732524301,0.14267894837843026,,,0.07272555770409847
,0.24940116891827152,0.20846580637117385,,,0.26529580313500756
,0.02877150650440621,0.21812434141201265,,,0.3791292167619937
,0.07152787629450985,0.11602188948848521,,,0.16483277045429787
,0.23256218472777873,0.1395631067961165,,,0.14080679405520172
,0.3194800961577639,0.2144588045234249,,,0.09447633386656629
,0.1868187186586381,0.2312172678772454,,,0.08476547357539735
,,0.10368021523974247,,,0.3357254290171607
,,0.15500945179584122,,,0.15546340753673796
,,0.16273785856290826,,,0.05555858756753807
,,0.1435778678355802,,,0.07693443591258121
,,0.15208503679476695,,,0.20238646129437426
,,0.19653726498038684,,,0.20197134252076296
,,0.13281913388055477,,,0.20404441131192108
,,0.20657715229410495,,,0.158780971893207
,,0.12061604147605977,,,0.06053704147686406
,,0.10235335856196782,,,0.2524227041993539
,,0.09497406546235021,,,0.29877293009419936
,,0.16370633510953228,,,0.02821494937236907
,,0.23752761222023086,,,0.23364122508507534
,,0.6595031245237005,,,0.056210447946395334
,,0.13013698630136986,,,0.07695671184958461
,,0.2608832641915665,,,0.47171651495448635
,,0.30933530644962387,,,0.2971441523118767
,,0.3872329427980703,,,0.34572125216296995
,,0.20115452930728245,,,0.0963273383388627
,,0.11990531082750104,,,0.45423511841263065
,,0.2724189390856057,,,0.19391214796813497
,,0.09717621961488801,,,0.08492235109101633
,,0.10108388312912348,,,0.10690964312832195
,,0.13491396470119874,,,0.35233409336373456
,,0.23074286273933695,,,0.1092257977047557
,,0.15589270008795075,,,0.13917849516392414
,,0.3438332929488732,,,0.17724142134454807
,,0.21757096658282432,,,0.09311937758327256
,,0.14112834498039886,,,0.3145947717774318
,,0.4410547589259936,,,0.08302465193511305
,,0.20961213301224574,,,0.12152410276147407
,,0.38637011690903905,,,0.14804826117814052
,,0.14009504412763069,,,0.5526572743757847
,,0.18392382259586518,,,0.06677487453176106
,,0.29410032394227936,,,0.09196799748999922
,,0.17362045760430686,,,0.08476248292608894
,,0.2635648580189308,,,0.05818463925523661
,,0.12043416705993393,,,0.12108937803123167
,,0.16853442002619706,,,0.22779836083978894
,,0.13903913458479158,,,0.12910085054678008
,,0.23429790638751832,,,0.08427623878267654
,,0.22437477985206056,,,0.1003123915307185
,,0.2937037705213783,,,0.18339642344341472
,,0.19548777413662716,,,0.12859797050712657
,,0.11730177059276367,,,0.10425758898263991
,,0.241271569578905,,,0.23708139277001553
,,0.1618457769005649,,,0.15916539217828274
,,0.10046151310367564,,,0.26201803592984446
,,0.23519102698913424,,,0.07448804764624296
,,0.050952061135212647,,,0.38388703409775055
,,0.4278671886327389,,,0.18386575235546637
,,0.15332581736189402,,,0.6445106066244883
,,0.14936084323839427,,,0.3598995506212001
,,0.22048409259063523,,,0.1311702078628382
,,0.21632703777335985,,,0.13978779840848807
,,0.20710722493133796,,,0.43297331639135955
,,0.22746679316888044,,,0.10464248395282878
,,0.40647613478546896,,,0.09792986104546744
,,0.29341441503697047,,,0.17091718445701568
,,0.14050531610838002,,,0.15310559006211177
,,0.2261825003349859,,,0.18148661952922227
,,0.20873010800792485,,,0.37559724973779274
,,0.12982625482625482,,,0.22017094017094013
,,0.131803979608617,,,0.2768425841674249
,,0.18884971353018953,,,0.1510574018126888
,,0.16292652935751614,,,0.2168594842130634
,,0.3681989784588052,,,0.29958614680897405
,,0.3417085427135679,,,0.17132635484298395
,,0.2398173105720276,,,0.38434715226656335
,,0.1298804780876494,,,0.08176152544471502
,,0.17257473709086613,,,0.11598224195338513
,,0.31569833402997555,,,0.14522759918767644
,,0.12370631265239772,,,0.2368745716244003
,,0.13526614867215586,,,0.24258564338457814
,,0.2760651629072682,,,0.17515977127480659
,,0.24741682752356084,,,0.09019441198342718
,,0.14854035489410417,,,0.10013889359395643
,,0.07902654275590024,,,0.24177926581370324
,,0.11917221693625119,,,0.30858306292549476
,,0.1729030637870417,,,0.08670767127968564
,,0.16286295939140683,,,0.5975995635570104
,,0.21874537653499038,,,0.15148018249295478
,,0.09420887642303251,,,0.3572824289794078
,,0.2304168575355016,,,0.2686464877213021
,,0.26916164499418543,,,0.04415369280173652
,,0.13912172011661808,,,0.050171701297945404
,,0.46135510924740675,,,0.35036496350364965
,,0.21797697771246632,,,0.1501353441608662
,,0.24863387978142076,,,0.11876840161684715
,,0.34604480708062507,,,0.24247085492227977
,,0.08696759730996535,,,0.1400505671723384
,,0.171881461061337,,,0.42475512021371326
,,0.1423554496425436,,,0.4256738286589033
,,0.2798285769942534,,,0.47015691450359287
,,0.3531973127643692,,,0.1423785594639866
,,0.21200540616115948,,,0.41608510638297874
,,0.14298877051540457,,,0.3508046646128601
,,0.3214349615315799,,,0.13497469624821165
,,0.1945220050525196,,,0.12742055610724926
,,0.13456345634563457,,,0.27602905569007263
,,0.20036070079010648,,,0.20470904809956272
,,0.16634553628773283,,,0.2745730323659381
,,0.3424021933987135,,,0.3469549169522805
,,0.2019407290847102,,,0.12895715719882858
,,0.2708746108123408,,,0.1468965370712873
,,0.39231648100542704,,,0.13459862112687218
,,0.24491943972148006,,,0.3565922595150152
,,0.23461953588774961,,,0.08648728562980484
,,0.1262126111560226,,,0.35943744236089764
,,0.18067657611481291,,,0.3047193998670592
,,0.2787926041434618,,,0.12024614713897668
,,0.30767651888341546,,,0.2097856324660448
,,0.13101718433130538,,,0.10853126514784296
,,0.2105173587474472,,,0.2134491204631485
,,0.14996578355655488,,,0.12468483123220822
,,0.2544028795474997,,,0.10375998225377107
,,0.09221664544160611,,,0.2053509566700421
,,0.2346352247605011,,,0.1476424399489421
,,0.10068332265641682,,,0.3888255416191562
,,0.14084507042253522,,,0.203777498771767
,,0.19798259493670883,,,0.3220283443925616
,,0.10197347942476498,,,0.12041307399238019
,,0.18867545006537265,,,0.35141880025880395
,,0.2921131447587354,,,0.17470202223115042
,,0.11287128712871287,,,0.0843644544431946
,,0.1861446180212247,,,0.09951504683451805
,,0.2398726851851852,,,0.1727945911906226
,,0.2154886619811696,,,0.2235831430350841
,,0.15105431005759434,,,0.2543133195307108
,,0.16053286336305203,,,0.07150080304562488
,,0.0920241241444738,,,0.18145603027586893
,,0.230331684872199,,,0.10897296118621892
,,0.37600408007140124,,,0.13636253307119103
,,0.2477659729297046,,,0.45494556404910824
,,0.179792096428427,,,0.2483715476810839
,,0.20380557309044997,,,0.1791922894985809
,,0.15238259470023566,,,0.33319045577939704
,,0.2911666045471487,,,0.11319401761934028
,,0.09945730424188726,,,0.11272941572655329
,,0.19100962228924315,,,0.20415276232851318
,,0.11648232273355719,,,0.43857163100467617
,,0.4046656116288611,,,0.28094902513507164
,,0.185457953936797,,,0.16992046276211134
,,0.13023171175542886,,,0.15251916757940853
,,0.13921232876712328,,,0.3209630818619583
,,0.24731079523626587,,,0.2839721472530177
,,0.14009404666844114,,,0.12753834915997078
,,0.19246058944482522,,,0.13858435337945718
,,0.344904537565088,,,0.07403389830508474
,,0.2935400330911445,,,0.4508975712777191
,,0.06827548310284824,,,0.08651605713706818
,,0.0910320518075252,,,0.14681008902077153
,,0.09399054692775152,,,0.4775533756491634
,,0.3137064534551685,,,0.22429270946681173
,,0.1770663562281723,,,0.13781975065393892
,,0.09036671704717206,,,0.16860941707191085
,,0.17706697129801516,,,0.22154629695126266
,,0.2468348581461972,,,0.17072915576943196
,,0.10361518377184173,,,0.09255234369339999
,,0.19728583545377437,,,0.10776361529548088
,,0.03941077034532722,,,0.13646681799973293
,,0.19721609702315326,,,0.10366851000856764
,,0.11120640365923386,,,0.10268261736450969
,,0.11803849303849305,,,0.03371403749301235
,,0.2619349042349001,,,0.27539353769676883
,,0.3062506038063955,,,0.11812651584430041
,,0.2375070501974055,,,0.19499374217772217
,,0.18185024097801814,,,0.19783352337514254
,,0.27605267436189235,,,0.30350529945090027
,,0.2416036943744752,,,0.11558905196350654
,,0.5265658747300215,,,0.12762179558317613
,,0.3533257532689028,,,0.15947063062783093
,,0.11703963406283382,,,0.16373294448494946
,,0.23486943164362523,,,0.2546396201985326
,,0.25629800307219663,,,0.17101198566662545
,,0.13016793687192282,,,0.1953051176207291
,,0.3137472283813747,,,0.09269635627530365
,,0.01645053384044357,,,0.04847088395475493
,,0.30574324324324326,,,0.27992277992277986
,,0.3572952095463193,,,0.2009674582233949
,,0.19656037262629883,,,0.33532542721075725
,,0.035977293648358395,,,0.06685832720465334
,,0.15253360910031025,,,0.28902985074626864
,,0.15233153728464047,,,0.5342366943170694
,,0.2571513706793802,,,0.1780654367546631
,,0.06551374931837657,,,0.016716073781291172
,,0.3054259043173862,,,0.1243517942335615
,,0.23862591911764705,,,0.2012737454705172
,,0.15797453001819284,,,0.11034337254074582
,,0.04146236559139785,,,0.326575499665296
,,0.07094146846911974,,,0.2717536813922356
,,0.2843333333333334,,,0.13801283840357242
,,0.6118466032693145,,,0.21840818094668932
,,0.3333116967415293,,,0.15465755459812808
,,0.06227854182931956,,,0.212516986260003
,,0.06526726313374627,,,0.12754329914242474
,,0.2669389464865431,,,0.16630731637199944
,,0.31297122634251423,,,0.15067561440101565
,,0.3318147304479878,,,0.25329815303430075
,,0.15955866751538297,,,0.09870038637161925
,,0.13373003445036016,,,0.12939714108141703
,,0.17741600995437576,,,0.09074001566170713
,,0.19378352358685186,,,0.38460820895522385
,,0.34552845528455284,,,0.1560800790904597
,,0.2698717948717949,,,0.4678221794254534
,,0.12337094874425321,,,0.14172585517185077
,,0.25775401069518716,,,0.17398394380331159
,,0.2134895820902647,,,0.15406525116519937
,,0.1287520359885209,,,0.2626089343306114
,,0.21760911336810324,,,0.13382560358416992
,,0.19896126071644554,,,0.27297967278135843
,,0.27096599899656515,,,0.25675788072860356
,,0.09613451011060217,,,0.09093991016187813
,,0.10846519805564175,,,0.3071250718253208
,,0.036304238737493215,,,0.20238095238095236
,,0.12674828106657723,,,0.1922215674720094
,,0.21566683192860683,,,0.10159793158987834
,,0.0856379635449403,,,0.08747673491092794
,,0.20667960251661083,,,0.20268213120695902
,,0.24019785257570272,,,0.15194416727038237
,,0.26350230414746545,,,0.1542341955565096
,,0.19256987048398091,,,0.2643130369348467
,,0.13943526532039513,,,0.5098192367775051
,,0.11904883923538155,,,0.16684140297369424
,,0.23731305449936627,,,0.08241816824821409
,,0.29457364341085274,,,0.18789659224441832
,,0.10252100840336136,,,0.19368654822335024
,,0.34021898634157355,,,0.2633807075899607
,,0.15732813861690673,,,0.29452550967608404
,,0.2712689564518877,,,0.23907394283014408
,,0.09133426271529432,,,0.08454786353097052
,,0.14304388422035483,,,0.2181769147788565
,,0.11974904528096017,,,0.27543205027494105
,,0.2451915518054609,,,0.19439492968904734
,,0.17863268806665034,,,0.29502353732347003
,,0.2046305325741609,,,0.22173518742442566
,,0.1864087220263956,,,0.10993115366390722
,,0.14904862579281183,,,0.17369803739762016
,,0.11959266116815351,,,0.1914674167838725
,,0.18898275662539057,,,0.17522658610271905
,,0.19647621676327168,,,0.25967135804288555
,,0.173687950461882,,,0.5048999020019599
,,0.23623678185980598,,,0.2150313152400835
,,0.161470776761261,,,0.2511373976342129
,,0.29447310243183494,,,0.138582526134075
,,0.31740253640206667,,,0.22705450437729457
,,0.09119908391951578,,,0.06208965865541725
,,0.13949731553190478,,,0.25685756914954666
,,0.05242837713333041,,,0.22414129586260734
,,0.410400221575959,,,0.19006772009029346
,,0.3736603088101726,,,0.35640463855178806
,,0.09548590670402901,,,0.08564898351978828
,,0.26154918359219437,,,0.33283317419178826
,,0.12414814814814817,,,0.13856445687338925
,,0.2836089548880639,,,0.1415102074280561
,,0.3027747219166361,,,0.2010366530914476
,,0.217647629676355,,,0.21781600042469607
,,0.13201725524603347,,,0.2821647865200628
,,0.19034852546916892,,,0.16694360277587725
,,0.24135480814779722,,,0.08449361052832348
,,0.24632529541742723,,,0.15181256925755898
,,0.5069761202039174,,,0.2729026036644166
,,0.10827335838481625,,,0.21346179943004479
,,0.3852075471698113,,,0.3971416539453598
,,0.17893355600620303,,,0.264839881148894
,,0.28250384079459784,,,0.22514743049705138
,,0.22907888766448434,,,0.13584807829412143
,,0.19882640586797068,,,0.132621073507773
,,0.40135346173867775,,,0.3046437589197497
,,0.12510578279266574,,,0.30619762409061607
,,0.32831596552167763,,,0.30748940931979857
,,0.10354062884996518,,,0.23022587268993838
,,0.10751982223120043,,,0.06909336029659588
,,0.24437018741827693,,,0.2916666666666667
,,0.1205968558486544,,,0.1386301901435778
,,0.10923705363025432,,,0.03920963260265514
,,0.21221400309650784,,,0.2782195411753953
,,0.16184624606623707,,,0.17791655593941005
,,0.15206142732097547,,,0.20357297219420833
,,0.24898540544759226,,,0.17859067233431122
,,0.09518586796723685,,,0.1247294680487527
,,0.21988103217158175,,,0.2970987189148455
,,0.20321179123356983,,,0.21827861579414373
,,0.13844135397533455,,,0.3156620672960542
,,0.3207354443309499,,,0.39921549791866795
,,0.20721349946918477,,,0.307850863898151
,,0.07808921365470607,,,0.33381078564778344
,,0.16861356932153393,,,0.2331793532837919
,,0.3030122722201562,,,0.24964158823162752
,,0.1954087476915165,,,0.11942138961346929
,,0.2027456319491718,,,0.1732884084421358
,,0.18673093502625598,,,0.3519647447668013
,,0.30547726994240904,,,0.15624245351364405
,,0.13151094983268147,,,0.43444459085518516
,,0.5137705937208579,,,0.15087745954569626
,,0.5169665312439543,,,0.269721767594108
,,0.3670317830849344,,,0.26173351212970863
,,0.07514271958181443,,,0.09826135207620455
,,0.23658202828037098,,,0.461592260170183
,,0.36474076908360437,,,0.1931303472571716
,,0.17620694070943782,,,0.4164936220706022
,,0.17295048284364084,,,0.09543900487379066
,,0.1377154040765669,,,0.0855811062771908
,,0.20681252855474896,,,0.2872741978970073
,,0.26197630059754906,,,0.22880895457509234
,,0.06127498356979936,,,0.2943099397282664
,,0.032328011038833045,,,0.12082670906200318
,,0.27237834590481275,,,0.07294546164102897
,,0.3090662883672943,,,0.25144679343332943
,,0.25459841864336247,,,0.21008556344438375
,,0.10252315554136059,,,0.21786093731554718
,,0.04528475530532698,,,0.28762392781552865
,,0.1088957724357576,,,0.24286134824845454
,,0.07535473205675712,,,0.3536146128119372
,,0.11204546504643534,,,0.21621621621621623
,,0.12522829794256793,,,0.09202498025985213
,,0.1335896596858639,,,0.16247610645493307
,,0.33462999682140854,,,0.42943635577338907
,,0.19890945395898932,,,0.12280902737999773
,,0.07279625348271979,,,0.14283847929277535
,,0.1238174735670562,,,0.22298885434832058
,,0.2616491303414215,,,0.03764611043933898
,,0.12976560293702344,,,0.3792217982096366
,,0.07412024706749022,,,0.2855276527797939
,,0.15603542641058812,,,0.042368421052631576
,,0.11180219219984705,,,0.21257841658064
,,0.2646018553461879,,,0.09921781410753296
,,0.2266560888536295,,,0.23277747402952434
,,0.17264554420878064,,,0.2800296284103535
,,0.09948792977322604,,,0.219611387257117
,,0.2610590292709498,,,0.2605227272727273
,,0.09214330609679446,,,0.09017677332736632
,,0.12121552757793765,,,0.26201214471095735
,,0.08254946480700617,,,0.351907856637282
,,0.20022360942886425,,,0.19189765458422176
,,0.0602396374245399,,,0.3222284659227744
,,0.08221309434901668,,,0.4046825600273434
,,0.15977579221932406,,,0.1837933059307105
,,0.07607414858456675,,,0.13439827047802064
,,0.10213509801473342,,,0.3985379846395855
,,0.12274194801800085,,,0.3096528768426058
,,0.11995071362562892,,,0.2703409705935414
,,0.046710484334120346,,,0.11861167622218112
,,0.12489784799782076,,,0.12830262899101816
,,0.1206246928411511,,,0.16894144285804139
,,0.08601081349822884,,,0.19800355531245725
,,0.29802106921335036,,,0.08349577647823263
,,0.10457379001190727,,,0.24371959942775395
,,0.1820642579734024,,,0.15322119961916852
,,0.1261061946902655,,,0.201859351988218
,,0.11931279029116516,,,0.06861927477732928
,,0.06674303929870001,,,0.16174078091106292
,,0.12808850171529892,,,0.18220904373610078
,,0.0701437578814628,,,0.21544599601025935
,,0.39559791687137663,,,0.15740202349110363
,,0.22671547760939895,,,0.2876931775348662
,,0.23184282124239342,,,0.21751937984496122
,,0.16049200854386095,,,0.39660238260590847
,,0.14610854687251315,,,0.2511204672008692
,,0.14238877663832872,,,0.2630026131669898
,,0.09258358240077848,,,0.23522283559983842
,,0.1460564751703992,,,0.11869610661092239
,,0.27452966714905935,,,0.32121212121212117
,,0.18311844234483476,,,0.17956656346749225
,,0.10036398672519002,,,0.4214309264754368
,,0.1440797036658577,,,0.2169169277303662
,,0.13148273527420445,,,0.06000276510438269
,,0.023491710366015148,,,0.14379237783493104
,,0.2582890733769917,,,0.21950713000138447
,,0.09773909563825531,,,0.21094879953717097
,,0.08919226393629125,,,0.18988102391539477
,,0.0990416866315285,,,0.2861351611351611
,,0.11969075217869532,,,0.2788766882197651
,,0.09749318229494441,,,0.11986176791560568
,,0.0493025493025493,,,0.4065212425765189
,,0.053974027185190364,,,0.20674087335564725
,,0.09302027748132338,,,0.3182958731514602
,,0.09562638991845811,,,0.3732649112475814
,,0.14108443485298086,,,0.2075613655600489
,,0.07302923444431805,,,0.2335668361961424
,,0.06659058487874464,,,0.16128610639132138
,,0.12176380431630836,,,0.18852090514011688
,,0.11697410429230225,,,0.1690392149257205
,,0.10525237347175738,,,0.32818307703520155
,,0.2608619787122666,,,0.24125120737053274
,,0.05797056255457154,,,0.24940933254577674
,,0.1509386982719984,,,0.12682672233820458
,,0.0670492247274697,,,0.18898186889818688
,,0.13751408955835637,,,0.31013248740436644
,,0.14618740910035322,,,0.10537798625504527
,,0.17619685539025595,,,0.24193058787817465
,,0.31705770450221943,,,0.3478860294117647
,,0.06084634003839413,,,0.2642689601250977
,,0.1840668165756505,,,0.1952680903364572
,,0.10028901734104045,,,0.1368976897689769
,,0.10834550296366291,,,0.13680430879712746
,,0.12790945406125168,,,0.13992590481618694
,,0.2200697759823724,,,0.25617960541235163
,,0.16983523447401774,,,0.23952728670253653
,,0.10908516353294359,,,0.24819277108433732
,,0.11369520781285487,,,0.2143088029307187
,,0.09743653250773994,,,0.21795892373825823
,,0.2417330067360686,,,0.22399047309732598
,,0.1257254788160186,,,0.25622307324078514
,,0.20636116973168525,,,0.23691662296801255
,,0.10174398406559049,,,0.1653568060358378
,,0.22294613615775902,,,0.29982683982683983
,,0.16029199955683035,,,0.23515385488815718
,,0.031498710906849005,,,0.4671444188023807
,,0.22349033816425123,,,0.157543391188251
,,0.16329658861131044,,,0.06210790464240904
,,0.4294910179640719,,,0.20536745756687105
,,0.049262813011935414,,,0.1425615472319581
,,0.12861606692873703,,,0.04966376704300081
,,0.10636972728130605,,,0.17448902569107919
,,0.23455503127400415,,,0.29834433341540084
,,0.16264682148300905,,,0.15131286159323543
,,0.1504718629849703,,,0.06574894474654903
,,0.05882972893216981,,,0.13770279039584685
,,0.05274559668456249,,,0.12071253140614854
,,0.08847288113860752,,,0.37894586487644627
,,0.1448438567082635,,,0.12065541211519365
,,0.11713217938630999,,,0.06208192859282429
,,0.23076923076923073,,,0.3260541500221926
,,0.29114102971836464,,,0.10146386093321136
,,0.12366258334625523,,,0.2503526714865103
,,0.09875580567515341,,,0.15418502202643172
,,0.1097975895277089,,,0.23462712603576102
,,0.295390656374102,,,0.19323357189329865
,,0.15406377240759345,,,0.42795773830256595
,,0.1413893435170031,,,0.11988430947216197
,,0.10540589405170855,,,0.10727166957533449
,,0.16075312247561052,,,0.22943655376931482
,,0.071621014818141,,,0.28222737051133545
,,0.18178523976325642,,,0.18546786750114486
,,0.1822712331672145,,,0.13558875219683655
,,0.08030752947402463,,,0.21400282885431401
,,0.3023738379814077,,,0.25320631970260227
,,0.3085975399830991,,,0.2328294250684442
,,0.10470036856713838,,,0.3027743391829899
,,0.12947489145572214,,,0.3529185867895545
,,0.20861196457617928,,,0.1349979192675822
,,0.3434473854099419,,,0.14235909355026147
,,0.1179594998340157,,,0.29641198818066694
,,0.1902441205401055,,,0.1803125728947982
,,0.15414201183431953,,,0.22620069693449824
,,0.148202396804261,,,0.22692087900670163
,,0.10878907895845624,,,0.2074790643950332
,,0.15579598145285933,,,0.15968243575053198
,,0.0933065839868685,,,0.536493374108053
,,0.10004761904761905,,,0.12467689229643497
,,0.1315180541355002,,,0.1680063398618816
,,0.21245421245421245,,,0.2070051463246025
,,0.09809334828746442,,,0.2882483370288248
,,0.12122570273298582,,,0.3999483604441002
,,0.174514663362247,,,0.20543933054393307
,,0.16235710930159725,,,0.36765709768979266
,,0.113052491300807,,,0.11474238771318868
,,0.16587489118268872,,,0.23438572409059713
,,0.07920469361147327,,,0.21941444195367163
,,0.06892612338156892,,,0.19794400699912512
,,0.10570932489020529,,,0.2767748065698385
,,0.07540899795501022,,,0.17123916369199388
,,0.21224554205459994,,,0.28778708876474235
,,0.2452245308310992,,,0.4051264207840408
,,0.1768597471331961,,,0.24110007639419406
,,0.27128883774453394,,,0.12010465901417962
,,0.0914800655379574,,,0.15766021994690937
,,0.15593739916101967,,,0.3250495502363165
,,0.16653484923381118,,,0.1409580080185693
,,0.1842060523631418,,,0.4463484945547726
,,0.1558446709769545,,,0.2526586420474465
,,0.10704554301284547,,,0.15620407306319548
,,0.15091287266004158,,,0.24224478285391993
,,0.22252887662271287,,,0.12572683809277685
,,0.1604220416650622,,,0.2109273369262219
,,0.164129864287321,,,0.12068768562942654
,,0.18482504081198098,,,0.09699069062567656
,,0.21753961267605637,,,0.15594506685941453
,,0.27108803662144815,,,0.37109254100897554
,,0.11202097263542372,,,0.2890496030186306
,,0.23666666666666666,,,0.5752252252252252
,,0.3160460128680055,,,0.12669546317440228
,,0.11761421792128036,,,0.17381874515879164
,,0.3038203486412794,,,0.19681508967223255
,,0.100187617260788,,,0.060203989529740945
,,0.21005992066841084,,,0.20789779326364694
,,0.16501554001554003,,,0.14598540145985403
,,0.16088807785888076,,,0.0839539607312119
,,0.1041452180980764,,,0.4626428483023226
,,0.1955103262496259,,,0.22373090572442522
,,0.15012793242701689,,,0.0785031907261262
,,0.3534452605806226,,,0.16875131606654034
,,0.2949830252734817,,,0.13204373423044574
,,0.09203065611564583,,,0.0975865687303253
,,0.09910394265232975,,,0.5043159822129217
,,0.06494688922610016,,,0.134297404853988
,,0.12162967376731715,,,0.16200828157349895
,,0.22579926478779103,,,0.054701095903297116
,,0.17265719025469212,,,0.12570914002701483
,,0.2029520295202952,,,0.037748388383066385
,,0.1838726932334849,,,0.15053906561959268
,,0.14895588340104055,,,0.12974818608621425
,,0.2308880308880309,,,0.22415611814345993
,,0.12520183170544483,,,0.05229357798165138
,,0.08612137554512467,,,0.22142974258075096
,,0.3020948180815876,,,0.2318462223759768
,,0.3176275537490641,,,0.4332945285215366
,,0.06021382206949217,,,0.33391572456320656
,,0.16888191955396256,,,0.22076575268594187
,,0.3036393264530146,,,0.04844108645753634
,,0.0650311730497197,,,0.4962059279755167
,,0.08320047827819847,,,0.11799951765883127
,,0.40009033423667567,,,0.1542639617473655
,,0.060895756940806706,,,0.2438725490196079
,,0.27991726583275883,,,0.09572423732884938
,,0.05601659751037344,,,0.12128520304963435
,,0.12277787753636202,,,0.08008429926238145
,,0.3365546763523155,,,0.1433608531131751
,,0.17133461222252672,,,0.09793711195673943
,,0.3661522978866152,,,0.0889820638248311
,,0.24854164416117533,,,0.12163725773792304
,,0.1347056401811445,,,0.2326054629412225
,,0.17338003502626972,,,0.14662911459250133
,,0.2585423763807164,,,0.21221798701967648
,,0.39489087030249986,,,0.054028804982483455
,,0.10498254350591356,,,0.20986809965803613
,,0.14980102330869813,,,0.2682034799955669
,,0.03131982358312771,,,0.25232993641668844
,,0.37174940898345155,,,0.15625539257981017
,,0.29342956694873074,,,0.3007032348804501
,,0.1393362044752364,,,0.11377528201560404
,,0.14161302536917833,,,0.13355770809390907
,,0.1028336837889256,,,0.08981440565620857
,,0.04067383353651779,,,0.2913202042304887
,,0.11730769230769231,,,0.07048017460894872
,,0.22860635696821516,,,0.27824793081000654
,,0.24434005852456495,,,0.1422465987605955
,,0.1837752991195335,,,0.17040458567532976
,,0.46450304259634884,,,0.09357728225652755
,,0.10181792559188274,,,0.032118840703308185
,,0.09640705199732204,,,0.03978952643447757
,,0.12041310433532572,,,0.22666600506128118
,,0.15957809503515874,,,0.1468904998092331
,,0.18672792683455422,,,0.14525561214865118
,,0.16467750126968006,,,0.2724058416602613
,,0.33361056242852694,,,0.301795505859585
,,0.0927990927990928,,,0.3272938106972025
,,0.07814692182501824,,,0.2030969169086133
,,0.42563203543089134,,,0.20525653571927863
,,0.09431829352206822,,,0.31891788912173746
,,0.09253752478051544,,,0.10464987237820442
,,0.2321188878235858,,,0.1783246977547496
,,0.0843394038605825,,,0.15235423273969262
,,0.13717495537745425,,,0.36882456203202807
,,0.34063184235220517,,,0.42648005148005147
,,0.16939492043226484,,,0.3667551562180927
,,0.23757919306435477,,,0.17567761365266024
,,0.15523940462669614,,,0.14670557862835334
,,0.2076502732240437,,,0.0644474281216723
,,0.13268121394532228,,,0.04687126345157434
,,0.19265524470469167,,,0.19686333084391336
,,0.2330533815231805,,,0.31560705090116853
,,0.1617931627606966,,,0.12745448054266334
,,0.11216416680402176,,,0.23157894736842108
,,0.1733820511537114,,,0.5019897669130188
,,0.15531457871396898,,,0.02265985497692815
,,0.09970257338678393,,,0.08016440314510365
,,0.10764691418736169,,,0.0896075290348418
,,0.09696362073904326,,,0.3978719478442709
,,0.15338220283938014,,,0.15422818185922615
,,0.10481586402266291,,,0.19107680722891568
,,0.14327474560592043,,,0.13210838469589486
,,0.24590748918328204,,,0.1376727821060568
,,0.11677493312953763,,,0.09834334903362026
,,0.1634898247028007,,,0.08284180528862085
,,0.23758917954815695,,,0.2533449714609131
,,0.26893178443532184,,,0.27711103126122894
,,0.11086727528089889,,,0.17219679633867277
,,0.48800673306214054,,,0.07204893890189563
,,0.09148570673479277,,,0.17303709282620977
,,0.1827485380116959,,,0.1855473710947422
,,0.2925983037779491,,,0.11559152697055573
,,0.19786287105848763,,,0.26353135313531356
,,0.21064214799237052,,,0.09341700213118635
,,0.03371013322567622,,,0.24436179472976183
,,0.24454342984409802,,,0.3121626327703291
,,0.13761351770401545,,,0.06612563871355576
,,0.06761289267015708,,,0.276177148501811
,,0.17486648324971676,,,0.49832811994391113
,,0.22121025007718434,,,0.11827429832087265
,,0.0993892998451746,,,0.17691306234630405
,,0.03781061114842176,,,0.07556519046144318
,,0.24817775687749824,,,0.21523522202319223
,,0.11446413745803703,,,0.025016011652851736
,,0.12772988505747127,,,0.5211286804798255
,,0.18197076718651653,,,0.16180963572267923
,,0.16585365853658537,,,0.32047285009093274
,,0.05061487091782718,,,0.11869727290563076
,,0.16711707784848748,,,0.10049423393739702
,,0.2293504410585405,,,0.09963768115942029
,,0.09263222983257231,,,0.07469956300072833
,,0.15533118828359035,,,0.2613851393969976
,,0.17196652719665273,,,0.22795341098169716
,,0.056731398647174344,,,0.2557987001371415
,,0.10586469637497113,,,0.24747112184298115
,,0.07503409221032031,,,0.30107656221807905
,,0.11883535770326029,,,0.2
,,0.2776926543488058,,,0.11914978545055382
,,0.17040878511596783,,,0.2303688414251099
,,0.06847418987135645,,,0.1824289976793016
,,0.10784434836318715,,,0.06996221662468514
,,0.1198383541513593,,,0.1718652675961861
,,0.09324384481046467,,,0.21835899903753608
,,0.2486679753224902,,,0.23888713745271123
,,0.30557112431341776,,,0.49337572866984625
,,0.12097002484823703,,,0.2284200685571829
,,0.04153011639733303,,,0.20226865671641792
,,0.21377952755905513,,,0.2092247003489607
,,0.24081028792534426,,,0.2281874773558183
,,0.06080684883311833,,,0.29930112427833483
,,0.10454135338345864,,,0.0927651780423423
,,0.11568188537399164,,,0.05776194716533096
,,0.06592338479130933,,,0.22606232294617562
,,0.1463176912470879,,,0.14504176771759633
,,0.17925440255537342,,,0.24182892906815018
,,0.1566655301738834,,,0.18902556146157912
,,0.11153499708578395,,,0.2169371196754564
,,0.08748687019279641,,,0.08464471403812825
,,0.21461027612722822,,,0.1821207798383262
,,0.07684913487807346,,,0.25677275118358756
,,0.10363011081390906,,,0.32194738908519827
,,0.14778225806451611,,,0.12890709204569947
,,0.04641141727759519,,,0.10463283958398992
,,0.04885462769320558,,,0.10474193172550389
,,0.09560868750630522,,,0.17818370447219234
,,0.08540728891534294,,,0.25148861646234677
,,0.23810741687979542,,,0.048574057037718485
,,0.2641350210970464,,,0.17749763035592991
,,0.06931402766826751,,,0.07309438096728753
,,0.13057059558517284,,,0.02785688396416921
,,0.16608053455248814,,,0.18890691543297505
,,0.110547779124876,,,0.04648951937498426
,,0.1019578313253012,,,0.32506757550828536
,,0.22249614791987674,,,0.16741889985895628
,,0.0707617721388416,,,0.15634218289085544
,,0.15484442390634626,,,0.047011575714623194
,,0.06394014649020778,,,0.24118792900871933
,,0.26555141947347183,,,0.053816084101863455
,,0.11130428209682905,,,0.0270320517587566
,,0.1685552407932011,,,0.20261601266350077
,,0.10359608105099087,,,0.06498532272611385
,,0.17364864864864862,,,0.22869285550195265
,,0.138838199513382,,,0.1385634836114069
,,0.10867983115811945,,,0.15024768669969155
,,0.27639563106796117,,,0.15367070563079116
,,0.01243334188838509,,,0.07221259387637205
,,0.08341878589007383,,,0.11373867765905517
,,0.04178494944967379,,,0.14366716280388403
,,0.14839921594250244,,,0.4080826496505621
,,0.29117687925524527,,,0.17148893175346744
,,0.10066739411779634,,,0.09173256649892164
,,0.13432333609995736,,,0.13768630234208656
,,0.07466800300676522,,,0.06246181192023551
,,0.09535349278263619,,,0.2141795665634675
,,0.1315565291468906,,,0.07470372193404264
,,0.10937983696212981,,,0.17205824219264723
,,0.21955021153417947,,,0.14519174648951144
,,0.09956625882048294,,,0.3127284812229977
,,0.08275112560161466,,,0.1490341133855894
,,0.13339751082995255,,,0.1182010831174947
,,0.10038506313244382,,,0.21669106881405564
,,0.06950257566001289,,,0.19448997012043195
,,0.05086185967467833,,,0.06418769366976539
,,0.197837075349712,,,0.1043993482447045
,,0.12171285586138521,,,0.06140495413851815
,,0.09771363992002087,,,0.3094792375765827
,,0.17549065321520918,,,0.1248754566589173
,,0.2442329349366077,,,0.06380077082715684
,,0.18095954530257438,,,0.16645446507515474
,,0.09101818517492846,,,0.300640512409928
,,0.02805769610748864,,,
,,0.05708471302428256,,,
,,0.34194630872483217,,,
,,0.1300728882937444,,,
,,0.19681655873630696,,,
,,0.05710292502745333,,,
,,0.03838838729423081,,,
,,0.12400023352209705,,,
,,0.12644631526562436,,,
,,0.3107357978032361,,,
,,0.20788062164764132,,,
,,0.22478965214115285,,,
,,0.2183800100620493,,,
,,0.1436583261432269,,,
,,0.3570088621514975,,,
,,0.26080416546138274,,,
,,0.27775593131472015,,,
,,0.334158738433468,,,
,,0.2681034482758621,,,
,,0.10232558139534885,,,
,,0.2835487474070528,,,
,,0.043467251856853475,,,
,,0.05655158788956389,,,
,,0.11056288104352757,,,
,,0.0792519165974901,,,
,,0.1072445019404916,,,
,,0.048422083828983276,,,
,,0.03856239395341663,,,
,,0.14643337819650068,,,
,,0.25062291562847394,,,
,,0.05918817637376107,,,
,,0.08228212509814184,,,
,,0.17943836268443597,,,
,,0.26639604980158127,,,
,,0.3481337588455668,,,
,,0.26934504994310277,,,
,,0.2579765913099247,,,
,,0.4114643976712942,,,
,,0.03934924737722366,,,
,,0.05841649064025056,,,
,,0.0991114402073306,,,
,,0.10525067214929622,,,
,,0.07853131404540736,,,
,,0.11651552624347347,,,
,,0.11108121199074322,,,
,,0.22272727272727272,,,
,,0.06883156297420334,,,
,,0.032188740948376544,,,
,,0.4514334617030381,,,
,,0.1027479892761394,,,
,,0.22886218469199957,,,
,,0.11739924167953938,,,
,,0.06492563126945693,,,
,,0.09798357884568945,,,
,,0.21669106881405562,,,
,,0.09259875457527213,,,
,,0.15620742893470166,,,
,,0.06548508215915055,,,
,,0.2903734155532717,,,
,,0.3497305354890494,,,
,,0.26015937691558794,,,
,,0.3894663085367278,,,
,,0.15176655383730447,,,
,,0.249171974522293,,,
,,0.1373269587555302,,,
,,0.35713669685209143,,,
,,0.1897664835164835,,,
,,0.4819906737417591,,,
,,0.35865058424425184,,,
,,0.15599837803394542,,,
,,0.2638030490317264,,,
,,0.3212054894451284,,,
,,0.27700909444778654,,,
,,0.13041633518960488,,,
,,0.11437126951908198,,,
,,0.2483825313384553,,,
,,0.3543234702671646,,,
,,0.08966383914546026,,,
,,0.06252417171586953,,,
,,0.1556668970283345,,,
,,0.4010686782964011,,,
,,0.4235792899661684,,,
,,0.10449152981401853,,,
,,0.23987333421295687,,,
,,0.45871957499864474,,,
,,0.1508440849861994,,,
,,0.31267286899673125,,,
,,0.20403132250580047,,,
,,0.1761413691247344,,,
,,0.24388984509466435,,,
,,0.10410252142797703,,,
,,0.08362427265170408,,,
,,0.2140682414698163,,,
,,0.22623980751236467,,,
,,0.16899901694327182,,,
,,0.1170571182323905,,,
,,0.16079852721205845,,,
,,0.16180016072863648,,,
,,0.08876560332871013,,,
,,0.16593362654938026,,,
,,0.201726942810662,,,
,,0.20507777579116754,,,
,,0.14293386527543347,,,
,,0.19095790210878533,,,
,,0.22862578334825429,,,
,,0.20950208025768355,,,
,,0.22348848997570395,,,
,,0.28906959643583197,,,
,,0.34283985826635555,,,
,,0.33667558822354493,,,
,,0.24499717354437536,,,
,,0.2773613193403298,,,
,,0.21399730820995963,,,
,,0.5082380881698085,,,
,,0.06791725365166457,,,
,,0.1646805455850682,,,
,,0.17566632756866735,,,
,,0.08027006751687922,,,
,,0.20364771422972483,,,
,,0.00468581356779951,,,
,,0.09597809344514804,,,
,,0.034913858819942065,,,
,,0.0981245466791006,,,
,,0.3763717805151176,,,
,,0.3173282116944089,,,
,,0.0944796201028888,,,
,,0.28287335693844884,,,
,,0.2861227299200509,,,
,,0.27572495393269325,,,
,,0.2704931417374265,,,
,,0.10545283610153557,,,
,,0.07981957246518924,,,
,,0.1179440110142267,,,
,,0.1951446398184912,,,
,,0.23952950440474433,,,
,,0.19905213270142183,,,
,,0.304199066874028,,,
,,0.09594673976894459,,,
,,0.20537352297161346,,,
,,0.16129738007985558,,,
,,0.1537882417356786,,,
,,0.20821161960402465,,,
,,0.22937219730941708,,,
,,0.1139159813858609,,,
,,0.3682369213245464,,,
,,0.11267230353843967,,,
,,0.058504688978749025,,,
,,0.07155940896324336,,,
,,0.0743929739969003,,,
,,0.08415543792107795,,,
,,0.22416850020293508,,,
,,0.1627222719713445,,,
,,0.12002359186080802,,,
,,0.2530881141916003,,,
,,0.4635423751870494,,,
,,0.15105588277546328,,,
,,0.09581725159321425,,,
,,0.3302764850807555,,,
,,0.18687455078232984,,,
,,0.07982594068819249,,,
,,0.06574570735069371,,,
,,0.15032115291196632,,,
,,0.10739554131624617,,,
,,0.14890207214552817,,,
,,0.39393055150277206,,,
,,0.044670783543187105,,,
,,0.2805358049771458,,,
,,0.10355003905910945,,,
,,0.21513452338083236,,,
,,0.10382173164797343,,,
,,0.057130119100694224,,,
,,0.23540164517111808,,,
,,0.1344267096207351,,,
,,0.47156084656084657,,,
,,0.07367785824007023,,,
,,0.19048940184219287,,,
,,0.08156977215600421,,,
,,0.05464890728048623,,,
,,0.29343979675165593,,,
,,0.26136572795877044,,,
,,0.22009913655260632,,,
,,0.04109178164367126,,,
,,0.25824895771292433,,,
,,0.13942407292314069,,,
,,0.10010244402165959,,,
,,0.1937933207309389,,,
,,0.3276951395452962,,,
,,0.14830621499066418,,,
,,0.17046799354491662,,,
,,0.26874102740153544,,,
,,0.4831447430457332,,,
,,0.10275397581014846,,,
,,0.32155722682171517,,,
,,0.03983868048912902,,,
,,0.23997489364669783,,,
,,0.1574568860820986,,,
,,0.23906119027661357,,,
,,0.12605654953447465,,,
,,0.1589680905815749,,,
,,0.11185026030906536,,,
,,0.2484098214896382,,,
,,0.32516558452151784,,,
,,0.2361074532525678,,,
,,0.24251664379732685,,,
,,0.24719172163796918,,,
,,0.25366323907455013,,,
,,0.10633164156751808,,,
,,0.029264957264957266,,,
,,0.27977933203209715,,,
,,0.10668774078830387,,,
,,0.09000762776506484,,,
,,0.1948419007242537,,,
,,0.25923228203073784,,,
,,0.15431392187723567,,,
,,0.19623163634883817,,,
,,0.32757429163787144,,,
,,0.2105546647960717,,,
,,0.10323780124180026,,,
,,0.08562095249011405,,,
,,0.15710872162485068,,,
,,0.05171923842000568,,,
,,0.09843903810997048,,,
,,0.04561370303775906,,,
,,0.1371994342291372,,,
,,0.28864247311827956,,,
,,0.24516213675026788,,,
,,0.3141364718328485,,,
,,0.23344600712259309,,,
,,0.06233506486291286,,,
,,0.424690528202543,,,
,,0.17309706000805478,,,
,,0.09431962696057651,,,
,,0.2941441847875124,,,
,,0.10486553470878536,,,
,,0.13030614870079754,,,
,,0.07221569614588577,,,
,,0.18181818181818182,,,
,,0.20019981921118987,,,
,,0.09559613319011814,,,
,,0.029745490710184893,,,
,,0.3217749044960329,,,
,,0.08117622148112859,,,
,,0.058755038065382896,,,
,,0.090562843842573,,,
,,0.16175301241666157,,,
,,0.16347241067390322,,,
,,0.4300227445034117,,,
,,0.07100307727054572,,,
,,0.1465367211973547,,,
,,0.10325833979829326,,,
,,0.0872888888888889,,,
,,0.0463090159785988,,,
,,0.23499442763891099,,,
,,0.40352978757387,,,
,,0.2339418526031102,,,
,,0.028765592999441446,,,
,,0.13423771590819467,,,
,,0.1607388147566719,,,
,,0.24466468048884293,,,
,,0.3940249304625529,,,
,,0.03249223991188545,,,
,,0.11858279103398407,,,
,,0.19757916615723198,,,
,,0.1465772649306097,,,
,,0.2511972955207062,,,
,,0.2537352728230106,,,
,,0.17666239664609293,,,
,,0.2794500488122356,,,
,,0.09286110725683362,,,
,,0.051391504498849126,,,
,,0.20866282870458236,,,
,,0.15693563481335138,,,
,,0.1435589519650655,,,
,,0.06881096757184287,,,
,,0.16146069111211708,,,
,,0.10843989769820972,,,
,,0.19158051597280432,,,
,,0.15891968727789624,,,
,,0.2069882263577668,,,
,,0.1313631663741073,,,
,,0.1898703792606817,,,
,,0.07106153772820438,,,
,,0.2590279867589527,,,
,,0.16286415107019253,,,
,,0.0650486168689229,,,
,,0.39977535856229485,,,
,,0.27378717086590104,,,
,,0.19743541391665095,,,
,,0.2685237690199414,,,
,,0.29477513227513225,,,
,,0.2558779676568414,,,
,,0.30408393714124404,,,
,,0.44709047429254684,,,
,,0.1728856743650859,,,
,,0.18424834010504412,,,
,,0.21925229728516268,,,
,,0.049809185419134094,,,
,,0.2869813113715553,,,
,,0.11696706973914366,,,
,,0.20858680393074402,,,
,,0.1575034719385671,,,
,,0.10777834265378748,,,
,,0.22497939749107224,,,
,,0.34362199273062943,,,
,,0.10777665560525178,,,
,,0.21323652144883992,,,
,,0.453072625698324,,,
,,0.12147626112759644,,,
,,0.35727087576374744,,,
,,0.21796531193373025,,,
,,0.13899874602102827,,,
,,0.22160368268921954,,,
,,0.22345154598439199,,,
,,0.14941543257989087,,,
,,0.3008182951281634,,,
,,0.3759393666902177,,,
,,0.08119263563786455,,,
,,0.07405260106467085,,,
,,0.04397401334688647,,,
,,0.10543011755924613,,,
,,0.0649388299414391,,,
,,0.21084183673469387,,,
,,0.19541104392744163,,,
,,0.03929948047595106,,,
,,0.24470238095238095,,,
,,0.08363555948695267,,,
,,0.25718194254445964,,,
,,0.17001180637544275,,,
,,0.19852274199818581,,,
,,0.16238038277511962,,,
,,0.19128516271373414,,,
,,0.08880933133156253,,,
,,0.23678025851938894,,,
,,0.12662301631339473,,,
,,0.11693174287607688,,,
,,0.25910532647927376,,,
,,0.4701048118151501,,,
,,0.3534759223251938,,,
,,0.18439592937287988,,,
,,0.24706577101941388,,,
,,0.22705376067827093,,,
,,0.042239844635054216,,,
,,0.13108614232209737,,,
,,0.4470215742581548,,,
,,0.15203921835636958,,,
,,0.1701588556641748,,,
,,0.11325976528288667,,,
,,0.1100748493078095,,,
,,0.1726522842639594,,,
,,0.06456376513134764,,,
,,0.13803884414969209,,,
,,0.12293632075471699,,,
,,0.1530974464674224,,,
,,0.1690391459074733,,,
,,0.19503115981429586,,,
,,0.21534320323014805,,,
,,0.13790171739500084,,,
,,0.10843099328706338,,,
,,0.2919762258543834,,,
,,0.19076273835573618,,,
,,0.11148997726803059,,,
,,0.10597602269607395,,,
,,0.17970049916805325,,,
,,0.20752324598478444,,,
,,0.07248394004282656,,,
,,0.15743850904756745,,,
,,0.17299808690899152,,,
,,0.4052129110471283,,,
,,0.28483021263091085,,,
,,0.17930597082540545,,,
,,0.2057017211312457,,,
,,0.22862900100751762,,,
,,0.335533199195171,,,
,,0.17237734519510262,,,
,,0.12300456100342075,,,
,,0.3543589186841819,,,
,,0.24160465560007632,,,
,,0.04988481304270779,,,
,,0.14914378647278292,,,
,,0.24980514419329697,,,
,,0.06253006253006253,,,
,,0.09096185545469318,,,
,,0.40594679186228483,,,
,,0.10076032604972943,,,
,,0.3191156093740587,,,
,,0.22678993764781769,,,
,,0.09885229008989802,,,
,,0.05949024472764181,,,
,,0.26737967914438504,,,
,,0.12401116798510935,,,
,,0.15820016820857863,,,
,,0.1635237068965517,,,
,,0.15568811964375734,,,
,,0.2355575973354772,,,
,,0.08741441147701336,,,
,,0.21781583295778878,,,
,,0.2203908241291419,,,
,,0.09706470980653768,,,
,,0.2780582524271845,,,
,,0.2285262855501293,,,
,,0.19901238438626745,,,
,,0.27636181909045476,,,
,,0.21737336222015888,,,
,,0.12541403191809697,,,
,,0.1740095087163233,,,
,,0.13528220703619337,,,
,,0.1883403248359686,,,
,,0.12050547159979155,,,
,,0.11873299650213759,,,
,,0.17713811237199004,,,
,,0.2972176759410802,,,
,,0.18382904995668495,,,
,,0.25736143981506965,,,
,,0.12619086064911997,,,
,,0.20094177705408617,,,
,,0.2128840691970049,,,
,,0.1339198994458093,,,
,,0.1597062872877467,,,
,,0.1155049786628734,,,
,,0.1540920716112532,,,
,,0.13101826231322633,,,
,,0.05640226944042719,,,
,,0.23628585807750377,,,
,,0.20525310841489633,,,
,,0.13115356355620866,,,
,,0.19326707590373185,,,
,,0.1869380831212892,,,
,,0.21091515729265972,,,
,,0.20197442225712361,,,
,,0.3093458694953391,,,
,,0.13427527873894657,,,
,,0.1828790347439341,,,
,,0.18958989624577324,,,
,,0.13654212511177638,,,
,,0.28633598107148894,,,
,,0.09558751108046884,,,
,,0.1105476673427992,,,
,,0.12244217081850534,,,
,,0.37116463213460904,,,
,,0.136430725790926,,,
,,0.32283877738423195,,,
,,0.20563106796116506,,,
,,0.18365858106875796,,,
,,0.1113933236574746,,,
,,0.21710700715737388,,,
,,0.2030448452755254,,,
,,0.1656996021220159,,,
,,0.3329309188464118,,,
,,0.18771053548611918,,,
,,0.4414748554598015,,,
,,0.1915407854984894,,,
,,0.1353557639271925,,,
,,0.18553419075512545,,,
,,0.10903185895453141,,,
,,0.2737334223833604,,,
,,0.3308560171919771,,,
,,0.23329721921271215,,,
,,0.16019639187029,,,
,,0.2653849965315628,,,
,,0.06206438765350149,,,
,,0.09265014699706008,,,
,,0.2048248133256749,,,
,,0.27198713068251595,,,
,,0.09011533463287849,,,
,,0.308,,,
,,0.1217085446666278,,,
,,0.16304687988984165,,,
,,0.11245546318289786,,,
,,0.5723368183102571,,,
,,0.3834782390819574,,,
,,0.04225352112676056,,,
,,0.15616645356271067,,,
,,0.18406262545162586,,,
,,0.0643326905009148,,,
,,0.04287125452749424,,,
,,0.13995612474801375,,,
,,0.1670514004309018,,,
,,0.3004460190427989,,,
,,0.09866501635575989,,,
,,0.07306273062730627,,,
,,0.08044717229285402,,,
,,0.21022356638794995,,,
,,0.4369151974785778,,,
,,0.15245124840532168,,,
,,0.13321112129544763,,,
,,0.2930442919525889,,,
,,0.22542134831460675,,,
,,0.3728338968723584,,,
,,0.12770155985716972,,,
,,0.09450939182976488,,,
,,0.12767814286337653,,,
,,0.04854058887398607,,,
,,0.11003076923076922,,,
,,0.11201866977829637,,,
,,0.16821587125416204,,,
,,0.24833426738900305,,,
,,0.1543204196190301,,,
,,0.08428184281842818,,,
,,0.06813489332415693,,,
,,0.09525804289544237,,,
,,0.20649316508937962,,,
,,0.3262411347517731,,,
,,0.22851838098774602,,,
,,0.10278570229904346,,,
,,0.20515119406634608,,,
,,0.07293666026871401,,,
,,0.48843622131293357,,,
,,0.1690770444386011,,,
,,0.27054139303997105,,,
,,0.2585468534514045,,,
,,0.1443790041172018,,,
,,0.1878325707507202,,,
,,0.19141868512110727,,,
,,0.07571483523528658,,,
,,0.17281339096845397,,,
,,0.20163362701908957,,,
,,0.379688052092272,,,
,,0.1474840948525159,,,
,,0.22600815586769368,,,
,,0.09145400054490962,,,
,,0.4252940042413727,,,
,,0.3151302605210421,,,
,,0.20198820187896002,,,
,,0.3441266839990546,,,
,,0.17266901344886723,,,
,,0.1644827953552786,,,
,,0.4222653835967158,,,
,,0.165402124430956,,,
,,0.23037569944044764,,,
,,0.6665130851455953,,,
,,0.2271392206775015,,,
,,0.0410413540103385,,,
,,0.09454123112659697,,,
,,0.3668903803131991,,,
,,0.294828588030215,,,
,,0.1678609544137826,,,
,,0.2386734120292299,,,
,,0.13805599392132795,,,
,,0.24652128764278297,,,
,,0.10576677723909161,,,
,,0.0804292284108329,,,
,,0.12103027442519049,,,
,,0.17207321761244343,,,
,,0.1878771623977471,,,
,,0.06874903115796001,,,
,,0.11641929499072357,,,
,,0.15040488517191025,,,
,,0.33022944747401994,,,
,,0.17027009687560143,,,
,,0.3623161071293851,,,
,,0.17986522545339423,,,
,,0.09144623464726317,,,
,,0.31120888955179354,,,
,,0.39327110472869015,,,
,,0.1533967837216935,,,
,,0.5467805051583067,,,
,,0.18952489390332264,,,
,,0.3261600537995965,,,
,,0.2167617749765778,,,
,,0.15318181818181817,,,
,,0.1451113405102492,,,
,,0.1650485436893204,,,
,,0.2632617045572511,,,
,,0.13405205270608733,,,
,,0.1292972972972973,,,
,,0.3807027761599689,,,
,,0.26546926910299,,,
,,0.4173481308411215,,,
,,0.1500301204819277,,,
,,0.20413223140495868,,,
,,0.18277992621238384,,,
,,0.14466454598033546,,,
,,0.18280909374026783,,,
,,0.32806972128742773,,,
,,0.23856057799184885,,,
,,0.2911532665543835,,,
,,0.1373824294576746,,,
,,0.20705025816277253,,,
,,0.23585700068896884,,,
,,0.22854370109783467,,,
,,0.08488643854497513,,,
,,0.3020781791192479,,,
,,0.4401024120738445,,,
,,0.1485888521176514,,,
,,0.10938811574994478,,,
,,0.20482020878979254,,,
,,0.21795880417679875,,,
,,0.2601462484547531,,,
,,0.05544186046511628,,,
,,0.24031103431251544,,,
,,0.12682114610795062,,,
,,0.08763409683966368,,,
,,0.1589515450282554,,,
,,0.2221219979704589,,,
,,0.08964198882723039,,,
,,0.0675298582431075,,,
,,0.14881412024269167,,,
,,0.3305580850787043,,,
,,0.1483431402911118,,,
,,0.2612199527580937,,,
,,0.4779787897691828,,,
,,0.3912616593028964,,,
,,0.09321434882488072,,,
,,0.22856849613835217,,,
,,0.23307888040712468,,,
,,0.25235350624399616,,,
,,0.14972799208704252,,,
,,0.10173253591466798,,,
,,0.09779212664028328,,,
,,0.2786919958860185,,,
,,0.12824616279915618,,,
,,0.11992587874225491,,,
,,0.12962621135209967,,,
,,0.1830549164749425,,,
,,0.443858621363015,,,
,,0.11326878952375621,,,
,,0.13080267402178486,,,
,,0.11377661886136461,,,
,,0.19266121444597234,,,
,,0.10328430830476612,,,
,,0.23686746987951807,,,
,,0.20476507302854607,,,
,,0.09980306206721301,,,
,,0.3043806171830809,,,
,,0.28113253304231844,,,
,,0.2602342211628148,,,
,,0.3117316847864705,,,
,,0.25998313408403195,,,
,,0.207369083409075,,,
,,0.26454925827310766,,,
,,0.17529124898401519,,,
,,0.14186318709901163,,,
,,0.1897632311977716,,,
,,0.2829094742390302,,,
,,0.13501467550820745,,,
,,0.21462737231908655,,,
,,0.12372390674996192,,,
,,0.08494429101990286,,,
,,0.20004460303300625,,,
,,0.23379609913976665,,,
,,0.16748750763921344,,,
,,0.1346847324600944,,,
,,0.10961199294532628,,,
,,0.1035740335521517,,,
,,0.15652750058580653,,,
,,0.26452527161076994,,,
,,0.11739159596230592,,,
,,0.12349018621036738,,,
,,0.09421549739203985,,,
,,0.1798017932987258,,,
,,0.195725165834084,,,
,,0.35383590540690574,,,
,,0.298082836439477,,,
,,0.07162352658888456,,,
,,0.3053551082415496,,,
,,0.29299564701226755,,,
,,0.3168170388995711,,,
,,0.1526342166259475,,,
,,0.2677492692432608,,,
,,0.26249277038750723,,,
,,0.22001791885319336,,,
,,0.3448275862068966,,,
,,0.2711101585940848,,,
,,0.08555265448215839,,,
,,0.19880746900988547,,,
,,0.22678711022322595,,,
,,0.10825556353194543,,,
,,0.11286811779769527,,,
,,0.23815418131405655,,,
,,0.18151268241034849,,,
,,0.27751701478526164,,,
,,0.21561473914629697,,,
,,0.2156004216330171,,,
,,0.05900925421883506,,,
,,0.0751710863986313,,,
,,0.1126120914087359,,,
,,0.08284172210367767,,,
,,0.5018061881576881,,,
,,0.24823363165332077,,,
,,0.18234295415959256,,,
,,0.09163368820021181,,,
,,0.2891195956560344,,,
,,0.3166861143523921,,,
,,0.2730638691761802,,,
,,0.08308355681758427,,,
,,0.22582352701657235,,,
,,0.13845828263054866,,,
,,0.1652507731134255,,,
,,0.24045557309218105,,,
,,0.21694734435723537,,,
,,0.15636343012704176,,,
,,0.12285291775679673,,,
,,0.06298425393651587,,,
,,0.3183955739972338,,,
,,0.06972481671186101,,,
,,0.3310562036995963,,,
,,0.18113612004287247,,,
,,0.27669970682674855,,,
,,0.22439366606534378,,,
,,0.1857804175037121,,,
,,0.35076985826450496,,,
,,0.16032282691678482,,,
,,0.1793707935514165,,,
,,0.3689822500319244,,,
,,0.2075137052563689,,,
,,0.07735282672744455,,,
,,0.13950836289913837,,,
,,0.08985748658152878,,,
,,0.10853835021707671,,,
,,0.22022596777180958,,,
,,0.08850589950947899,,,
,,0.1370455243450117,,,
,,0.2403427903655132,,,
,,0.0805541810984661,,,
,,0.06938917628332669,,,
,,0.2978087068160598,,,
,,0.0880277478770482,,,
,,0.08727930953068024,,,
,,0.2016207771919547,,,
,,0.16660802251935258,,,
,,0.33180652253572734,,,
,,0.0973851030110935,,,
,,0.22107858243451464,,,
,,0.4043262318651157,,,
,,0.2869225485145114,,,
,,0.17740206755869034,,,
,,0.16609375,,,
,,0.15922469490308686,,,
,,0.27043285852579174,,,
,,0.2174273858921162,,,
,,0.09944793163427362,,,
,,0.17219934448272964,,,
,,0.09263775033724188,,,
,,0.3178102551399554,,,
,,0.15528046421663444,,,
,,0.14285714285714285,,,
,,0.055920908413345606,,,
,,0.14209928003031452,,,
,,0.16156917630593173,,,
,,0.3422035749180988,,,
,,0.11756160091155106,,,
,,0.12507848800703253,,,
,,0.2281898470596683,,,
,,0.286579183685293,,,
,,0.1724459516744383,,,
,,0.3073968480240754,,,
,,0.20185480365164468,,,
,,0.08098710990502035,,,
,,0.19586555621653778,,,
,,0.09122181169575741,,,
,,0.1329398538504778,,,
,,0.21282516258129064,,,
,,0.17967732237699166,,,
,,0.08133600816527646,,,
,,0.18653272753088174,,,
,,0.2792115423694371,,,
,,0.12255476704720764,,,
,,0.5069941623526819,,,
,,0.24613247458483298,,,
,,0.30176200582399687,,,
,,0.15841482945445873,,,
,,0.35616292672551314,,,
,,0.3198741478762454,,,
,,0.1590266472453089,,,
,,0.1666583078389087,,,
,,0.31850947564236715,,,
,,0.15360691800045514,,,
,,0.2077943642794281,,,
,,0.27983143236681784,,,
,,0.18035743564518772,,,
,,0.2734845706501807,,,
,,0.4055194716215846,,,
,,0.13092153000932932,,,
,,0.11634897081763879,,,
,,0.32389417114510133,,,
,,0.4492702344095533,,,
,,0.19744483159117307,,,
,,0.3841623036649215,,,
,,0.22505523528963606,,,
,,0.5312732380401554,,,
,,0.08489802525089027,,,
,,0.18967065160894017,,,
,,0.20746313978204395,,,
,,0.18132611637347767,,,
,,0.1789240234654457,,,
,,0.22788131436978912,,,
,,0.0559576684761748,,,
,,0.2628535599832799,,,
,,0.14255937342091965,,,
,,0.6641011544804838,,,
,,0.10749052156983298,,,
,,0.18751123090745733,,,
,,0.27810885975367505,,,
,,0.2689617486338798,,,
,,0.18727758007117437,,,
,,0.6811126479176273,,,
,,0.2672728436959723,,,
,,0.33696678396704144,,,
,,0.23704699886749717,,,
,,0.4899020121175855,,,
,,0.23735106677750067,,,
,,0.2386347981815677,,,
,,0.3004369562650081,,,
,,0.2764794247297264,,,
,,0.17023943838535788,,,
,,0.32701421800947866,,,
,,0.15503100620124025,,,
,,0.08213856257515494,,,
,,0.35990732309800494,,,
,,0.23224412638401298,,,
,,0.17532923491394753,,,
,,0.22523442577290873,,,
,,0.1399956924402326,,,
,,0.09930389384381119,,,
,,0.18545962199312716,,,
,,0.16866267465069862,,,
,,0.28636417486079846,,,
,,0.3085781780599439,,,
,,0.20270077775561948,,,
,,0.2742711151187256,,,
,,0.1843659670730175,,,
,,0.3706666666666667,,,
,,0.1981828160253674,,,
,,0.01855943437914273,,,
,,0.28658971918134224,,,
,,0.05643080638963605,,,
,,0.30184088023698685,,,
,,0.32231351491233745,,,
,,0.3641826923076923,,,
,,0.35683723367097453,,,
,,0.41481382266273775,,,
,,0.12055568636684719,,,
,,0.2010911074740862,,,
,,0.12434335228811265,,,
,,0.16257849293563578,,,
,,0.11608146067415731,,,
,,0.1446540880503145,,,
,,0.134940671547589,,,
,,0.2684697767289889,,,
,,0.14844039612349733,,,
,,0.29395679518731205,,,
,,0.13091433872796618,,,
,,0.22809425760695495,,,
,,0.19687674288901283,,,
,,0.15816655907036797,,,
,,0.39856686939242486,,,
,,0.07573300062383033,,,
,,0.11154181606744838,,,
,,0.276827790494143,,,
,,0.2509289076046569,,,
,,0.10612244897959185,,,
,,0.14927585813661762,,,
,,0.44630196936542665,,,
,,0.3768692715870719,,,
,,0.2635148417534893,,,
,,0.2222222222222222,,,
,,0.15322446258956843,,,
,,0.09194389863811911,,,
,,0.26503814863212916,,,
,,0.13681465923082495,,,
,,0.20102599773932703,,,
,,0.17765173000567214,,,
,,0.1778997438712038,,,
,,0.44289010672050766,,,
,,0.3189727365776496,,,
,,0.31956633970056786,,,
,,0.3406662230398872,,,
,,0.14587697276899214,,,
,,0.17869415807560135,,,
,,0.06212864892792559,,,
,,0.24854230296299237,,,
,,0.38148544116722216,,,
,,0.4188867229802903,,,
,,0.10428436911487758,,,
,,0.1657427592650265,,,
,,0.07689545501179851,,,
,,0.13012061284363796,,,
,,0.2111340494768886,,,
,,0.24289016179278464,,,
,,0.24115560937635153,,,
,,0.10772713242103096,,,
,,0.17994990687817095,,,
,,0.19875975622794825,,,
,,0.3108079176317172,,,
,,0.10089516301287403,,,
,,0.11226397457468687,,,
,,0.34526907463308004,,,
,,0.42068397198187063,,,
,,0.16689556338448677,,,
,,0.14501404494382023,,,
,,0.13932501834189287,,,
,,0.171298672728606,,,
,,0.2002321239339961,,,
,,0.04399759100642398,,,
,,0.15070542562257364,,,
,,0.35163509110655244,,,
,,0.2086838534599729,,,
,,0.20799248094127473,,,
,,0.21179274292742925,,,
,,0.1807383100902379,,,
,,0.12870996179841318,,,
,,0.2937196834311974,,,
,,0.3830158430780838,,,
,,0.3275664408546118,,,
,,0.6573500390105098,,,
,,0.15075838823349164,,,
,,0.10840737302744993,,,
,,0.22821989311901905,,,
,,0.1217183770883055,,,
,,0.28371238226510453,,,
,,0.13520830536537343,,,
,,0.234510186994139,,,
,,0.02232963442031452,,,
,,0.12035024529590758,,,
,,0.13037710820541973,,,
,,0.12339823008849558,,,
,,0.18573832562053008,,,
,,0.10419357616464306,,,
,,0.3343582362946487,,,
,,0.17034385635488794,,,
,,0.23925613934894346,,,
,,0.21257928745035273,,,
,,0.29625577437393635,,,
,,0.24602324869990824,,,
,,0.19662819605196002,,,
,,0.24299740109731444,,,
,,0.15694682675814753,,,
,,0.12888516657360877,,,
,,0.25109893418438006,,,
,,0.2563746100637461,,,
,,0.28851337642387176,,,
,,0.29393655467808866,,,
,,0.17576587369501967,,,
,,0.1873257287705957,,,
,,0.17016806722689076,,,
,,0.15893716437687425,,,
,,0.08285479901558654,,,
,,0.27024095009706517,,,
,,0.1423821398883743,,,
,,0.4322171525790735,,,
,,0.13708481613285883,,,
,,0.16713185218265042,,,
,,0.18135683760683763,,,
,,0.2330471689013215,,,
,,0.27488999925423224,,,
,,0.12781448024807873,,,
,,0.31702544031311153,,,
,,0.08171409468889725,,,
,,0.4275603217158177,,,
,,0.09826187717265356,,,
,,0.07214861988747917,,,
,,0.168938228182018,,,
,,0.27129851461427884,,,
,,0.3308242689937549,,,
,,0.19681545288436442,,,
,,0.2557389593353738,,,
,,0.047814994650646044,,,
,,0.12092790148206488,,,
,,0.11798962903869166,,,
,,0.3087457831931927,,,
,,0.04139226303722133,,,
,,0.22424511545293072,,,
,,0.4026167112696997,,,
,,0.2307352811369053,,,
,,0.32164076643621736,,,
,,0.09052201606203268,,,
,,0.15673406919580743,,,
,,0.4472640761300555,,,
,,0.21644685802948022,,,
,,0.26152118515959055,,,
,,0.188575849397202,,,
,,0.2316742081447964,,,
,,0.2608403759576653,,,
,,0.2619251958694388,,,
,,0.12952924393723253,,,
,,0.305514086202745,,,
,,0.2609283120027672,,,
,,0.22358554873892297,,,
,,0.17018172171375512,,,
,,0.4484178208840666,,,
,,0.11763852625471424,,,
,,0.21127848590189263,,,
,,0.06124637315503974,,,
,,0.3958983504235399,,,
,,0.10275330396475771,,,
,,0.37755067962462013,,,
,,0.27425014148273913,,,
,,0.2164337145277425,,,
,,0.17961042246395142,,,
,,0.06600626705751543,,,
,,0.1853592480484308,,,
,,0.29740425246495406,,,
,,0.07979695431472081,,,
,,0.17950977512320898,,,
,,0.2818362888717553,,,
,,0.02785388127853881,,,
,,0.22069693769799367,,,
,,0.10051237326937754,,,
,,0.2558139534883721,,,
,,0.06532958010790524,,,
,,0.3055673009161381,,,
,,0.17918757302907418,,,
,,0.17684636242474377,,,
,,0.328969379591243,,,
,,0.2964771538193233,,,
,,0.2829301845695288,,,
,,0.3179334514074688,,,
,,0.266420834293616,,,
,,0.158219868885527,,,
,,0.13195412986207966,,,
,,0.1625704936294646,,,
,,0.3084377962709365,,,
,,0.40656941550064507,,,
,,0.30409080160794516,,,
,,0.07005421910783143,,,
,,0.30154471544715444,,,
,,0.42504221954161636,,,
,,0.1866422410503015,,,
,,0.08586133518087792,,,
,,0.271600777705768,,,
,,0.10507025045815517,,,
,,0.32958963282937365,,,
,,0.3397265663420872,,,
,,0.09887658042040161,,,
,,0.24201428034573472,,,
,,0.08223225276979892,,,
,,0.23090762454246544,,,
,,0.14059420948916174,,,
,,0.10061368285476173,,,
,,0.2665526960218084,,,
,,0.4152369948004321,,,
,,0.11962568618059904,,,
,,0.14838530838530842,,,
,,0.34335570469798654,,,
,,0.35691768826619963,,,
,,0.07801152602726891,,,
,,0.19786527939725537,,,
,,0.10634648370497427,,,
,,0.5055021228663028,,,
,,0.1079246935201401,,,
,,0.29423652089564306,,,
,,0.10820528185592604,,,
,,0.14654774719360295,,,
,,0.2608778808453668,,,
,,0.21277437215740558,,,
,,0.13582877183781836,,,
,,0.1382427130044843,,,
,,0.06924121285261729,,,
,,0.04593793584379359,,,
,,0.04646079249632367,,,
,,0.27225425397271835,,,
,,0.14355172579791076,,,
,,0.07038071952497381,,,
,,0.13883007826438615,,,
,,0.08184113865932048,,,
,,0.30053503849667235,,,
,,0.3489491150442478,,,
,,0.4198705748001523,,,
,,0.2615535369051087,,,
,,0.2598560859430425,,,
,,0.20194659102024845,,,
,,0.43826824334837405,,,
,,0.12291175314465409,,,
,,0.16179744017807457,,,
,,0.16027152554483745,,,
,,0.20088782879480555,,,
,,0.2951536016949153,,,
,,0.2031685236768802,,,
,,0.34662756598240474,,,
,,0.3259848948765054,,,
,,0.4748218911917098,,,
,,0.21656966035511677,,,
,,0.3661854813583965,,,
,,0.14732787674530573,,,
,,0.6344008636200072,,,
,,0.29966517857142855,,,
,,0.18868287675627124,,,
,,0.2986890231373032,,,
,,0.07644580620451935,,,
,,0.4156529294935452,,,
,,0.4474229653171204,,,
,,0.13278899871078642,,,
,,0.18706860121143823,,,
,,0.2742562315733047,,,
,,0.0599911288534043,,,
,,0.2110751377034016,,,
,,0.1300294184204571,,,
,,0.1165945165945166,,,
,,0.19594767070835992,,,
,,0.1371345624936335,,,
,,0.2014756367884894,,,
,,0.20963583628746374,,,
,,0.37975695554844896,,,
,,0.09967895878524946,,,
,,0.41800993818931037,,,
,,0.12775266151378153,,,
,,0.12088143813590595,,,
,,0.16371869799125283,,,
,,0.08401445409963004,,,
,,0.4707588461741285,,,
,,0.14681811768025962,,,
,,0.19710087891906075,,,
,,0.4149553365871627,,,
,,0.11881313131313131,,,
,,0.14679079848283336,,,
,,0.11703947368421053,,,
,,0.30999894414528556,,,
,,0.27662400921046804,,,
,,0.17924861618183957,,,
,,0.42523050326546297,,,
,,0.3126775568181818,,,
,,0.18656626141656082,,,
,,0.2018072289156627,,,
,,0.3683098591549296,,,
,,0.13369214208826696,,,
,,0.09645509486154125,,,
,,0.2749639009219149,,,
,,0.24267748478701825,,,
,,0.12342649542687785,,,
,,0.3178983290185926,,,
,,0.20753168297327465,,,
,,0.2839788133534185,,,
,,0.11275874285135888,,,
,,0.3001061696354842,,,
,,0.16658593407607317,,,
,,0.08650301231903607,,,
,,0.300539188872392,,,
,,0.10506242461779182,,,
,,0.12613033467916848,,,
,,0.4071109742958289,,,
,,0.10080805404689364,,,
,,0.2582895600787919,,,
,,0.05065243941633991,,,
,,0.08783024170882518,,,
,,0.18883925876742924,,,
,,0.14467510623229463,,,
,,0.07730487653555031,,,
,,0.2560483870967742,,,
,,0.09778003728181664,,,
,,0.3854380621857072,,,
,,0.20580485882035643,,,
,,0.2701132733081615,,,
,,0.2922051490790679,,,
,,0.03908955962394854,,,
,,0.20222547584187409,,,
,,0.1251088534107402,,,
,,0.06694855532064835,,,
,,0.19336472134019492,,,
,,0.37315146505005975,,,
,,0.45503259801732604,,,
,,0.206643347307148,,,
,,0.34425373134328363,,,
,,0.15338930985050175,,,
,,0.08205226748654881,,,
,,0.36394313215688445,,,
,,0.3516995614035088,,,
,,0.16210303990344724,,,
,,0.37089570552147233,,,
,,0.0971327202954167,,,
,,0.08661087135044467,,,
,,0.0635084574012004,,,
,,0.024927720188985262,,,
,,0.13515418502202645,,,
,,0.2479102507699076,,,
,,0.29220884401490205,,,
,,0.05326082071104319,,,
,,0.2512054457785762,,,
,,0.19937032664305393,,,
,,0.14963811625718088,,,
,,0.05646939121587247,,,
,,0.1167181192115887,,,
,,0.16289798570500325,,,
,,0.21057825143082695,,,
,,0.12802033771807073,,,
,,0.25506638714185886,,,
,,0.2837817220159691,,,
,,0.093510903358102,,,
,,0.16756756756756758,,,
,,0.18878005342831702,,,
,,0.12293817491396701,,,
,,0.32391728144948584,,,
,,0.04966949952785647,,,
,,0.141305630976272,,,
,,0.09440255220417634,,,
,,0.12483514253829767,,,
,,0.11851495469489215,,,
,,0.13883485205283097,,,
,,0.045887931474022335,,,
,,0.2149173394848135,,,
,,0.20861865841985125,,,
,,0.13415730337078652,,,
,,0.049047115840104946,,,
,,0.3109666937449228,,,
,,0.5067179638946433,,,
,,0.24892593229077162,,,
,,0.039903956094214495,,,
,,0.11417793725273713,,,
,,0.3111745644711091,,,
,,0.1762748978818377,,,
,,0.27050716123090607,,,
,,0.3155191974682033,,,
,,0.12697483908718551,,,
,,0.09824540674661784,,,
,,0.16132275723382863,,,
,,0.27972737441793916,,,
,,0.3543840628811492,,,
,,0.32428548618872743,,,
,,0.13192182410423453,,,
,,0.1473536866795294,,,
,,0.4208473290714054,,,
,,0.4244836583963557,,,
,,0.5128022252335782,,,
,,0.06135365978153605,,,
,,0.17996661101836395,,,
,,0.3087530966143683,,,
,,0.1747802983854486,,,
,,0.2321193756789206,,,
,,0.2402565094809,,,
,,0.15086931001679924,,,
,,0.2236887942713373,,,
,,0.2023002513519689,,,
,,0.159841075794621,,,
,,0.18885354787408204,,,
,,0.09123196448390677,,,
,,0.13192349332370984,,,
,,0.0384556551534249,,,
,,0.07862456278634415,,,
,,0.40080589849108367,,,
,,0.2960363612058018,,,
,,0.21587566303013456,,,
,,0.22209131075110455,,,
,,0.16585453889189677,,,
,,0.11220645988619059,,,
,,0.18592415442432525,,,
,,0.15839464882943144,,,
,,0.05902270614792192,,,
,,0.17461515242982192,,,
,,0.14032188972523102,,,
,,0.20877431026684756,,,
,,0.33095115204933756,,,
,,0.3807543807543808,,,
,,0.08280630292635867,,,
,,0.08502562898618773,,,
,,0.2052799402487719,,,
,,0.18774851610672502,,,
,,0.10357460616527973,,,
,,0.09457032499323444,,,
,,0.1949850355127384,,,
,,0.10781699456190817,,,
,,0.2101624732427975,,,
,,0.33962509763082527,,,
,,0.07140651536205032,,,
,,0.32532875929102345,,,
,,0.14851900149031297,,,
,,0.25831592479511495,,,
,,0.10064626496863714,,,
,,0.1042189281641961,,,
,,0.43079237713139423,,,
