,Source,SS,DF,MS,F,p-unc,np2
0,Layer,143.07320862331423,2.0,71.53660431165711,162.45573708868105,8.444236455806723e-71,0.01355044931779277
1,Genotype,11.246602286357064,1.0,11.246602286357064,25.540422022458998,4.3643812719944957e-07,0.0010786316034372152
2,Layer * Genotype,3.6592052538925706,2.0,1.8296026269462853,4.154928042782588,0.015698370659981243,0.0003512001717617474
3,Residual,10415.48505523058,23653.0,0.44034520167549906,,,
