,Source,SS,DF,MS,F,p-unc,np2
0,Layer,387.8380910453128,2.0,193.9190455226564,569.7764723138636,2.1147784710754493e-242,0.045963517640673454
1,Genotype,37.312512902102604,1.0,37.312512902102604,109.63230515716243,1.3419764156704238e-25,0.0046136431246032086
2,Layer * Genotype,10.075810131847259,2.0,5.0379050659236295,14.802464443745095,3.761760733221573e-07,0.0012500706310131782
3,Residual,8050.116855686441,23653.0,0.34034231833959505,,,
