,Source,SS,DF,MS,F,p-unc,np2
0,Layer,173.2802516373991,2.0,86.64012581869954,203.06170678317318,3.630501275166529e-88,0.016880224877076917
1,Genotype,0.13993442860926789,1.0,0.13993442860926789,0.32796955963091584,0.5668625814967636,1.3865683511977358e-05
2,Layer * Genotype,1.8375230332166874,2.0,0.9187615166083437,2.1533357659196817,0.11611899983574105,0.00018204403365247923
3,Residual,10092.000744275812,23653.0,0.42666895295631896,,,
