,Source,SS,DF,MS,F,p-unc,np2
0,Layer,186.60700850483855,2.0,93.30350425241927,131.69464952936212,1.3238563824618609e-57,0.011012920711618055
1,Genotype,34.809475994685876,1.0,34.809475994685876,49.13236408590769,2.4568690597506957e-12,0.002072909024858638
2,Layer * Genotype,9.980044964787663,2.0,4.990022482393831,7.043243093899697,0.0008751225422420934,0.000595193083695381
3,Residual,16757.7634624437,23653.0,0.7084836368512959,,,
