,Source,SS,DF,MS,F,p-unc,np2
0,Layer,1979.1251610037905,2.0,989.5625805018952,973.8655817215996,1.9777187351367124e-274,0.5574931419518951
1,Genotype,26.350004221176835,1.0,26.350004221176835,25.932025619044555,3.970463174438626e-07,0.01649691284127393
2,Layer * Genotype,2.1059736340671926,2.0,1.0529868170335963,1.0362837473052922,0.35501694916201476,0.00133880512976521
3,Residual,1570.9187984151126,1546.0,1.0161182395958037,,,
